,Country_Name,Year,Life_Expectancy,Health_Expenditure,GDP_Per_Capita,Primary_School_Enrollment,Secondary_School_Enrollment,Tertiary_School_Enrollment,Unemployment,Education
0,Russian Federation,2008,67.94926829,0.1049247665304494,0.19535657879360846,0.4999226170467944,0.47630733022339594,0.5677487451788128,0.16207870435768243,0.5146595641496677
1,"Yemen, Rep.",2004,62.931000000000004,0.0171335761026513,0.028834236349172336,0.3861737379317628,0.24899916210427508,0.07233100968083406,0.43265971523585794,0.23583463657229065
2,Indonesia,2002,66.321,0.00831894580739496,0.045389085736468084,0.6252020639516287,0.3080305328709624,0.10919103866595202,0.17284796849068984,0.34747454516284765
3,"Iran, Islamic Rep.",2002,70.921,0.05310651163082743,0.11109397134900671,0.5590141493003546,0.4400659584463604,0.14176701776834127,0.3400818871077411,0.38028237517168545
4,Indonesia,2014,70.48100000000001,0.03094427560119603,0.07794939183203209,0.5861292579665346,0.47342430530123136,0.23198945474036098,0.10387612676777007,0.4305143393360423
5,Kyrgyz Republic,2006,67.69512195,0.016648324610804777,0.01434772062227567,0.5257933022108982,0.49806961242089526,0.32884922732805805,0.21781436055281303,0.45090404731995054
6,Seychelles,2011,72.72439024,0.07107966278784658,0.1832039142175716,0.6307656139403055,0.406623815538251,0.0154575595116728,0.10553334947676656,0.3509489963300764
7,Kenya,2009,59.931999999999995,0.011491941291532394,0.013437137448717835,0.5642051034159192,0.3054303277294102,0.026700891652554636,0.2537118904698093,0.29877877426596133
8,Ukraine,2002,68.27560976,0.025843851574735364,0.04124267493101102,0.7775286809456157,0.6100298237476719,0.4278749476521933,0.26816806166566426,0.6051444841151602
9,Russian Federation,2013,70.57878049,0.1326379957853261,0.20831146888506424,0.5221124327595961,0.5706426327747817,0.5902938619678381,0.1419086058818153,0.5610163091674053
10,Bangladesh,2006,68.21300000000001,0.002287036808585568,0.011646141939966935,0.5489889947629412,0.24560921318487158,0.05240015457101659,0.09151441532184222,0.28233278750627644
11,Nigeria,2011,51.346000000000004,0.01515512006358921,0.03779304376444623,0.42971657731745194,0.23282108000215943,0.07386756279600168,0.09634843733136464,0.24546840670520434
12,"Venezuela, RB",2002,72.46600000000001,0.0531710965748646,0.10518407012737148,0.592305981539799,0.3807811904885193,0.2912584656934146,0.4310402922771744,0.4214485459072443
13,"Iran, Islamic Rep.",2010,73.905,0.11710095006920021,0.14616158541655833,0.5310878398071317,0.45985090005580576,0.33328093465406494,0.35951514479866686,0.44140655817233415
14,Pakistan,2004,63.736000000000004,0.006016701829963801,0.024782171057760868,0.29201117482962047,0.0975973215333628,0.02209657391998691,0.19433250651770562,0.13723502342765673
15,Kazakhstan,2015,72.0,0.0752193966099708,0.19131576710883993,0.6426604503037943,0.6524155265467259,0.35009823989275257,0.1276656541771276,0.5483914055810909
16,Pakistan,2009,64.969,0.008641925575615406,0.028425602847259472,0.36093877099215715,0.1505157928989293,0.04810900797395979,0.009041860183503874,0.18652119062168207
17,Moldova,2011,70.119,0.043890380949298036,0.03610695438611079,0.4594891100249515,0.5060677610012132,0.29725083970155336,0.17495863171179402,0.420935903575906
18,Timor-Leste,2010,67.186,0.00838337381375134,0.06958419555321495,0.7548017544198159,0.341914338658282,0.13170425839487887,0.08369523023330688,0.40947345049099226
19,Latvia,2016,74.5804878,0.15903967331939597,0.19287210733755247,0.5163134842334772,0.6588671097639512,0.6113130325588096,0.25486979062754234,0.595497875518746
20,North Macedonia,2001,73.47,0.04894719893925473,0.06386485952981727,0.4794805186892018,0.46649146184321116,0.1824884224355069,0.8183557793247304,0.3761534676559733
21,Uzbekistan,2010,69.672,0.01973270813619651,0.02963151202869487,0.46282784933274973,0.5200136147524086,0.06778453398547814,0.13927163142721238,0.3502086660235455
22,Latvia,2009,73.0804878,0.10198215495233687,0.1501079000284111,0.5540864190886076,0.5818991711189937,0.5537005320856954,0.46733458268949835,0.5632287074310989
23,"Egypt, Arab Rep.",2009,70.15899999999999,0.04086268540237985,0.0755739045769414,0.5384927384933479,0.3728044283719049,0.22924020287140692,0.23985760393513444,0.3801791232455532
24,Brazil,2002,70.813,0.07658787340174539,0.09133428334795443,1.0,0.6504254188879156,0.15415383662112153,0.2475283320270595,0.6015264185030124
25,Tajikistan,2006,66.771,0.005914145278811681,0.009226328276547832,0.5297517144589339,0.4626542766025413,0.1614107993372737,0.05398125233529151,0.38460559679958295
26,Brazil,2003,71.17,0.07473093709742422,0.0912147191958796,0.9361915603835839,0.5977657885406273,0.17339371594340208,0.26426521950383985,0.5691170216225377
27,Senegal,2011,64.898,0.008689501032451604,0.01704549688403539,0.3923136995246331,0.2059943535847375,0.07232734686053569,0.2742247464354393,0.22354513332330206
28,Jordan,2008,73.09899999999999,0.0805550052490492,0.07484665851125727,0.41861537321026543,0.4943070853807902,0.3102232519495361,0.33738281429526773,0.4077152368468639
29,Lithuania,2012,73.86341463,0.15421905447123996,0.1957198975013371,0.5432842868937448,0.6256643008269239,0.6048025220959635,0.3553261994417933,0.5912503699388774
30,Jamaica,2001,74.139,0.03256700869169706,0.061043145607927465,0.4828020956359874,0.4854742814488436,0.1307275826240689,0.39757192279017595,0.36633465323629993
31,Georgia,2003,70.34899999999999,0.024798563327453973,0.03153662936275706,0.594621580094911,0.5563063140423327,0.34612705591050996,0.30526398121450604,0.49901831668258456
32,Indonesia,2007,68.105,0.018530195998962398,0.0567125840843908,0.6189547614381044,0.3947385799686216,0.13201865047048925,0.21215170787699977,0.38190399729240504
33,Uzbekistan,2003,67.868,0.010151350219185151,0.017069279485839438,0.49685167150225495,0.570295264758264,0.10312166912279117,0.002699062798951297,0.39008953512777006
34,Morocco,2007,73.009,0.02830571657073834,0.04308914027354757,0.6031465005539688,0.3011729956881649,0.08758970857380766,0.25263226650002935,0.33063640160531377
35,Botswana,2001,50.281000000000006,0.05333112629970182,0.08248325975318539,0.640398065223065,0.4580246904779233,0.05679164718249757,0.49500809752734515,0.3850714676278286
36,Lithuania,2002,71.76097561,0.06276994778223671,0.11222010188138204,0.5559758020864964,0.6005074035724857,0.47750768887027634,0.3456959420826079,0.5446636315097527
37,"Venezuela, RB",2000,72.112,0.05563311754368429,0.11640234383313064,0.5391277458508216,0.3294115527473473,0.21488690737093744,0.37220072018850286,0.3611420686563687
38,Moldova,2014,71.267,0.04997004779980129,0.04196389114035053,0.45401787119698833,0.5034844706082265,0.31283026429690336,0.09868852356879441,0.42344420203403943
39,Morocco,2003,70.399,0.01753399709040622,0.036687475811571044,0.5752668036270469,0.23036429378235235,0.07920803109978622,0.31633013364565843,0.29494637616972846
40,Jordan,2010,73.428,0.07666366156536547,0.072776193619227,0.34079533833716014,0.4565623100128637,0.2797140955092602,0.33198469431141525,0.35902391461976135
41,Mauritius,2015,74.35317073,0.11416457648967493,0.15237324038218023,0.5541107916722945,0.5686089096915095,0.2817391009729671,0.1945916080480286,0.468152934112257
42,Bulgaria,2009,73.41219512,0.09229632534172266,0.11971627050709809,0.6228458444237053,0.5126947780282731,0.41009172617732204,0.17858616884512776,0.5152107828764335
43,St. Lucia,2007,74.426,0.06266686940313948,0.09197746486653842,0.5301547760616546,0.5076666259891808,0.062208119007473375,0.3724706326519503,0.36667650701943627
44,Kyrgyz Republic,2000,68.55853659,0.0049215522958215565,0.011471202825129657,0.4872360779232121,0.4868305720924406,0.2663915023790018,0.19811119050640236,0.41348605079821815
45,Thailand,2001,70.832,0.021050242491617733,0.0730481106486028,0.49482834084652083,0.34497396392466506,0.2943745337534995,0.06477749869977471,0.3780589461748951
46,Burkina Faso,2003,51.956,0.0011493280900687968,0.003997140304888644,0.00969368739927273,0.015836222720188396,0.00844600575551163,0.06963581308202021,0.011325305291657586
47,Jordan,2002,72.083,0.06035142014364067,0.05902107073145109,0.492066622457508,0.4873223959501556,0.2222553571799214,0.40755845100863286,0.40054812519586164
48,Pakistan,2007,64.42,0.010461097597735678,0.028431437016921742,0.35286880542858695,0.1508075561098178,0.03907756144075815,0.0053360469161981465,0.18091797432638765
49,Brazil,2005,71.896,0.08925760688292592,0.097639873454899,0.8622377281502329,0.5940284716047062,0.19455138692690596,0.25284009339916286,0.5502725288939484
50,Benin,2002,56.025,0.003585782599486853,0.008571759828816273,0.48548896988259527,0.10391896578172291,0.036837975754571504,0.013225406389621644,0.20874863713962988
51,Philippines,2001,68.835,0.00790819172463579,0.02975061289324096,0.6130552760042773,0.42188701064611683,0.22782887242518993,0.09441860590338971,0.4209237196918614
52,El Salvador,2005,70.124,0.04281299877363337,0.043448553355475324,0.7093473936060558,0.3766654627599777,0.17135123577452166,0.18947418568470062,0.4191213640468517
53,Indonesia,2000,65.77199999999999,0.0067294742110431465,0.04276257339283926,0.6134071551812558,0.2945216110539761,0.10975076339279718,0.15863739803328067,0.33922650987600966
54,El Salvador,2011,71.449,0.049619153843585076,0.04851455884916888,0.6682770512829627,0.4010101928534086,0.20368913155751667,0.1105886863027712,0.4243254585646293
55,Hungary,2008,73.70243902,0.14665647941228238,0.19314212427179706,0.5309644536022171,0.5600098662885886,0.5035576668323076,0.2055875924370899,0.5315106622410378
56,Tajikistan,2001,62.806999999999995,0.0023018650874969434,0.004790962922317691,0.4813408576915305,0.42300079175280936,0.12828295530992953,0.05668031230022712,0.3442082015847565
57,"Congo, Dem. Rep.",2012,57.913999999999994,0.0,0.0,0.5802158598495197,0.21771789452727525,0.059293734990067654,0.11566022662694352,0.2857424964556209
58,Argentina,2006,74.62,0.11462962909041881,0.13414840220598703,0.699156099289844,0.5326009744061709,0.5072272786099842,0.2665999130682639,0.5796614507686665
59,Philippines,2002,68.88,0.007451860113844355,0.030282173249179218,0.6058896348479204,0.45078615020387464,0.22652025356483987,0.30526398121450604,0.4277320128722116
60,Georgia,2014,72.707,0.07129934458406294,0.0675846306653058,0.5678437270554975,0.5691499224157424,0.31886819463250315,0.4652778837963926,0.4852872813679143
61,Honduras,2013,74.051,0.033992677689753954,0.02854423786699339,0.46201847644948335,0.33671418760504074,0.14613264171146498,0.10515548236534973,0.3149551019219963
62,Tunisia,2003,73.842,0.03549793261736612,0.06227414619206048,0.6622619991814874,0.4390571654342123,0.2057311538738598,0.3862358578955761,0.43568343949651983
63,Paraguay,2008,72.251,0.03451349082131027,0.06976969801778077,0.5677840142254648,0.36808573198185573,0.25618085663599255,0.11377089106985934,0.397350200947771
64,Latvia,2006,70.86585366,0.08899087886289632,0.1599755546326319,0.5677339488764748,0.6113541643106454,0.5654644425614835,0.18433786996445228,0.5815175185828679
65,Saudi Arabia,2014,74.533,0.27702583206514664,0.41105532560441355,0.7177341012051228,0.701242767405811,0.4410828487218589,0.1489882473441656,0.6200199057775976
66,"Egypt, Arab Rep.",2001,68.796,0.03268433168412986,0.05799649220492084,0.4632060305896237,0.4772839139250571,0.22328033639341618,0.24453507367671287,0.38792342696936566
67,Romania,2006,72.16341463,0.05687390151209177,0.12555453878202574,0.5838525539928895,0.480787859176747,0.396658409041794,0.19081022135304138,0.48709960740381014
68,Slovak Republic,2005,73.90487805,0.10893302548547747,0.16194286951012823,0.5063517999660815,0.5420909260410073,0.3041598344893601,0.4333641748814833,0.450867520165483
69,Guatemala,2015,73.25,0.04108851632812396,0.05522343529574472,0.5398142402913336,0.2888199798306206,0.1624533295646982,0.06224578261061962,0.3303625165622175
70,East Asia & Pacific,2003,72.06752842,0.03219091808207209,0.061679931218100406,0.5896588863963408,0.35653245152839014,0.15583004155164393,0.11304627603964361,0.3673404598254583
71,Slovak Republic,2000,73.05121951,0.05873794124729247,0.1249197651921532,0.5396230170618241,0.49244380593248843,0.21303497016632866,0.5090863757007827,0.4150339310535471
72,Mexico,2001,74.658,0.05084387042823015,0.12689490678233536,0.6165826997307845,0.41349872112187436,0.15848245081748044,0.06310408536713896,0.3961879572233798
73,Uzbekistan,2000,67.156,0.008294105077108501,0.015202467582984528,0.5213493677853345,0.5086345902978948,0.09597474363310263,0.005398125193043213,0.3753195672387773
74,Mauritius,2007,72.57073171,0.04614268349114881,0.11268842365314516,0.560884237336158,0.5103645607891113,0.1842272700634034,0.22335551916519453,0.4184920227295575
75,Seychelles,2015,74.29512195,0.08571019379237306,0.2024881556875168,0.5688622979487424,0.46537722708425844,0.10596729895084617,0.10664535472081559,0.38006894132794905
76,Argentina,2003,74.107,0.08564951356183635,0.10675811447123551,0.6716493028933305,0.5530034015494559,0.4935796864870013,0.4091778742372227,0.5727441303099292
77,Latvia,2015,74.4804878,0.13912760928986176,0.18707933330264545,0.5182914209520946,0.6657360530607239,0.563200895925845,0.261080324877999,0.5824094566462211
78,Serbia,2003,72.43658537,0.05696819095449278,0.0726011154133244,0.5352701751677901,0.5097942550903511,0.29851237605931813,0.4048593781961594,0.44785893543915306
79,Benin,2011,59.59,0.005391247243572486,0.009344750521915317,0.7552404609261785,0.25596421487278204,0.09432945054032704,0.06603256834840017,0.36851137544642915
80,Hungary,2009,73.90487805,0.14946621498831592,0.18029011360913405,0.5353567993923103,0.5613511216001275,0.4892425257099462,0.2653286529849336,0.5286501489007946
81,Pakistan,2011,65.562,0.007845187654523782,0.028408148247510565,0.3300727216965757,0.15642221571411255,0.05952693454906409,0.01608641286096321,0.1820072906532508
82,Tunisia,2005,74.217,0.04055000840196233,0.06785470899950645,0.6422389061584441,0.48597699296080754,0.23862015149424753,0.3420306054148863,0.4556120168711664
83,Armenia,2010,73.331,0.03269533110410735,0.050277552053986214,0.5149571499513058,0.6162011146754498,0.40058136589010807,0.5076396698036537,0.5105798768389546
84,Mozambique,2015,57.206,0.0038504837864317748,0.003789074241033316,0.6120830130200373,0.15513546348128474,0.0470428983408645,0.08708255276946913,0.27142045828072886
85,Morocco,2010,74.382,0.03573906165598088,0.04821016912449243,0.6230212254738183,0.34775258401947706,0.10739160188561989,0.23994666528016473,0.3593884704596384
86,Kyrgyz Republic,2001,68.70731707,0.005177982630342767,0.012223823984282104,0.4861484513761879,0.49305519956454574,0.30704255037293615,0.20620838332971883,0.42874873377122324
87,Slovak Republic,2004,73.95853659,0.09758183833962868,0.15134243799791472,0.5015513149516662,0.5374973080598907,0.2707977988891887,0.4966113042482858,0.4366154739669152
88,Algeria,2001,71.116,0.03039095039963605,0.08151650977291432,0.5652937454872639,0.38358560395470714,0.11568003005954526,0.7314459320918186,0.35485312650050543
89,Peru,2001,71.505,0.024006626620778324,0.04762014954589243,0.6944231466427273,0.48142543502497465,0.22713934650402118,0.2072880072994987,0.46766264272390773
90,Malaysia,2005,73.555,0.046938007632460005,0.14964845370707874,0.5243715681625002,0.4603193284183784,0.2092725669410933,0.08987878225228772,0.3979878211739907
91,Slovak Republic,2007,74.20731707,0.15215235442180777,0.19572538677311688,0.5549198598982649,0.5359957190780413,0.37920362045367695,0.29536921680445427,0.4900397331433277
92,Morocco,2006,72.403,0.024225037944920445,0.04197592035009831,0.5840907959984281,0.2815486469788931,0.09097835151109651,0.25560122602689345,0.31887259816280583
93,Jordan,2000,71.73,0.05370581191488768,0.05461742446205428,0.4692495173720668,0.47049753533967315,0.20404892734307561,0.3643734398556244,0.38126532668493857
94,El Salvador,2015,72.41199999999999,0.05582217163927761,0.052591736236312456,0.5514409782342673,0.4258103898162586,0.2096637256254571,0.10251849503621843,0.39563836455866097
95,North Macedonia,2009,74.484,0.07001489063405454,0.08626854004708166,0.3972433592325886,0.46259180220554075,0.29609102291582473,0.8631440487507742,0.3853087281179847
96,Latvia,2005,71.35609756,0.07960476148585455,0.14099337252300542,0.5736441988680967,0.603064770979165,0.5717422876266268,0.2653988207841091,0.5828170858246295
97,El Salvador,2012,71.692,0.049934123249322004,0.04980124428850958,0.6502636808897618,0.41342386849891205,0.2100539686047463,0.09832954981429796,0.4245805059978067
98,St. Lucia,2004,73.96600000000001,0.05266140661979889,0.0880342020580466,0.5447150591085931,0.41615783624980984,0.1022830358919761,0.5605952741841047,0.35438531041679305
99,Ghana,2015,62.772,0.023122036891328118,0.025829348884934298,0.6091258061993698,0.3776666732986307,0.11596160936998272,0.1783054712246033,0.3675846962893277
100,Kyrgyz Republic,2005,67.95609756,0.013826101774078252,0.01395018105190489,0.5127941847015325,0.4987017444419984,0.3211679116185881,0.2134958388436649,0.4442212802540397
101,Mauritius,2009,72.88243902,0.06135606623403794,0.12241439796352667,0.5527698933597912,0.513062754818905,0.24167089925901142,0.19047554639503692,0.4358345158125692
102,Tunisia,2000,73.172,0.028363834619960473,0.05752144866814516,0.6729652193075548,0.42029300621808197,0.1427609393180561,0.39784180934262287,0.41200638828123104
103,Poland,2003,74.59756098,0.07177536313923565,0.12643096140290785,0.4839009945029669,0.6225633932048465,0.45013589063306964,0.5173995037580291,0.518866759446961
104,Latvia,2002,70.96097561,0.05631428855542771,0.10356891154117281,0.5652792234894838,0.5551487878962468,0.5136720872337283,0.36785254579538595,0.5447000328731529
105,Mauritius,2004,72.27674797,0.03691680518397897,0.10079343036922188,0.545189816728326,0.49441298077985557,0.1322470425778441,0.2196335281217873,0.3906166133620086
106,Malaysia,2007,73.931,0.0613960947373708,0.1619541877112354,0.5036347646471612,0.43968495535510904,0.22519278644170437,0.08178159587973073,0.38950416881465816
107,India,2000,62.505,0.00594131343898344,0.016801744240055778,0.46627423421849823,0.22838468493299657,0.06878761258593893,0.06830248017395116,0.25448217724581124
108,El Salvador,2016,72.64399999999999,0.05847612323772059,0.05376623851433805,0.5224259251172677,0.4169144634126537,0.2092672253281582,0.11385455982285576,0.38286920461935986
109,Morocco,2004,71.067,0.019646122757639516,0.038207959094775264,0.5797470938232764,0.25224115557932986,0.08056312199267193,0.2869103474663696,0.30418379046509275
110,Belize,2008,71.059,0.033616634074087624,0.06053501998778512,0.6496870661807045,0.4222855765605914,0.14197076214743828,0.2153852001228152,0.40464780162957803
111,Morocco,2005,71.74600000000001,0.02101684192399214,0.03912782067955712,0.5846631455053404,0.26388789967493226,0.08617204450082475,0.2917686684343277,0.31157436322703247
112,Thailand,2009,73.766,0.04243577440809526,0.09979139515978888,0.5160573689999016,0.4613462027134757,0.37321361201698083,0.03481790716179449,0.4502057279101194
113,Kyrgyz Republic,2011,69.60243902,0.018696151075957377,0.01856534119853107,0.521244261018185,0.5046501624949994,0.3114943269018279,0.22483190363030225,0.4457962501383374
114,Argentina,2005,74.45100000000001,0.10464836973956539,0.12503928867922914,0.6798189929451526,0.5387391487189411,0.4843494556438566,0.3051533236983024,0.5676358657693167
115,Philippines,2006,69.233,0.015758151294208374,0.03547308894208591,0.5645167678298144,0.4642730374824996,0.20869063636618923,0.10397598611741515,0.4124934805595011
116,Honduras,2014,74.278,0.03374712655720916,0.028975276827464955,0.4426365854822675,0.258249650153098,0.1482431892908902,0.18563072632691846,0.2830431416420852
117,Russian Federation,2015,71.18341463,0.1324867147471185,0.19963733099251507,0.5150375794774721,0.5997808470737582,0.606225680399394,0.14496394974249463,0.5736813689835415
118,Tunisia,2002,73.638,0.032750206580339114,0.0596997330652649,0.6696880207735654,0.44229617776584174,0.17390780803403003,0.38731548183836534,0.42863066885781237
119,Bhutan,2010,68.384,0.018047744339530176,0.05121213359699383,0.6078716336638189,0.34953900181337777,0.05152702978239185,0.08421074985896905,0.3363125550865295
120,Kyrgyz Republic,2003,68.25609756,0.008930216235786674,0.013118088243472775,0.4920979006065727,0.5196234090010182,0.3089095204025195,0.2623488824169826,0.4402102766700368
121,Colombia,2004,74.02600000000001,0.03822705162650964,0.06987493480913681,0.7233023226056732,0.45025544186669875,0.21093487688650506,0.3648322858882756,0.46149754711962565
122,Bulgaria,2010,73.51219512,0.10508676141933786,0.12222060367091743,0.6090557350212703,0.5223138909423856,0.4372555830538398,0.27204930768330593,0.5228750696724985
123,Malaysia,2001,72.782,0.03627630558989227,0.12850272386893818,0.5049050840194046,0.43594109286514526,0.18697461421345207,0.08987878225228772,0.37594026369933403
124,Indonesia,2009,68.85300000000001,0.01896878755794519,0.06173428688122333,0.6112720152978585,0.4212236414265135,0.17165486831550555,0.1594039303147104,0.4013835083466258
125,Bulgaria,2011,74.16341463,0.11085420473522556,0.1255145409406404,0.5608579352562626,0.5451848344567816,0.4466683444418534,0.2985055139992549,0.5175703713849659
126,Kyrgyz Republic,2010,69.3,0.016971569086944888,0.01747172483975525,0.5189796417839513,0.5051512538203192,0.31794394297721357,0.22780088890622302,0.44735827952716134
127,Ghana,2013,62.06399999999999,0.0220707699602968,0.025686633226684793,0.5864075116302925,0.3767479626639006,0.10177237769537789,0.05324980403442142,0.35497595066319027
128,Paraguay,2000,70.546,0.0257749571313274,0.0610193398983426,0.7151070413409796,0.3361799148572477,0.1174714544204747,0.20000053893801492,0.3895861368729006
129,El Salvador,2000,68.875,0.039202306748584916,0.04113467434510065,0.6476890220805454,0.3155829357017265,0.15956794287465464,0.182456629732683,0.3742799668856422
130,Uzbekistan,2013,70.41,0.02961827008452234,0.036567197397655675,0.5004482524349735,0.5324814046318286,0.05793589698195816,0.12577631864703406,0.36362185134958674
131,Ukraine,2011,70.80926829,0.05508032789246787,0.06351705073774466,0.5308766107485126,0.5435515567044912,0.6234397148616492,0.20651606960548802,0.565955960771551
132,"Egypt, Arab Rep.",2013,70.928,0.0455923562746146,0.07767944269514444,0.5761872748709522,0.4581080328789013,0.22605332028555347,0.3496311655726827,0.42011620934513566
133,Rwanda,2014,66.884,0.009504422660009686,0.00809562486862364,0.9345972887531696,0.19740217977318814,0.05259001075648228,0.02616201219505683,0.39486315976094666
134,Moldova,2000,67.006,0.008869934240201046,0.01763612428279323,0.5384298775379224,0.4663540700157826,0.24445761872726765,0.22294256807321802,0.4164138554269909
135,Lithuania,2005,71.25365854,0.08001050682717005,0.14941532982059194,0.5533396025034707,0.6148008845700619,0.6046360163898999,0.21928804228463963,0.5909255011544775
136,Middle income,2012,70.34163834,0.04456030774997009,0.07205499108506548,0.5707369558439871,0.4131124686258958,0.21719814697921105,0.11708309599602455,0.40034919048303136
137,Slovak Republic,2006,74.20487805,0.12906976187260125,0.1761239768415491,0.5304283583135391,0.5382438252580748,0.33792317783847203,0.3555421087917133,0.46886512047002854
138,Ukraine,2008,68.25146341,0.044844280694191246,0.06757790863198809,0.4931273376100448,0.5606392115886637,0.6162301398831073,0.16634052024701268,0.556665563027272
139,Hungary,2000,71.24634146,0.07909468761645191,0.14466766076275028,0.5358253623136895,0.5605830883233084,0.2704891299702945,0.17174404567043675,0.45563252686909744
140,Belize,2006,70.286,0.02871453017981008,0.061138814771879636,0.6634261962622613,0.4344380133115831,0.12610434031995957,0.24804385807649054,0.407989516631268
141,Indonesia,2016,71.035,0.03442289718410294,0.0841968517003483,0.5814223027420172,0.4881339150365051,0.26664583946347004,0.11068046322862037,0.44540068574733077
142,Dominican Republic,2012,72.523,0.06758241618995856,0.09263156279927132,0.6052505653931654,0.44323407141043936,0.3673096035485403,0.1760328631165307,0.47193141345071504
143,Philippines,2009,69.667,0.020202036831701305,0.03829590688096555,0.6032731364367081,0.4827154276310909,0.2136284996721776,0.09873440558095947,0.43320568791332553
144,El Salvador,2001,69.16199999999999,0.03948060947102247,0.04123460021213906,0.652805741368297,0.32654861813957087,0.153277964717273,0.182456629732683,0.377544108075047
145,Uzbekistan,2011,69.91,0.022072196242684347,0.03155629304455258,0.468986090363385,0.5222467504078496,0.06357351158244827,0.12847537861196967,0.3516021174512276
146,Grenada,2015,72.445,0.0646969532367416,0.09834387270738938,0.7128545068461573,0.6618216821283239,0.7258971162615792,0.612687189882687,0.7001911017453534
147,South Asia,2010,66.84876853,0.01136028049005093,0.02927816063919438,0.5857677313085133,0.31572791000265,0.11666532871980767,0.051975452363867525,0.3393869900103237
148,Latvia,2001,70.76097561,0.050287670307517976,0.09512660656812466,0.5591003673151468,0.5393557269482598,0.48072547650239733,0.3676420159470464,0.5263938569219346
149,Ukraine,2009,69.19,0.04617015505028962,0.05700906314202386,0.49217538511221043,0.5553138525115584,0.6217207838191251,0.23319900889007555,0.5564033404809646
150,Albania,2000,73.955,0.023815620808292005,0.039710927199959,0.5670657338737277,0.39821977779982676,0.11478569143669244,0.44804436370807355,0.3600237343700823
151,Cabo Verde,2015,72.117,0.032069690477703465,0.0444451760116316,0.5802737447357759,0.55144432834547,0.1722190952589675,0.8397512430782063,0.4346457227800711
152,Botswana,2000,50.629,0.046339120939924316,0.08394427837372613,0.6303555452197747,0.4587036134893112,0.05233643675957614,0.4232130116743896,0.380465198489554
153,Georgia,2009,71.18,0.053694225522389706,0.048770389458972274,0.5619831362031374,0.5541234689803278,0.21662041338589885,0.5535831110130554,0.4442423395231214
154,Ukraine,2005,67.95682927,0.03926818381827746,0.05511064698055418,0.5898777613375675,0.5571243786827248,0.5327463765550199,0.18839456168793012,0.5599161721917708
155,Romania,2003,71.3097561,0.038675974360925,0.09751710339169412,0.5723399609835557,0.4688562862690932,0.28719723737883696,0.1821840274374735,0.44279782821049524
156,"Iran, Islamic Rep.",2007,72.626,0.08160472885460252,0.14086512098563905,0.5282429499762876,0.44371027666890406,0.23445285400852947,0.2807025160031753,0.402135360217907
157,China,2010,74.40899999999999,0.036603924830840455,0.07371442904234639,0.5139338060937553,0.5090102143694872,0.1808834203660134,0.10526343704030973,0.401275813609752
158,Cameroon,2014,57.083,0.013089915126900694,0.020355250901504026,0.6593038783889316,0.3102907580470945,0.12046504692683273,0.08998134436220452,0.36335322778761964
159,Georgia,2015,72.973,0.07041790916793146,0.06958302390655892,0.5524148660574199,0.5814682662791009,0.3509194747271504,0.4401064258589915,0.4949342023545571
160,"Yemen, Rep.",2008,64.892,0.021349840627474248,0.030275412672150184,0.4252413647428236,0.21635790985812936,0.07890989278924987,0.39865154673296516,0.24016972246340093
161,Ukraine,2010,70.26536585,0.05203232042315986,0.059682226691007076,0.512453374739645,0.556983163214816,0.6080372502719645,0.21322595212927423,0.5591579294088085
162,"Iran, Islamic Rep.",2008,73.027,0.08629428849910563,0.13963339954942033,0.536095187125589,0.4626135127065731,0.2839762447789549,0.277463618263807,0.4275616482037057
163,Kazakhstan,2016,72.3,0.08480382415570457,0.1906697827237645,0.624839014007127,0.6715253039777981,0.3519495666273117,0.12847537861196967,0.5494379615374122
164,Slovak Republic,2002,73.60487805,0.07204576467102057,0.13568338861493523,0.5193772195553427,0.5075014965664033,0.24102822691415932,0.49989339400611327,0.42263564767863504
165,Armenia,2013,74.056,0.06475508741442848,0.058781413220551776,0.5087062931026605,0.49426100727262906,0.34524408729233336,0.4312805004775676,0.44940379588920765
166,Kyrgyz Republic,2004,68.15365854,0.010805817591869799,0.014210931388736454,0.5049429630765513,0.5096851841254633,0.30744988651361776,0.22483190363030225,0.4406926779052108
167,Ukraine,2013,71.1595122,0.06258479668370147,0.06399537110205464,0.5358445557233428,0.5631149863959409,0.6078855484646067,0.1881246621260017,0.5689483635279635
168,Brazil,2004,71.531,0.08264521901565883,0.09558305759786768,0.8666466269867465,0.6010214563909592,0.18311735920424005,0.24035691363886008,0.550261814193982
169,St. Lucia,2005,74.122,0.054907782032110705,0.08673197405366728,0.5540690536227308,0.4423854824536703,0.09631752256602541,0.49932659329850215,0.36425735288080885
170,Saudi Arabia,2013,74.402,0.23009806055174187,0.40793387643169904,0.6911618918405668,0.680815454195671,0.3948351639295224,0.14493966382053108,0.5889375033219201
171,Thailand,2007,72.916,0.03610042789138317,0.09980360103170716,0.5384614603442832,0.45178612940067814,0.37040621287579006,0.026450811564665142,0.4535512675402505
172,East Asia & Pacific,2009,73.75912511,0.0542313688463693,0.08732678803563801,0.5461640092087746,0.4668402742237184,0.198958749546726,0.11015668233927729,0.4039876776597397
173,Mauritius,2010,72.96731707,0.07036301516630947,0.12771368622227702,0.5527449114615123,0.5159676846644993,0.2533232463332116,0.2011854277240021,0.44067861415307436
174,Belize,2001,69.04,0.022268646051876468,0.053445352131518825,0.6504184467961732,0.3950661817080799,0.10814011447534372,0.23940684040725108,0.38454158099319896
175,Thailand,2010,74.184,0.04307996616120509,0.10717919458186015,0.49254605148911423,0.4717812416216099,0.3806311283562117,0.011376548997577845,0.4483194738223119
176,Saudi Arabia,2009,73.75,0.18520133675083655,0.36747073464208513,0.5718714996146086,0.5518735481912529,0.23706192669231455,0.13981144339860702,0.4536023248327254
177,Uzbekistan,2015,70.928,0.035553849689757236,0.041359287013778855,0.5237611364935775,0.5328110154027257,0.058984760836148606,0.1336035990069031,0.3718523042441506
178,South Africa,2012,60.06,0.09553587980054158,0.0968149791729573,0.5572457152490118,0.5780525887957872,0.14231064134762483,0.6621232247872552,0.42586964846414127
179,Algeria,2009,74.64399999999999,0.0642204515893616,0.10051698819745984,0.6499607499850211,0.5394984329878816,0.22446251164471617,0.26882662645158684,0.47130723153920623
180,Sudan,2009,62.33,0.027227577443972705,0.02232465107175958,0.24365505482308045,0.21185236522299183,0.1151659379689173,0.3454800070915936,0.19022445267166319
181,Romania,2009,73.3097561,0.08643136845458209,0.14559190517080675,0.5228290882724205,0.5551629159237842,0.5196482837855493,0.17972787835223097,0.5325467626605848
182,Hungary,2002,72.34878049,0.10247667663476695,0.15837454897526812,0.5144552778322212,0.5862640835534142,0.33618852719216746,0.14597070304486476,0.4789692961926009
183,Bangladesh,2005,67.773,0.0018255436604756698,0.010770660684463583,0.5411863152004696,0.24193495391314285,0.04542171881505321,0.10931203343847266,0.27618099597622187
184,Malawi,2005,47.843999999999994,0.0021838079015519215,0.0013528686515472648,0.8340089955144291,0.11931417369735861,0.0,0.020013548987957604,0.3177743897372626
185,East Asia & Pacific,2012,74.56212675,0.0723280623166713,0.10499876878266723,0.5532973566917468,0.4851613261966489,0.2431409874475148,0.09931345352783433,0.4271998901119702
186,North Macedonia,2005,73.986,0.05837133214363978,0.07277455239664034,0.4590112042798258,0.46592621112678095,0.21917172034122837,1.0,0.3813697119159451
187,Lithuania,2003,72.06097561,0.07295640637033378,0.12573574293943846,0.5545433034803036,0.6181898613774789,0.5275688274457567,0.3420926908712378,0.5667673307678465
188,Malaysia,2003,73.17,0.044475143057589,0.13794475042259516,0.49775640211919614,0.47485992028292867,0.2297839027594467,0.09203803024582871,0.4008000750538572
189,North Macedonia,2008,74.324,0.06720832664748488,0.08667758826490704,0.39915853654821254,0.46401134493572765,0.2955050479768412,0.9058404580559825,0.38622497648692705
190,Uzbekistan,2016,71.171,0.03992587656905902,0.04337607136551336,0.5404215238348636,0.5377407897087818,0.06081243185628069,0.13387349856883152,0.37965824846664203
191,Algeria,2002,71.605,0.031344412431402846,0.08525128053282206,0.5766754374117128,0.40386340634131984,0.12878491430831912,0.693659066563757,0.3697745860204506
192,Philippines,2003,68.937,0.009670286064761146,0.03130984904840844,0.6043640126615573,0.4643398539797066,0.21807394257430335,0.08980590513411846,0.4289259364051891
193,Tunisia,2001,73.415,0.03029825465877416,0.05935465675988972,0.6752358301352779,0.4329368131745283,0.16178326237636453,0.38326687261965525,0.42331863522872365
194,Kazakhstan,2014,71.62,0.0660885958868037,0.19184631605498687,0.6517422843000956,0.628371308672062,0.3686474486625212,0.1311744386038959,0.5495870138782263
195,Serbia,2007,73.63170732,0.10423459702368927,0.10101699378869848,0.5352387954662933,0.517612368530765,0.36245636665319564,0.4820525581219669,0.47176917688341796
196,Lithuania,2010,73.26829268,0.1348216594000887,0.17074474211725357,0.5287328389083926,0.6185017797102212,0.6568522668584357,0.4754155848891756,0.6013622951590164
197,Kyrgyz Republic,2014,70.40243902,0.02617917954134452,0.020714294334399478,0.5835305312309272,0.5263697365725575,0.34629585087926,0.21187641572303753,0.4853987062275816
198,Latvia,2012,73.77804878,0.11397756023778884,0.16870963449431728,0.5351022074452151,0.6267744527155334,0.5047763939778351,0.40072170747047536,0.5555510180461946
199,El Salvador,2013,71.935,0.05352501485181757,0.050791121074112704,0.622869912350096,0.4376842192719128,0.21257894903918115,0.09426745907501735,0.42437769355373
200,South Africa,2016,63.153,0.10639415630258336,0.09649416511514437,0.5567968534994461,0.6321670819421061,0.15585384309210404,0.7112218560895371,0.44827259284455206
201,Mauritius,2006,72.43219512,0.04358633014855503,0.10677571218662694,0.5644156216075142,0.5048341508903152,0.17630832888707645,0.23860253428650902,0.4151860337949686
202,Malaysia,2000,72.594,0.03374699385285133,0.13077900218511337,0.5110292034328785,0.4392860654033057,0.19169782098820448,0.07557375148802682,0.3806710299414629
203,Argentina,2001,73.755,0.10614058321902968,0.11279898566445244,0.6894768323359192,0.5652117023359398,0.4465375512336989,0.46207950114524055,0.5670753619685193
204,Malaysia,2006,73.744,0.05636481595803865,0.15513121699093307,0.5111940230300607,0.4542908083376879,0.2130072700878222,0.08421074985896905,0.3928307004851903
205,Kyrgyz Republic,2002,68.15609756,0.005814830282972246,0.012054900363079522,0.48447151606610256,0.48712466837209684,0.3292918181141115,0.333334230717652,0.4336293341841036
206,Tajikistan,2000,61.974,0.0016800138702897068,0.004014953762772207,0.48852721554402156,0.4099246541922233,0.13248092891564645,0.06747656511546984,0.3436442662172971
207,Paraguay,2003,71.249,0.022606116585492518,0.05950680845863735,0.6506323162180251,0.3595722344337491,0.1859966411937864,0.1785132981507274,0.39873373061518685
208,Kyrgyz Republic,2015,70.65121951,0.023256504868347315,0.021189108612811234,0.5793932851500895,0.5277808543321945,0.3523444644407301,0.1986510025047876,0.48650620130767136
209,South Asia,2000,62.82398278,0.005610627750317363,0.016564199967573707,0.4315723568186874,0.2168811687715376,0.05880016745956551,0.08203447504521831,0.2357512310165968
210,Uzbekistan,2006,68.676,0.012367109631120383,0.021480976905177907,0.4858779156972642,0.5117318038944233,0.07469154474562324,0.0,0.3574337547791036
211,Hungary,2004,72.64878049,0.12558015188948024,0.17414934259963163,0.4990676471215472,0.5594306819670182,0.4545129608896258,0.1520138998433098,0.5043370966593971
212,Latvia,2011,73.57560976,0.10868174400488254,0.15986791656051383,0.5476642432871305,0.6217259511321898,0.5147722305720959,0.4320227467290712,0.5613874749971387
213,Romania,2008,72.56585366,0.08278994681895141,0.15310931417351703,0.519539398789292,0.5395857286442713,0.49828885245060994,0.15081011767341163,0.5191379932947244
214,Lithuania,2013,73.91463415,0.16304495663361898,0.20489727498445007,0.5422707936221011,0.6439458388454784,0.5573504562042682,0.31227884722679905,0.5811890295572826
215,East Asia & Pacific,2002,71.77476483,0.029565827975173,0.058565758724135095,0.6028825820315159,0.3451606131849105,0.1417187843007859,0.11384981505981664,0.3632539931724041
216,Georgia,2006,70.635,0.0345660984607089,0.04247281422208272,0.5238247083160272,0.5551994673344774,0.3222979679893924,0.360864655293903,0.4671073812132991
217,Thailand,2004,71.72800000000001,0.028203459138621354,0.08744200287742807,0.5388798563642403,0.38054943899093224,0.3172863141161431,0.035357719133189115,0.41223853649043857
218,Bhutan,2007,66.709,0.01672127018329737,0.04125930325152035,0.503283596337207,0.2707230782820397,0.03975976172133019,0.09446719067582653,0.2712554787801923
219,Pakistan,2015,66.577,0.011229762981402248,0.031465312722664694,0.3730369153245666,0.19424197331993293,0.06662944834263486,0.09084774884081709,0.21130277899571145
220,Moldova,2005,67.82,0.02613154365354788,0.027650146220242394,0.5030381441089943,0.5082916291890492,0.2716903824106485,0.1913635341163132,0.42767338523623066
221,Indonesia,2005,67.334,0.013874364610237434,0.05140562370702673,0.6052418318840109,0.32742546315141474,0.12767950566577252,0.209036994059816,0.3534489335670661
222,Tajikistan,2003,64.49600000000001,0.0036434326825234343,0.006800692835810462,0.5144869621910142,0.4547405073426535,0.1388434767001896,0.05937937871592225,0.36935698207795237
223,Colombia,2005,74.265,0.04389319211632609,0.07237835913957655,0.7430604653335542,0.4745896731506753,0.23043580846380093,0.3149805972394218,0.4826953156493435
224,Jamaica,2004,74.146,0.036208486462103937,0.06449750341404419,0.48669764692859757,0.5204109493250335,0.15724556218797348,0.3240251604531036,0.3881180528138682
225,Mexico,2000,74.34,0.04638128442338552,0.12931966961088803,0.6158285713705417,0.40267172666077405,0.15259210161640258,0.06377884714648843,0.3903641332159061
226,"Yemen, Rep.",2010,65.54899999999999,0.02057728815177215,0.03236254930820098,0.44062930011079376,0.22327649567368046,0.07837077142658305,0.4755748139254189,0.2474255224036858
227,"Iran, Islamic Rep.",2009,73.457,0.10733143633489221,0.13947831146044776,0.5432658043511156,0.47004673460778945,0.285536987769843,0.3176796700518951,0.43294984224291605
228,Ukraine,2007,68.22219512,0.04682327190780771,0.06553461301510044,0.5044359117834334,0.5646215655526544,0.5982472947019747,0.1660058453159988,0.5557682573460209
229,Hungary,2010,74.20731707,0.16198117865545614,0.18193445633313335,0.5331483386529884,0.5667412881430012,0.4824853853470095,0.29613843910658044,0.5274583373809997
230,Belarus,2009,70.40731707,0.08013791158275047,0.12033684782008541,0.5847798292497408,0.6553098279679341,0.5644167996473926,0.15924468816102308,0.6015021522883558
231,Paraguay,2005,71.667,0.02515024515104739,0.061332329951674765,0.6354223007109687,0.3657736608331091,0.19200801608222298,0.12482354268214395,0.39773465920876694
232,Mauritius,2016,74.39487805,0.12014526451618562,0.15833560448312242,0.549367277572247,0.5697147194799124,0.2926760534576413,0.17850250011912194,0.4705860168366003
233,Latvia,2004,72.02682927,0.07443180211663629,0.12536997594723975,0.5802105791230543,0.5810880408774388,0.5655563946127239,0.31061890890999305,0.5756183382044057
234,"Egypt, Arab Rep.",2011,70.543,0.043293814561888196,0.07777896659914936,0.5161707015140452,0.44049602078919814,0.20087043872040594,0.31442190451572893,0.38584572034121645
235,Bhutan,2012,69.263,0.021643295372205138,0.05736245356153876,0.6453099532554157,0.40223330415485214,0.06879440406524216,0.04993265591013795,0.37211255382517
236,Georgia,2005,70.538,0.03196214935850751,0.03805581236805739,0.5323744075684997,0.5493071725468317,0.38829687707941357,0.36734242513154525,0.489992819064915
237,Sudan,2011,63.17100000000001,0.02455663878380112,0.024623075714028313,0.2144844233802134,0.1809919573286907,0.11461735432047969,0.4653129934720278,0.1700312450097946
238,Indonesia,2013,70.179,0.027591323582631246,0.07500434583149894,0.5939305157949576,0.47313435669938436,0.23327106030101055,0.11162783372694823,0.4334453109317842
239,Poland,2001,74.2,0.06165720524766464,0.11917866714786299,0.5054370156583696,0.5961929761538987,0.4141072455469262,0.4905114271901453,0.5052457457863981
240,Indonesia,2015,70.768,0.031266343745526164,0.08093140843727963,0.5849796844359728,0.49572047140172915,0.24995986159423034,0.11643755693997865,0.44355333914397743
241,Moldova,2013,70.968,0.046866156855684876,0.03965594877543536,0.46116807638367735,0.5100643078002072,0.3112087032273109,0.13237012544847912,0.4274803624703985
242,Mauritius,2012,73.86341463,0.07335002326867086,0.13739700118805634,0.5549018851177958,0.5402170181683195,0.29309735410071047,0.19628392761211313,0.46273875246227525
243,Morocco,2002,69.76899999999999,0.015743083865103195,0.034770501821508995,0.549113904254336,0.215661812868313,0.07605548745423002,0.3074232291000845,0.28027706819229303
244,Jordan,2007,72.931,0.07299099083633498,0.07302590202540786,0.44399860670063257,0.4909768241373592,0.2887701134619634,0.34817907990406705,0.4079151814333184
245,Philippines,2005,69.112,0.014439759580883671,0.03412275189633378,0.5851334348180637,0.4748579760589557,0.20621464615324506,0.09703669987560062,0.4220686856767548
246,Niger,2011,58.081,0.0029959847589493055,0.000778849374113431,0.18444409690945487,0.02755470868039623,0.006947683327208284,0.0031444080127346805,0.07298216297235312
247,Colombia,2000,72.945,0.034214924490781874,0.06461839908072022,0.7213010288276889,0.4112364869143034,0.1831231586697125,0.5484495237211635,0.4385535581372349
248,Romania,2012,74.41219512,0.08814357141018136,0.14802762004778572,0.510087203073383,0.5695590519471372,0.3755886457454511,0.1779680935603083,0.4850783002553238
249,Jamaica,2000,74.142,0.03464831926139116,0.0606522925288269,0.4834325331340198,0.4903071685935763,0.11128716389045237,0.4140118960848013,0.3616756218726829
250,Moldova,2009,69.119,0.04660531782767217,0.03110455281597325,0.45923096374273514,0.5117531255506611,0.28843580480098063,0.16734188095734895,0.41980663136479235
251,Mauritius,2005,72.43219512,0.04105650510382657,0.10204915648006133,0.5572085470588894,0.5121349711389672,0.15917457123636058,0.2516551917116567,0.4095060298114057
252,Cambodia,2007,64.697,0.008525757789547594,0.013631596911710175,0.8072617097570562,0.21424862126977146,0.05204348744446249,0.028531789821012406,0.35785127282376333
253,Algeria,2006,73.521,0.03620077569499371,0.09803509691462296,0.6072843559493986,0.45529214849127253,0.15905415601905154,0.325776862848221,0.4072102201532408
254,Tajikistan,2005,66.08,0.00561906838225488,0.008506645582047383,0.5257170363344448,0.4581254012797271,0.15282026479748878,0.04858312592767015,0.3788875674705536
255,Russian Federation,2007,67.58682927,0.08339539112383804,0.18523622727470698,0.4805952597355779,0.47515803462546247,0.561074857668908,0.15659960550657687,0.5056093840099828
256,Uzbekistan,2005,68.407,0.011386579840906115,0.019893728040867885,0.4944523937431517,0.513653539676848,0.07310714604030813,0.002699062798951297,0.3604043598201026
257,"Egypt, Arab Rep.",2016,71.482,0.05002538030675388,0.08178728383074674,0.5792257236372427,0.48939331851877876,0.25460088383853796,0.3294664724554153,0.44107330866485306
258,Lithuania,2006,71.05609756,0.09474471648828203,0.16360516117772603,0.5450548535461602,0.6310520694935641,0.625417714131527,0.15061848137092676,0.6005082123904172
259,Morocco,2001,69.193,0.013935802035630256,0.03401422591863758,0.4981367159771426,0.20008592173811557,0.07578810157244877,0.33090507036862604,0.258003579762569
260,Tajikistan,2002,63.653,0.002687801003569944,0.005751882053202717,0.4940835553100244,0.4391294905660097,0.12916538976681266,0.06207843870784848,0.35412614521428226
261,Belarus,2016,73.82682927,0.11452559856314014,0.13462771618810324,0.5353896008278556,0.6167364243426953,0.6691533146692291,0.15222713220900547,0.6070931132799267
262,El Salvador,2002,69.432,0.039640953020438956,0.04169783876680936,0.6605505360445127,0.3453549670159163,0.15883896532652209,0.1492581597806224,0.3882481561289837
263,Argentina,2000,73.57600000000001,0.1078221378665406,0.11963840650872351,0.683830110905411,0.5593216110021303,0.4080265059990892,0.399461258212307,0.5503927426355436
264,Bhutan,2009,67.882,0.01644257303458271,0.04575471429997977,0.5767949646242102,0.32369002563200083,0.04576480298300085,0.101484753051613,0.315416597746404
265,Rwanda,2002,50.986999999999995,0.0006344105674656032,0.0018645633824669833,0.656975687332248,0.01879410026531529,0.011389310791523258,0.018623531177805474,0.22905303279636216
266,Lithuania,2014,74.51707317,0.17419888984239965,0.21424011138893637,0.5404530050887923,0.638699026416884,0.5334460515407654,0.2833502885433649,0.5708660276821473
267,Lithuania,2004,71.96097561,0.07001475729999593,0.13594370489273006,0.5647716644342058,0.6051594778877252,0.5677908676122442,0.2829805037477815,0.5792406699780583
268,Indonesia,2004,66.969,0.010309659865602432,0.049047625210284045,0.6151823932455447,0.33852665800018034,0.12286274435589914,0.1917090199804515,0.35885726520054134
269,Romania,2007,72.56585366,0.0665680012773806,0.13716350418972384,0.5695547839827444,0.5033807786629975,0.44095159766116715,0.1676954492722738,0.5046290534356362
270,Cambodia,2001,59.335,0.006013369190466858,0.0062998552554633346,0.6855081632922487,0.06025448206813068,0.014388550145841294,0.05007301115766439,0.2533837318354069
271,Brazil,2011,73.921,0.14634876018817244,0.12036495429349245,0.8544632801638651,0.554958577984217,0.3278643102115767,0.18129602686865945,0.5790953894532196
272,Cabo Verde,2010,71.062,0.02354013690069986,0.04390967295347492,0.637299497417014,0.5010409051114362,0.13365799148028,0.28259185169521256,0.42399946466957666
273,Thailand,2002,71.089,0.025223441385070017,0.07721062545600396,0.5109428838656543,0.35843039169437896,0.3014255391366244,0.043724814730318466,0.39026627156555255
274,Brazil,2007,72.618,0.10262986129901079,0.10587358350110815,0.8106250247534054,0.5543534058688735,0.23115715513631188,0.21936091297904,0.5320451952528636
275,Belize,2016,74.219,0.05257375623443316,0.059219099139206983,0.6715429774969968,0.5014452388903641,0.18100261464322298,0.18354705176105895,0.4513302770101946
276,Mauritius,2013,74.01707317,0.08458742772166114,0.14188699090463,0.5443059043599506,0.5599796660095406,0.3017960944568099,0.1922353311869596,0.4686938882754337
277,Lithuania,2011,73.56341463,0.1471695777750817,0.18570020485075217,0.5371647373397123,0.6245930334177754,0.637645505536353,0.40999839654172643,0.599801092097947
278,China,2008,73.835,0.027246324732623194,0.06052190368942541,0.5319920626619128,0.46714096226514024,0.1540657000076919,0.10796249700524534,0.3843995749782483
279,Croatia,2000,72.80780488,0.07995805384024784,0.12480172920558355,0.4741464771969091,0.49185340991934,0.2433244336974584,0.4281711790634832,0.40310810693790255
280,Moldova,2002,67.362,0.014077702289518443,0.02114581071034271,0.519160405112962,0.4783628286151662,0.2419818574405921,0.1781381337725917,0.41316836372290683
281,Romania,2010,73.45853659,0.09685704803719586,0.14054836680393312,0.5241245926478071,0.5704986305858447,0.4845689959354904,0.18243503364248154,0.5263974063897141
282,Kazakhstan,2011,68.98,0.05543283477640944,0.17247465506653306,0.6236863939036045,0.585065469474031,0.36787161753807196,0.14008134296053545,0.5255411603052358
283,Hungary,2007,73.15121951,0.13698635835755957,0.19111643726181296,0.5143714970757978,0.5608157471254163,0.5173019421494163,0.19449174869838357,0.5308297287835434
284,Kazakhstan,2010,68.29536585,0.05186202085777583,0.16257776475961608,0.6134265516957733,0.5758042233858909,0.3491402597672156,0.15033778377739293,0.5127903449496266
285,El Salvador,2004,69.908,0.04073587251473555,0.04237312350773693,0.708983531242098,0.382913485727225,0.169049153216994,0.15789516460232417,0.42031539006210566
286,Algeria,2003,72.101,0.032771316912515704,0.09057834642348314,0.5846399915508377,0.41782909117704037,0.1379937786997232,0.6348194944750856,0.3801542871425337
287,Belize,2013,73.452,0.04512469058835886,0.059183285701055195,0.6458837244963761,0.45652024996758017,0.18065258637845968,0.21994930972287138,0.42768552028080525
288,Guatemala,2013,72.596,0.04104746900958036,0.05281288319063258,0.5855483780553319,0.2823487599512674,0.14573453893028554,0.07601909670181022,0.33787722564562833
289,Burkina Faso,2014,59.45,0.007096853353416245,0.007344542305338982,0.39586580049212305,0.13429753016803733,0.0349694795498638,0.1694876281860034,0.18837760340334142
290,Bangladesh,2009,69.485,0.0034742151207905296,0.014305145886024759,0.5541825892417385,0.26160667687989125,0.07908448722347233,0.12955500260874017,0.298291251115034
291,Moldova,2010,69.616,0.04488088514883605,0.03377310007428095,0.4588574538977347,0.5077641612251619,0.287310250646793,0.19558487346004058,0.4179772885898965
292,Kyrgyz Republic,2012,70.00243902,0.02290262910635239,0.018112769198841184,0.5559468596433682,0.5102928189245058,0.3316441881419856,0.2221328565129044,0.46596128890328653
293,Romania,2001,71.16097561,0.026205319171647787,0.08728834007570573,0.4915453538239062,0.4598190147826478,0.21556208724593762,0.17160369687366983,0.38897548528416387
294,"Venezuela, RB",2009,73.116,0.11447016102819395,0.13990455711592278,0.5584978567359222,0.47356318770037265,0.6013604630293234,0.1591745201729132,0.5444738358218727
295,Croatia,2003,74.61390244,0.08502214724048797,0.15012260482739603,0.5422937444717396,0.5101209495252886,0.3073654127204865,0.37041395966984514,0.45326003557250494
296,"Venezuela, RB",2003,72.618,0.05058426615200801,0.09475754747176734,0.5727191577647499,0.38850721252007664,0.3037248745789283,0.44750459033327356,0.42165041495458494
297,Paraguay,2004,71.464,0.02421881855297516,0.0610023792567546,0.6369588905599908,0.36682898560567867,0.18757417211104205,0.17039721197049054,0.3971206827589038
298,Tunisia,2004,74.03399999999999,0.03856934880632737,0.06597013255415017,0.6519865178991239,0.46558461097471665,0.22439818336322603,0.37867846411514455,0.4473231040790222
299,Belarus,2014,72.97073171,0.1009123652616034,0.14444019392260574,0.5072303300555594,0.6214492232533595,0.6944540932627304,0.008097187587135127,0.6077112155238832
300,Latvia,2010,73.48292683,0.10615056174172136,0.14711144131168702,0.5544977064383227,0.6039453748240234,0.5231476507281076,0.5204413337633687,0.560530243996818
301,Latvia,2008,72.4195122,0.10787143236583738,0.17337480114470324,0.5604892999279993,0.6173953218471606,0.5484249262246945,0.2034796319492668,0.5754365159999515
302,East Asia & Pacific,2001,71.48171721,0.02761964574562701,0.05595652232256516,0.6166274752135902,0.3415967761785384,0.1272091346770186,0.09963080482272914,0.3618111286897157
303,Seychelles,2016,74.3097561,0.11159595689104351,0.20897904789377386,0.5437544746540364,0.470499544371112,0.13564423209582915,0.10161700655005561,0.38329941704032583
304,Georgia,2008,70.946,0.04797952060021738,0.050340662631452426,0.5653249220838965,0.5812314597991838,0.2928414908411178,0.4769243762426561,0.479799290908066
305,Colombia,2002,73.517,0.035331162331793,0.06535794735663963,0.6986457983189012,0.42127412644234696,0.19028557483691294,0.4165463341785442,0.4367351665327204
306,Malaysia,2010,74.493,0.06539896780082331,0.17045138204826735,0.5219943272811469,0.43832879432644345,0.27879053063277665,0.082321407878116,0.4130378840801223
307,Armenia,2009,73.118,0.02769866138973205,0.04886264303132171,0.6346040927661158,0.5864695232198994,0.3879556243216152,0.4922091523827358,0.5363430801025434
308,El Salvador,2010,71.21,0.04781187325320074,0.046740314821374515,0.6765068603745459,0.3856639793818937,0.1955002863104533,0.12667240166663465,0.4192237086889643
309,Lithuania,2015,74.32195122,0.18585347324551638,0.22081179019123143,0.5456697535220922,0.6353815322442093,0.5284091394692085,0.2407563768404784,0.56982014174517
310,Cameroon,2005,52.76,0.008180744598612457,0.01738071393946509,0.5594824075644376,0.11295630207563406,0.04087295385701082,0.1133606298366356,0.2377705544990275
311,"Egypt, Arab Rep.",2004,69.271,0.032487580938911194,0.06056834916342348,0.48089798753545454,0.46806829229281754,0.2169866954157362,0.2731451222227438,0.38865099174800277
312,Thailand,2008,73.34100000000001,0.04064143135507619,0.10106404176705866,0.5328654135773572,0.45098400739686495,0.3676344499237523,0.026450811564665142,0.45049462363265813
313,Indonesia,2011,69.542,0.02411132233550628,0.06835721583194362,0.6176755054518424,0.4503016495897915,0.19694420059557458,0.13368997049318065,0.4216404518790695
314,Georgia,2004,70.45100000000001,0.027703516047461282,0.03395337447889704,0.5877592760530227,0.5307489714569127,0.3455986177737134,0.3352235664096893,0.4880356217612163
315,Paraguay,2007,72.055,0.03138091431591833,0.06622729903851342,0.586131085910311,0.36181165641336954,0.21536383709728815,0.12181679641444855,0.38776885980698955
316,Tunisia,2006,74.391,0.043632846215107046,0.0710048824349989,0.6224852317375723,0.49985907616568703,0.2437165843956529,0.33225730934620007,0.45535363076630403
317,Belize,2007,70.63600000000001,0.032121754086111155,0.060135196905842916,0.657657002598727,0.4256466861577281,0.1349709599397344,0.22429210450644535,0.4060915495653965
318,Serbia,2011,74.53658537,0.12454302305079068,0.109339038525505,0.5396182440975188,0.5443798609244747,0.3899333946652243,0.614473976042439,0.4913104998957393
319,Moldova,2007,68.30199999999999,0.035384072796320463,0.030502336873518634,0.4677625866623068,0.5114762032494334,0.31065485427469447,0.13144435104035274,0.42996454806214496
320,"Venezuela, RB",2008,73.071,0.09764518219424179,0.1468831034859577,0.5551337293201167,0.46702236460278446,0.6030080453847854,0.1631610310607434,0.5417213797692289
321,Belize,2014,73.782,0.04592704244411092,0.060125528705931464,0.6417728820478659,0.4544992939550643,0.17940013076268466,0.21710990093417826,0.42522410225520496
322,China,2009,74.119,0.03385971590618058,0.06640690974842474,0.5245143508819322,0.4913696869948461,0.1674879523735686,0.11066156987169999,0.394457330083449
323,Middle income,2010,69.66927326,0.03854712270533527,0.0657177434190117,0.5588461815777795,0.39675992482593203,0.18947166564311188,0.11577275238026719,0.3816925906822745
324,Pakistan,2013,66.117,0.009795591418306382,0.02963780690344884,0.3178803367072437,0.17089845376515503,0.07048174328269281,0.0743240873059636,0.18642017791836385
325,Serbia,2002,72.28536585,0.05325320610132793,0.0691207694951693,0.5459766449716821,0.5124870052930203,0.26837316446917797,0.3670725126680978,0.4422789382446268
326,Lithuania,2008,71.81219512,0.12945787824335422,0.1916814794338648,0.5193673689694358,0.6252448669084721,0.6505378698990649,0.15184656236430752,0.5983833685923242
327,Argentina,2004,74.28,0.08586725829693717,0.11564291533639268,0.6849666857246731,0.5500577726153592,0.49593846645039746,0.3595718248424373,0.5769876415968099
328,Cote d'Ivoire,2016,56.567,0.014102150878732183,0.02254368374798001,0.48268074047971343,0.22944642564467715,0.06451836660191615,0.06475590903334212,0.25888184424210225
329,Georgia,2007,70.765,0.03966601557805432,0.048845397030440364,0.5572271311539504,0.589661226101518,0.31527901228387833,0.3530373749610246,0.4873891231797822
330,China,2007,73.553,0.022864851224646283,0.05498321069676275,0.5316326686049642,0.43522211883991274,0.15282263036893146,0.1025643770483835,0.37322580593793614
331,Serbia,2010,74.33658537,0.12129108001148245,0.10615054886790762,0.4827728485355632,0.5301000543021757,0.37077188443557774,0.513296917066886,0.46121492909110556
332,Algeria,2007,73.936,0.04355112168972228,0.099887146391578,0.6212492370873545,0.39326706165088854,0.17632656667981209,0.36680260020465033,0.3969476218060184
333,Estonia,2007,72.81463415,0.10954873947856397,0.22367512125991657,0.513367752837629,0.6066707231819741,0.5126452003013281,0.11854282759603965,0.5442278921069771
334,Romania,2004,71.59427561,0.04740752121623436,0.10895661305362149,0.644407253687115,0.4668232112604787,0.31835539979073085,0.20294521251592476,0.47652862157944154
335,Ukraine,2003,68.21073171,0.032337741499038786,0.046151737617708806,0.497047769248502,0.6136054460565015,0.46056165075985206,0.23905056938603575,0.5237382886882852
336,Fiji,2003,66.152,0.0169383888841174,0.05321537766115943,0.612425143163541,0.49554147318127745,0.11667311221294173,0.2164648241195857,0.4082132428525867
337,East Asia & Pacific,2010,74.0129969,0.05815599528269691,0.09429470943799037,0.5439200051182427,0.4792040295208376,0.2112214925748528,0.1028114836478106,0.411448509071311
338,Malaysia,2004,73.36399999999999,0.046930484506021074,0.14470443164782057,0.5216406201603919,0.4827963073483695,0.22541721049373598,0.09014868826497566,0.4099513793341658
339,Philippines,2008,69.515,0.018449184782353058,0.038521138655386845,0.5834325331340199,0.4687711292590738,0.21873767613587106,0.09500429994093067,0.4236471128429882
340,Georgia,2013,72.41199999999999,0.06555997737051912,0.06436913698338298,0.5893667494996006,0.5690357964685246,0.28554477126297706,0.5186464649908863,0.4813157724103674
341,Moldova,2016,71.617,0.046373100233021665,0.04396836932434883,0.4407013007851018,0.49238327575946095,0.3100224073031753,0.10755764123858383,0.41436899461591264
342,Honduras,2010,73.317,0.031680395002425844,0.026882804004490005,0.5311447091690675,0.36423902004371783,0.14510659417538316,0.10576816503114472,0.3468301077960561
343,Belarus,2012,71.96585366,0.09237773979026337,0.1405747737319221,0.5225678954172435,0.6324036291921601,0.6988133835790883,0.008097187587135127,0.6179283027294974
344,Philippines,2004,69.013,0.010481064687861804,0.03302572756749831,0.5940868049878493,0.477626745418971,0.21264312470315894,0.09051306103527483,0.42811889170332645
345,Belarus,2011,70.55365854,0.08261530425817849,0.1380122139911574,0.5460444819962771,0.6335572020828343,0.6535332175068159,0.010796250790945807,0.6110449671953092
346,Sao Tome and Principe,2012,68.306,0.01579184209294751,0.016200849180610898,0.6014271163272955,0.31400908639554553,0.05917606688798241,0.3614044802207979,0.32487075653694114
347,South Asia,2012,67.64633996,0.012870514888177673,0.0320398036545556,0.5949846300394126,0.34829372635864164,0.15587009685717806,0.05738720520472804,0.3663828177517441
348,Lithuania,2007,70.9,0.10860215338304097,0.1846511448881233,0.5356683622537735,0.6305623842822194,0.625895788489221,0.10931203343847266,0.5973755116750713
349,"Yemen, Rep.",2005,63.481,0.017145755571704575,0.029742285330305727,0.41395726470555383,0.23859173117655819,0.07168536129448953,0.427801394537806,0.24141145239220052
350,"Egypt, Arab Rep.",2014,71.117,0.04717777162200831,0.07819514433873509,0.563768427958197,0.4612083572337866,0.23330463615374564,0.3483113334295002,0.4194271404485764
351,Middle income,2009,69.33565635,0.03679261150619428,0.06156271227101183,0.5601477679283203,0.38400185375275087,0.1790384335155383,0.14886196015049374,0.3743960183988699
352,Dominican Republic,2014,73.003,0.07766599067180062,0.10276489022586414,0.601207763074114,0.45697766106097215,0.37257696806386986,0.17594919439052487,0.47692079739965204
353,Ukraine,2006,68.07756098,0.04458350687067701,0.060096300893083536,0.5252765018843054,0.5652089156149118,0.5715557127176785,0.17841883136612552,0.5540137100722985
354,Moldova,2008,68.671,0.03895955148743349,0.0334182911422208,0.46382428179581253,0.509407872979441,0.30145133149622544,0.10202456504999825,0.42489449542382635
355,Honduras,2008,72.803,0.03160263569259724,0.027857703359540315,0.5338668221095894,0.3265451833438851,0.13138223544364688,0.07979508438099471,0.3305980802990405
356,Thailand,2006,72.499,0.03232551758529931,0.09491654443135618,0.5428645706921713,0.41834943031969335,0.3385322743305891,0.027530438773320082,0.4332487584474845
357,Philippines,2014,70.48100000000001,0.026666578891715663,0.04907138632252269,0.657013871046691,0.5011844536481127,0.2680921193200341,0.09176542795061918,0.4754301480049459
358,"Egypt, Arab Rep.",2003,69.116,0.03334826821252664,0.05913503449149241,0.47707179655391974,0.4718078774900406,0.20729586492007115,0.2917686684343277,0.3853918463213439
359,Belarus,2015,73.62439024,0.1106509031012351,0.13845177336727343,0.5158182130224747,0.6210986148635534,0.6797036106861561,0.021592500367313465,0.605540146190728
360,Morocco,2009,74.003,0.03422630416876927,0.04689725544839094,0.5972857065967444,0.33270539219501655,0.1006025644625849,0.23643788085339637,0.343531221084782
361,China,2006,73.271,0.020866161975789915,0.04767452693334775,0.5345394038669136,0.3998423623202655,0.15051787700493627,0.10526343704030973,0.3616332143973718
362,Armenia,2007,72.815,0.03411227042843511,0.05286707197633834,0.6593914165853402,0.5625038519937466,0.3467210432688962,0.25944198265139445,0.5228721039493277
363,"Egypt, Arab Rep.",2012,70.736,0.043841616465071925,0.07776811918134599,0.572991419835018,0.44754104597046296,0.207816977416271,0.3346081936422259,0.4094498144072507
364,Latvia,2013,73.98292683,0.12126087194548,0.17487905210902666,0.5283926382610974,0.6814201078512885,0.5233426959089961,0.31491042917033996,0.577718480673794
365,Ukraine,2000,67.67560976,0.01892614072836509,0.034301245811222625,0.6582391011391137,0.5989830023626859,0.36843317367506634,0.3105865277166958,0.5418850923922887
366,Ukraine,2014,71.18658537,0.05365164784817258,0.0631951381296593,0.5147129163522773,0.5597276945826338,0.6270812450170383,0.24480498611316973,0.5671739519839831
367,"Iran, Islamic Rep.",2004,71.592,0.06688022491356076,0.12367116325374017,0.5419840095540529,0.43969260263606963,0.16665260041927082,0.27260532320684944,0.38277640420313114
368,Argentina,2002,73.932,0.08365496401658663,0.0987248112656841,0.6950445459743095,0.5590785181980337,0.4750555069892716,0.523348233582938,0.5763928570538717
369,Lesotho,2013,48.663000000000004,0.023257941855647845,0.017102908962014034,0.6991621924357656,0.3290864784990539,0.08046010517178018,0.6580314489212739,0.36956959203553325
370,Botswana,2003,50.518,0.05230611077085943,0.08880868398277039,0.6396781600324156,0.47017304435857177,0.06976619607565433,0.6369787426305703,0.39320580015554724
371,St. Lucia,2006,74.27600000000001,0.06081206431089853,0.0913036626876255,0.5985888274045332,0.47186419517779316,0.06917587153756649,0.42645188377266363,0.3798762980399643
372,Pakistan,2014,66.36,0.010910702196514108,0.030529439122681617,0.36509094528050307,0.17944539196559814,0.06994086681863303,0.043908349283719485,0.20482573468824472
373,Paraguay,2009,72.45,0.0374220952573013,0.0685618090378163,0.5540863175361757,0.3704003306217674,0.27606455293446847,0.14197608398418185,0.4001837336974705
374,Russian Federation,2006,66.72756098,0.07480648868652977,0.1699027479936596,0.47367070405285605,0.47358774972989875,0.5517300873826829,0.18502073349288553,0.4996628470551459
375,Algeria,2005,73.072,0.03363432117009329,0.0978280792028239,0.6014910943594733,0.44948980646611314,0.15550595147251478,0.406748739529291,0.4021622840993671
376,Jamaica,2015,74.098,0.04712444229475151,0.06154855399284309,0.4420482922435268,0.4619291458680608,0.20325806339365182,0.3592803163697603,0.36907850050174645
377,Bulgaria,2014,74.46585366,0.14848098273498458,0.13094943179472382,0.4905558269262212,0.6125427332328343,0.5117968758584736,0.3029373957689534,0.5382984786725097
378,Tajikistan,2007,67.382,0.007566824663629211,0.010078114607338592,0.5204156947252653,0.4719283545689037,0.1691461416461447,0.06207843870784848,0.38716339698010455
379,Middle income,2005,67.96329568,0.024975017222475308,0.049682984149758344,0.5612777895691435,0.34189873172437574,0.1454849397038732,0.13679544941384775,0.3495538203324641
380,Russian Federation,2016,71.65121951,0.13259227930671066,0.19879949727561305,0.5225674892075154,0.6011878171555861,0.6115252472098466,0.1446373701098051,0.5784268511909828
381,Senegal,2015,66.747,0.011464595733483234,0.01924629879903556,0.3714533066995156,0.2676811454538114,0.07827599595136263,0.17698832894017352,0.23913681603489653
382,Sudan,2008,61.879,0.024324036827929277,0.022176224244988822,0.24843086259651292,0.18566593656735986,0.11233221230683202,0.3940631382284545,0.18214300382356827
383,Russian Federation,2014,70.74365854,0.13526429556770628,0.20607695846963905,0.5010376627504664,0.5779828559626208,0.5949699099312489,0.13387620130211264,0.5579968095481119
384,East Asia & Pacific,2000,71.17191891,0.025816093867379524,0.05421839085123926,0.6004382180391649,0.3422571030764688,0.11505399081059435,0.09489256711820472,0.3525831039754093
385,Hungary,2006,73.09756098,0.14260347910074173,0.18998392819378485,0.520218581454698,0.5603162759867407,0.5116488368714143,0.19686691888938235,0.5307278981042843
386,El Salvador,2008,70.756,0.04306799170037645,0.04697136470068738,0.6861610438777594,0.3664207633788047,0.1878779572695384,0.15330675617878534,0.41348658817536754
387,"Iran, Islamic Rep.",2005,71.917,0.07365011235783776,0.1262502159634519,0.5162865728389896,0.43811155970118837,0.17785800710831326,0.32118845434371035,0.37741871321616377
388,Morocco,2008,73.546,0.029646044803955284,0.0453765632728604,0.5993259965086275,0.314744586324549,0.0965397336641267,0.2529021531874294,0.33687010549910107
389,Mali,2015,57.50899999999999,0.006116965394846779,0.010196155666552435,0.27750918287866627,0.2079584086423089,0.03822175873979446,0.2032178148111343,0.1745631167535899
390,South Africa,2014,61.968,0.10249337487713048,0.09794722102582763,0.551922336762082,0.6362318061950883,0.14738959954385678,0.6666036783468996,0.44518124750034244
391,"Iran, Islamic Rep.",2011,74.352,0.11905363659981792,0.14836049744040736,0.5318941661174373,0.475426013496414,0.37781373276795666,0.33063515790517856,0.46171130412726935
392,"Egypt, Arab Rep.",2002,68.961,0.03411496897043454,0.05830444954960416,0.4715286586040807,0.47360816408161577,0.23124758101242796,0.264778042873971,0.39212813456604145
393,Mauritania,2012,63.07899999999999,0.009559948901511933,0.024078187836503052,0.5132262902998133,0.11427072709634493,0.03538650690258485,0.260850901888664,0.22096117476624766
394,Algeria,2004,72.594,0.034214273207531724,0.09341171610789371,0.5944616350144662,0.43989039502159427,0.14235459519120533,0.47098640569081446,0.3922355417424219
395,Malaysia,2002,72.976,0.03807134565056213,0.13282773996107386,0.48987806599486344,0.4367115888256636,0.20564378034799233,0.0885292522698199,0.37741114505617307
396,Romania,2011,74.4097561,0.08284230782893617,0.144224978901636,0.5204100077890716,0.5743799497107028,0.44023337964766107,0.1883243937268109,0.5116744457158119
397,Pakistan,2006,64.176,0.009285665670773836,0.027604014747112136,0.3003043526387893,0.13757892658227913,0.03427850376232691,0.010313117243884146,0.1573872609944651
398,Hungary,2005,72.64878049,0.13617821583451806,0.1824254973463251,0.5058118456849865,0.5614476199166564,0.49217453705003783,0.1886239847042557,0.5198113342172269
399,Mali,2010,55.251000000000005,0.005830940252787927,0.009799999259523741,0.35615290952795386,0.19218401224446335,0.043003570639320865,0.21241621484689438,0.19711349747057935
400,East Asia & Pacific,2004,72.36114459,0.03450086159356435,0.06552568892597718,0.5775030744998798,0.36998181029416055,0.1673206013954124,0.11143006067389223,0.37160182872981756
401,Bhutan,2013,69.66199999999999,0.02348413929770616,0.057930615267232304,0.5949612729800461,0.42760717680468224,0.07940979145122161,0.07206496708824915,0.3673260804119833
402,North Macedonia,2002,73.642,0.055081565427129546,0.0646968619613374,0.47243785752803097,0.46189713097997126,0.2009270598175183,0.8566824695097807,0.3784206827751735
403,"Venezuela, RB",2004,72.74600000000001,0.05710222308717493,0.11113010366782619,0.5711676397082196,0.4054309693233214,0.3186102710364927,0.401350593634438,0.4317362933560112
404,Cambodia,2000,58.431999999999995,0.004828567744735424,0.005686896182062324,0.5941122946482884,0.04960337506912528,0.015162702477653745,0.06921206395843832,0.21962612406502247
405,Pakistan,2008,64.685,0.009770060343009467,0.02823414108221826,0.35428170441539814,0.15168537323364825,0.038620853534804725,0.00602160834659057,0.18152931039461703
406,Ethiopia,2005,56.223,0.00030079276555193156,0.00024873558621586034,0.3117265639836176,0.10026816681260228,0.017670818676964895,0.06199476998184267,0.14322184982439493
407,Trinidad and Tobago,2004,70.428,0.09331700349170076,0.20382219881320315,0.5418440703027178,0.4917638460016484,0.08742175300137602,0.21943378367344035,0.3736765564352474
408,Ghana,2006,59.233999999999995,0.010656511295258974,0.015883828722815258,0.4296634653955011,0.20703995723744184,0.036230252820066394,0.11971152575838755,0.2243112251510031
409,Bhutan,2011,68.84,0.01852934169815456,0.05502750701299198,0.6349109842157057,0.3734031197406717,0.06429111912590457,0.08178159587973073,0.35753507436076065
410,Indonesia,2010,69.205,0.02243158938183704,0.06499012505478192,0.6173759257773586,0.43287991221958383,0.1799506984387839,0.1461137545749128,0.41006884547857547
411,Moldova,2001,67.185,0.010248518318317107,0.01912916387338079,0.5179643205685311,0.46555590126738133,0.2383348330547555,0.1913635341163132,0.4072850182968893
412,Albania,2002,74.579,0.027380968000053522,0.046381174555474455,0.5387866312316381,0.40982336012322756,0.12069824648582915,0.4210537637888112,0.3564360792802315
413,Tonga,2003,69.803,0.012594742547166103,0.03565013467155711,0.6794438582612397,0.7108594824436899,0.04471922040532769,0.13441331056721675,0.47834085370341906
414,Lithuania,2001,71.65853659,0.05501787446520482,0.10385378587295489,0.5564292336955031,0.5832163180532668,0.4338402320518753,0.44911320246679515,0.5244952612668817
415,Poland,2000,73.74878049,0.05489102130718101,0.11760286297376805,0.5098002159004705,0.5863173552902757,0.37528882864227797,0.43490267049801806,0.4904687999443414
416,Kyrgyz Republic,2009,69.10243902,0.016977413420989806,0.017864630520309743,0.5137307012296984,0.5003378089153169,0.334631218095309,0.22159303163999075,0.44956657608010814
417,El Salvador,2003,69.68,0.03939170420375465,0.042184057472895026,0.6817060402371047,0.36327248149925073,0.1638130752917131,0.16356319699564284,0.4029305323426895
418,Moldova,2004,67.665,0.021685077602322956,0.02523197076936159,0.5226534025650115,0.5006561431871703,0.25839083452476735,0.2151152876863584,0.42723346009231644
419,East Asia & Pacific,2005,72.62462075,0.03774099660601851,0.06967760602382184,0.5627038558442918,0.3804348522626329,0.17500123963574474,0.11460853593032168,0.37271331591422313
420,Bulgaria,2015,74.61463415,0.14800188872127917,0.13660705599923403,0.4655344247511711,0.6003816122814296,0.5326900606929325,0.24138526300444108,0.5328686992418444
421,Moldova,2006,68.02199999999999,0.03170230830464152,0.029359557319214923,0.49045945366822624,0.5164547775772131,0.29690294808196416,0.19379269451932035,0.43460572644246787
422,Nepal,2008,66.727,0.005443262600651292,0.009478102548518351,0.7811090134892097,0.26835443021567734,0.0812748537618996,0.030442727892066947,0.37691276582226224
423,Tunisia,2007,74.558,0.047971589712064194,0.0753418298558108,0.5838089879995492,0.5244702297508912,0.24556020394583422,0.3283355738814366,0.45127980723209155
424,Brazil,2008,72.96600000000001,0.1068490807759218,0.11040625704512876,0.8499808573665628,0.5643993407525353,0.26759771488850986,0.19278323851065976,0.5606593043358693
425,Russian Federation,2009,68.68463415,0.11639641820521807,0.17955890427396506,0.5179685857706764,0.48696414027938895,0.5710394076731202,0.21865104789384301,0.5253240445743952
426,Belize,2005,69.998,0.027593821575093724,0.05990208048997753,0.6592222302335808,0.4331412807290271,0.11848330852790033,0.2890695956218543,0.4036156064968361
427,China,2001,71.732,0.011232261918415871,0.027353765622213897,0.6497842518581557,0.32697135723877685,0.07092723380148248,0.0917681242601314,0.3492276142994717
428,Tajikistan,2004,65.314,0.004440505365744748,0.007865436148219504,0.5135960427048287,0.459003088788626,0.14831453797795227,0.04858312592767015,0.37363788982380236
429,Serbia,2005,72.83414634,0.07467459838958912,0.08493254575605615,0.5523497709484896,0.5117127504994874,0.3335525175174381,0.5573564279968313,0.46587167965513837
430,Indonesia,2012,69.866,0.0253607079046326,0.07177875350436287,0.6186260362156284,0.45897191639759155,0.2284276672352178,0.11520139352280197,0.43534187328281265
431,Belize,2015,74.03399999999999,0.04994373272673992,0.060960038574822115,0.6553362248695814,0.4603044875087175,0.17367361646120277,0.19914222973073603,0.42977144294650055
432,Moldova,2015,71.47800000000001,0.04981351773852616,0.04183265890048724,0.4474023395649291,0.4956256580793103,0.3107226927589705,0.09431064480466081,0.41791689680106997
433,North Macedonia,2007,74.19,0.059428126151251925,0.08195360401164321,0.4450442920932293,0.4662192704869847,0.2605313714453855,0.9375059279797694,0.3905983113418665
434,Ukraine,2004,68.18536585,0.035546753165273164,0.05290185696732199,0.49049672341078066,0.5876345022245487,0.49766655454366765,0.22645135249998638,0.5252659267263323
435,Togo,2011,58.092,0.005306622044274252,0.004863896872300459,0.7753793237217342,0.29896869935499076,0.07582175373394007,0.048083800164522315,0.38338992560355506
436,Russian Federation,2003,65.04780488,0.049604357409250746,0.13509478950247733,0.7382319518478989,0.530621365556815,0.5355041750046701,0.21619491168312888,0.6014524974697947
437,Kyrgyz Republic,2007,67.89512195,0.01508625121447037,0.0158705749180675,0.5123134354883099,0.49637923929126304,0.3239067091879405,0.21322595212927423,0.4441997946558378
438,Estonia,2008,73.77073171,0.12985771730635126,0.21181522254080978,0.5408095556776442,0.6003532914188889,0.5032371700562,0.14183303245413378,0.548133339050911
439,Serbia,2001,72.23414634,0.04040869220568946,0.0640710538885798,0.5500522487262787,0.5192297684539422,0.28438396246341757,0.3400818871077411,0.4512219932145462
440,Russian Federation,2005,65.5297561,0.058931071852973804,0.15611644003213904,0.47597421786855676,0.4749064520433503,0.5499694154505086,0.1868830932422628,0.5002833617874719
441,Madagascar,2005,61.211999999999996,0.004527322472151702,0.005727759081165581,0.9194859822100451,0.07669717305297798,0.016647441947350624,0.06531731069815998,0.3376101990701246
442,Hungary,2001,72.24878049,0.089153158305435,0.15081019420168973,0.52653636135605,0.5756138190514638,0.29915863491571243,0.14767380776602632,0.4671029384410754
443,East Asia & Pacific,2006,72.9216443,0.040797017555844466,0.07462741311097762,0.5434377001217614,0.3997273750170201,0.18056323172466335,0.1111617108327116,0.3745761022878149
444,Burkina Faso,2007,54.841,0.005124518514621723,0.005302977223113947,0.19612425143163542,0.04235491925281399,0.01616104993522913,0.0836709378605838,0.08488007353989285
445,El Salvador,2009,70.97800000000001,0.046217412762151446,0.04565134727688879,0.6742302579533326,0.3739871646221748,0.19163494257308242,0.19244315811308368,0.4132841217161966
446,Mongolia,2009,66.916,0.025864721767478564,0.055725670754294354,0.6718977001420721,0.5702095244810528,0.3885048184401025,0.1527642414741096,0.5435373476877424
447,Slovak Republic,2003,73.60487805,0.07594377263023953,0.1434549029666594,0.509262394220448,0.5214095027575902,0.2548269866832063,0.4566705962472266,0.42849962788708146
448,Latvia,2007,71.0195122,0.10336953117659176,0.17802620902328498,0.5672400993995205,0.6110679745418129,0.5536120902372409,0.15793834388120812,0.5773067213928581
449,"Iran, Islamic Rep.",2006,72.257,0.07757491263220215,0.13129990866348942,0.5220478454128258,0.44628533651373814,0.19868648211750084,0.29689687595473274,0.389006554681355
450,Mongolia,2010,67.38,0.02331861823688473,0.05853828483042028,0.7859296058851665,0.5306944683782017,0.4062708704448251,0.17137427388433485,0.5742983149027311
451,Indonesia,2008,68.485,0.018000116292523693,0.05960634862864184,0.6038922000623531,0.3890051282795738,0.15394429277655208,0.18916379667565034,0.3822805403728264
452,Belarus,2008,70.45609756,0.07770946849310381,0.11980420491995368,0.5736685714517836,0.6629421384039904,0.5397348087580476,0.016194375579129637,0.5921151728712738
453,Mongolia,2002,63.777,0.021977579152756627,0.035372436194480494,0.545483607914184,0.43002028279256155,0.26940745335093114,0.1619437481259587,0.41497044801922556
454,Ukraine,2012,70.94414634,0.05917353916821608,0.06385499706859457,0.5332458289877355,0.5626110435421273,0.6197772761070569,0.19780889682266703,0.5718780495456399
455,Indonesia,2001,66.03699999999999,0.008483591787283336,0.04385077433921162,0.6234753679498494,0.29752375209822274,0.10446111672065257,0.15876425893968943,0.3418200789229082
456,Serbia,2006,73.38536585,0.08541096174625926,0.09414067318904097,0.5431334815321825,0.514085805473522,0.3535021445812847,0.5573564279968313,0.47024047719566303
457,Madagascar,2012,64.28,0.0032174782022331835,0.005572185619796815,0.9710607049972938,0.18457328269450785,0.027831176949627674,0.010758462457667529,0.39448838821380977
458,Serbia,2008,73.88536585,0.11916709821638187,0.1075470598041569,0.53084594191404,0.5238537811365039,0.3675872148036545,0.36450299053981405,0.47409564595139947
459,Kazakhstan,2012,69.61,0.06728948719458352,0.17842251819655697,0.6300517003431457,0.6000070251292894,0.39005358095626474,0.13738228299559982,0.5400374354762333
460,Malaysia,2008,74.118,0.06275595700940441,0.16673377258865968,0.5039418592016152,0.437316760941007,0.2514002656765656,0.08475056185735429,0.3975529619397293
461,Honduras,2015,74.495,0.03378446349603332,0.029689763432250885,0.45110758159991804,0.26624870603793666,0.15186342930329494,0.16052134102532165,0.28973990564704993
462,Kazakhstan,2013,70.45,0.062195715702785793,0.18669061054126165,0.6452327734070741,0.6042797813473875,0.38114888326713803,0.13495312256560202,0.5435538126738666
463,Jordan,2005,72.595,0.06810718437045063,0.06732861427095689,0.49298689059654954,0.48457818861966645,0.28121661491915545,0.3940631382284545,0.41959389804512387
464,Lithuania,2000,72.0195122,0.050571989150431526,0.0962845063583959,0.5563828242340663,0.5656667803605642,0.3846150559007424,0.4245922267025863,0.5022215534984577
465,Senegal,2006,61.365,0.006674074093525748,0.016530619322935935,0.32157125984931656,0.09427341142157704,0.038811625425345005,0.2653178418898654,0.15155209889874618
466,Middle income,2000,66.53206418,0.016238257968307374,0.03871245072292488,0.541585735132978,0.31074932329664434,0.10329481597990822,0.12685090068698737,0.3185432914698435
467,Uzbekistan,2004,68.135,0.010326528665464919,0.01849854689200542,0.4920864251817536,0.5716601747948084,0.10465463572641663,0.005398125193043213,0.3894670785676595
468,Lithuania,2009,72.91463415,0.1322315141917831,0.16428756144662357,0.5239429153469083,0.6164770648646909,0.6772999611741048,0.3666676441078798,0.605906647128568
469,Mauritius,2014,74.19439024,0.10521107938177177,0.14714443513104475,0.5493053305887097,0.5850322880515578,0.29479575808781244,0.1961489713803894,0.4763777922426933
470,Uzbekistan,2014,70.671,0.030475941477422556,0.03885592683342296,0.5089602757351634,0.5338817643521481,0.05806180642971475,0.13198416303873797,0.36696794883900874
471,Lao PDR,2010,64.306,0.010456108255138142,0.029433604081565624,0.7624110781517054,0.2419036519071768,0.12326847801270022,0.013719334729413673,0.37586106935719416
472,Indonesia,2003,66.631,0.01025116323418694,0.04712164203644432,0.6211966329275639,0.3273537212868093,0.1184225667579523,0.174291958807,0.3556576403241085
473,North Macedonia,2003,73.781,0.05707502545802305,0.06610832144341348,0.45516125002919644,0.4661437697893648,0.20345432951463968,0.9848878896392862,0.37491978311106694
474,Burkina Faso,2005,53.31,0.0026722147223635765,0.004695292576145965,0.10125488340257519,0.03024752369053113,0.013834777501980975,0.1025643770483835,0.04844572819836243
475,Kyrgyz Republic,2016,70.95121951,0.021981703113844165,0.021784663192449608,0.5711817554962716,0.5456997945797758,0.34046448834673726,0.18920428612277218,0.4857820128075949
476,Moldova,2012,70.581,0.04449269319367843,0.03586457363665708,0.46146928089707356,0.5091558367450685,0.3022917961371897,0.14515018057841728,0.4243056379264439
477,Serbia,2009,73.98536585,0.11641891314781064,0.10489081553584632,0.5009511400783783,0.5304683551301363,0.3766243844935724,0.43028996341294035,0.4693479599006957
478,Jordan,2003,72.256,0.05926799011870666,0.06027284932734855,0.5031899649948768,0.4901314755538787,0.24908910237704826,0.38596594543212864,0.41413684764193454
479,India,2012,67.545,0.01420799672159315,0.034467404413728635,0.623580779374295,0.3848354159320472,0.18141368991295917,0.05704198878800469,0.39660996173976715
480,Romania,2000,71.16341463,0.022567150793607542,0.08143808283680236,0.47311003307562716,0.4545896355623452,0.1788060670955422,0.18263746797657182,0.3688352452445049
481,Moldova,2003,67.521,0.014627781078944685,0.02301369156605848,0.5192380927234637,0.48891568749606706,0.2503270593291423,0.20917734285658288,0.419493613182891
482,Jordan,2011,73.581,0.07564357318093545,0.070581008848563,0.31459653726517267,0.44053425719400147,0.2735581155277941,0.3427809342791202,0.3428963033289894
483,Latvia,2000,70.31463415,0.0416835923458588,0.08777581791269454,0.5417140831897214,0.5212754809183815,0.42541719523198473,0.37816026110847983,0.49613558644669586
484,"Congo, Rep.",2012,61.423,0.011052563266764416,0.03948065398858705,0.591884234289585,0.2784214923331796,0.072567566825104,0.26450813041052357,0.3142910978159562
485,Burundi,2014,59.665,0.001981100654300587,0.0005207017640639503,0.8727721681342686,0.1929951424860183,0.03539734274596754,0.03702304037938499,0.3670548844554182
486,Brazil,2009,73.3,0.11085868769684398,0.10914764447397535,0.8409421831538735,0.5640452327595779,0.27886317656869436,0.22461869701366333,0.5612835308273819
487,Niger,2005,53.411,0.002698584361027454,0.00047378686673378703,0.0,0.0,0.0042229265689995975,0.07827281147995306,0.0014076421896665324
488,Pakistan,2003,63.522,0.005666742126239564,0.023342058975534746,0.2474421481182843,0.08347182148705787,0.016836306118985497,0.19676165407317503,0.11591675857477589
489,Serbia,2004,72.68292683,0.0650822662203179,0.07990479966246804,0.5402431977642217,0.5089761256424933,0.30858848946511835,0.49392844767355537,0.4526026042906111
490,East Asia & Pacific,2008,73.46989557,0.04829283298901898,0.08466911655163395,0.5472356117975492,0.44774488534619605,0.18734608996985497,0.11172592805162543,0.3941088623712001
491,El Salvador,2014,72.175,0.05468664337239388,0.05149537772346934,0.5881846791907898,0.4359224931224698,0.2088803399341425,0.10672092812150644,0.4109958374158007
492,Jamaica,2003,74.142,0.02991494849090774,0.06397710651421933,0.47061539758284904,0.48632118541150254,0.1555883649292282,0.31123700988988806,0.3708416493078599
493,Uzbekistan,2009,69.435,0.01764786046621425,0.02779086744056321,0.45146677255200246,0.5174329166580528,0.0724354000593377,0.13063462660551065,0.34711169642313094
494,Albania,2001,74.288,0.025504428897654828,0.04395991787151179,0.5545867679212115,0.4076757055151348,0.11759400628295776,0.4372481237403686,0.35995215990643464
495,Ukraine,2001,67.83707317,0.022576852562813284,0.03844722265825737,0.7181813381157759,0.6064041052678036,0.3929732302778493,0.29314247778003705,0.5725195578871429
496,Bulgaria,2012,74.31463415,0.12223663288992889,0.12631900311484442,0.5277955099607704,0.5512797821898846,0.4644581284697592,0.3257741600069774,0.5145111402068047
497,Cameroon,2001,51.222,0.006704275630953168,0.015926008170123213,0.5326957194634377,0.1474803408172779,0.03175482057674769,0.19595194251286135,0.23731029361915446
498,India,2010,66.693,0.012374092839936271,0.031398966569580564,0.6168793343847396,0.34662085124476677,0.132315873075951,0.05146032785397294,0.3652720195684858
499,Jordan,2012,73.722,0.07170879488154615,0.06845749931620537,0.28566617887648477,0.41836401199949125,0.3154022509251674,0.3238875015150894,0.33981081393371443
500,Bhutan,2006,66.031,0.015404220027138019,0.03454159851752793,0.46916319780484267,0.24478000166036729,0.03669695717308413,0.07908253588780449,0.250213385546098
501,North Macedonia,2004,73.892,0.05800488483245766,0.06934260658063575,0.45391317063956715,0.4645894923378458,0.20710906108485413,0.9976086262568523,0.37520390802075565
502,Georgia,2016,73.207,0.07854806219742512,0.07168593172878752,0.5279447920358522,0.5915353932040689,0.3917364179570986,0.4427515471100323,0.5037388677323399
503,Thailand,2005,72.09899999999999,0.030515934859703112,0.09072608907212804,0.5439843893601486,0.41476564227017704,0.3363889139859909,0.03103921996121332,0.4317129818721055
504,Russian Federation,2012,70.07219512,0.12654514688058818,0.20500235225162688,0.5348168451112152,0.5571867882722596,0.5754653155336547,0.14133100716958932,0.5558229829723765
505,Saudi Arabia,2007,73.467,0.1514231365612673,0.3734939826309216,0.5288985724774631,0.5242983603516739,0.22829076932656606,0.1492581597806224,0.42716256738523434
506,Pakistan,2005,63.951,0.00817593145035135,0.026385873416623087,0.33432157390021255,0.10372596914866516,0.03379775859816542,0.18488579016268086,0.15728176721568105
507,Malaysia,2009,74.305,0.06536111937231867,0.1610609991209188,0.5108317855050153,0.43092318040564426,0.26708324125410077,0.09419728466313858,0.4029460690549201
508,Botswana,2006,53.435,0.055248907359119054,0.09821857462277844,0.6409095848231922,0.4884203640352006,0.07938186244644652,0.4750349892684302,0.40290393710161315
509,Thailand,2011,74.593,0.04663571962822426,0.10758299525407447,0.4915075763191916,0.4884934668565872,0.39498450016543735,0.01241568837854846,0.45832851444707207
510,Seychelles,2014,73.22926829,0.08253091775406449,0.19716049214713988,0.5808972766684304,0.4505840805256093,0.045881402762499066,0.09826476799445301,0.3591209199855128
511,Jamaica,2002,74.14,0.030362022434035667,0.06192045384540938,0.4854264135844658,0.48575457373829106,0.13823170940160504,0.3776123538387609,0.3698042322414539
512,Saudi Arabia,2005,73.256,0.13836931062925154,0.3773309999548557,0.48080222359205166,0.5042491987042914,0.22166465109805247,0.15789516460232417,0.4022386911314652
513,Latvia,2014,74.12439024,0.12922559920209692,0.17998130603897672,0.5226305532678049,0.6744863570887477,0.5372411149136613,0.28735030033103476,0.578119341756738
514,East Asia & Pacific,2007,73.20093378,0.0440377645257204,0.08078868980251991,0.5474298501187657,0.42867382305267665,0.18360435733681219,0.10916697847526115,0.3865693435027515
515,Lao PDR,2005,61.625,0.008058266459308308,0.020205926141250267,0.6500683955629712,0.22039444286350235,0.05578009831009681,0.03103921996121332,0.3087476455788568
516,Indonesia,2006,67.717,0.01565229440111464,0.0537603876510649,0.5881093272862247,0.34354139489385876,0.1280906572442649,0.19839729356649843,0.35324712647478274
517,Morocco,2000,68.684,0.012098777164012826,0.031744344022330104,0.4531811807095063,0.18828091781110715,0.07387977219699625,0.3611345677573505,0.23844729023920322
518,Jordan,2006,72.763,0.06635761883095576,0.0702716858139103,0.472569672584804,0.4906244011385117,0.27912461036749076,0.3724706326519503,0.4141062280302688
519,Fiji,2004,66.247,0.020480757502786447,0.05621385398228478,0.6532034206921205,0.5266780904946826,0.11800431846513178,0.12145780978542367,0.4326286098839783
520,East Asia & Pacific,2011,74.26595012,0.06585690976975474,0.09969972526851854,0.5470254784896718,0.485459894191443,0.2235066681643532,0.10130141779699113,0.418664013615156
521,Russian Federation,2011,69.68390244,0.11539079278794186,0.19790587419864836,0.5353814766332933,0.5326930010075618,0.5775851727813381,0.17099910950619912,0.5485532168073978
522,"Egypt, Arab Rep.",2010,70.34899999999999,0.040419678584767256,0.07808470038169266,0.5476601811898494,0.3841446979618895,0.23596880375951876,0.23094529411193268,0.3892578943037525
523,Palau,2000,70.49365854,0.09391628983093603,0.09762696152121625,0.6193719388288772,0.5290305366946029,0.33594685736123103,0.08367364059386492,0.49478311096157035
524,Uzbekistan,2012,70.155,0.027255209597121324,0.0340294857990498,0.4870647589703804,0.5343424806262943,0.057571141127245144,0.1260462182089625,0.35965946024130657
525,Togo,2006,55.052,0.0024631768536364663,0.003812366406181514,0.7046712087684434,0.25119347808772097,0.03463143175982643,0.1087398273182805,0.33016537287199693
526,Belarus,2013,72.47073171,0.10313698309060466,0.14202135334326452,0.5062465916465001,0.6208348484778768,0.7100448878627567,0.008097187587135127,0.6123754426623779
527,Latvia,2003,71.26585366,0.05876029099307657,0.11395269519908409,0.5753926270903299,0.5632177062291835,0.5382812032608868,0.320138509022881,0.5589638455268001
528,Honduras,2012,73.814,0.03446145761119915,0.028220676112934964,0.48918070544412445,0.3515966388515185,0.14263220644631952,0.09593817609814088,0.32780318358065413
529,Romania,2005,71.87889512,0.05133422347128783,0.115064171323535,0.6233610199113856,0.4720841517166105,0.35016798609593414,0.18824341485955776,0.4818710525746434
530,South Asia,2005,64.78317085,0.008235283520098646,0.02174943221123469,0.5516414183625076,0.25985965042464126,0.06852579767832136,0.0775835811868376,0.2933422888218234
