,Unnamed: 0,Country_Name,Year,Life_Expectancy,Health_Expenditure,GDP_Per_Capita,Primary_School_Enrollment,Secondary_School_Enrollment,Tertiary_School_Enrollment,Unemployment,Education
0,,,,,0.0,0.0,,,,0.0,0.0
1,,,,,0.0,0.0,,,,0.2,0.0
2,,,,,0.0,0.0,,,,0.4,0.0
3,,,,,0.0,0.0,,,,0.6000000000000001,0.0
4,,,,,0.0,0.0,,,,0.8,0.0
5,,,,,0.0,0.0,,,,1.0,0.0
6,,,,,0.0,0.0,,,,0.0,0.2
7,,,,,0.0,0.0,,,,0.2,0.2
8,,,,,0.0,0.0,,,,0.4,0.2
9,,,,,0.0,0.0,,,,0.6000000000000001,0.2
10,,,,,0.0,0.0,,,,0.8,0.2
11,,,,,0.0,0.0,,,,1.0,0.2
12,,,,,0.0,0.0,,,,0.0,0.4
13,,,,,0.0,0.0,,,,0.2,0.4
14,,,,,0.0,0.0,,,,0.4,0.4
15,,,,,0.0,0.0,,,,0.6000000000000001,0.4
16,,,,,0.0,0.0,,,,0.8,0.4
17,,,,,0.0,0.0,,,,1.0,0.4
18,,,,,0.0,0.0,,,,0.0,0.6000000000000001
19,,,,,0.0,0.0,,,,0.2,0.6000000000000001
20,,,,,0.0,0.0,,,,0.4,0.6000000000000001
21,,,,,0.0,0.0,,,,0.6000000000000001,0.6000000000000001
22,,,,,0.0,0.0,,,,0.8,0.6000000000000001
23,,,,,0.0,0.0,,,,1.0,0.6000000000000001
24,,,,,0.0,0.0,,,,0.0,0.8
25,,,,,0.0,0.0,,,,0.2,0.8
26,,,,,0.0,0.0,,,,0.4,0.8
27,,,,,0.0,0.0,,,,0.6000000000000001,0.8
28,,,,,0.0,0.0,,,,0.8,0.8
29,,,,,0.0,0.0,,,,1.0,0.8
30,,,,,0.0,0.0,,,,0.0,1.0
31,,,,,0.0,0.0,,,,0.2,1.0
32,,,,,0.0,0.0,,,,0.4,1.0
33,,,,,0.0,0.0,,,,0.6000000000000001,1.0
34,,,,,0.0,0.0,,,,0.8,1.0
35,,,,,0.0,0.0,,,,1.0,1.0
36,,,,,0.0,0.2,,,,0.0,0.0
37,,,,,0.0,0.2,,,,0.2,0.0
38,,,,,0.0,0.2,,,,0.4,0.0
39,,,,,0.0,0.2,,,,0.6000000000000001,0.0
40,,,,,0.0,0.2,,,,0.8,0.0
41,,,,,0.0,0.2,,,,1.0,0.0
42,,,,,0.0,0.2,,,,0.0,0.2
43,,,,,0.0,0.2,,,,0.2,0.2
44,,,,,0.0,0.2,,,,0.4,0.2
45,,,,,0.0,0.2,,,,0.6000000000000001,0.2
46,,,,,0.0,0.2,,,,0.8,0.2
47,,,,,0.0,0.2,,,,1.0,0.2
48,,,,,0.0,0.2,,,,0.0,0.4
49,,,,,0.0,0.2,,,,0.2,0.4
50,,,,,0.0,0.2,,,,0.4,0.4
51,,,,,0.0,0.2,,,,0.6000000000000001,0.4
52,,,,,0.0,0.2,,,,0.8,0.4
53,,,,,0.0,0.2,,,,1.0,0.4
54,,,,,0.0,0.2,,,,0.0,0.6000000000000001
55,,,,,0.0,0.2,,,,0.2,0.6000000000000001
56,,,,,0.0,0.2,,,,0.4,0.6000000000000001
57,,,,,0.0,0.2,,,,0.6000000000000001,0.6000000000000001
58,,,,,0.0,0.2,,,,0.8,0.6000000000000001
59,,,,,0.0,0.2,,,,1.0,0.6000000000000001
60,,,,,0.0,0.2,,,,0.0,0.8
61,,,,,0.0,0.2,,,,0.2,0.8
62,,,,,0.0,0.2,,,,0.4,0.8
63,,,,,0.0,0.2,,,,0.6000000000000001,0.8
64,,,,,0.0,0.2,,,,0.8,0.8
65,,,,,0.0,0.2,,,,1.0,0.8
66,,,,,0.0,0.2,,,,0.0,1.0
67,,,,,0.0,0.2,,,,0.2,1.0
68,,,,,0.0,0.2,,,,0.4,1.0
69,,,,,0.0,0.2,,,,0.6000000000000001,1.0
70,,,,,0.0,0.2,,,,0.8,1.0
71,,,,,0.0,0.2,,,,1.0,1.0
72,,,,,0.0,0.4,,,,0.0,0.0
73,,,,,0.0,0.4,,,,0.2,0.0
74,,,,,0.0,0.4,,,,0.4,0.0
75,,,,,0.0,0.4,,,,0.6000000000000001,0.0
76,,,,,0.0,0.4,,,,0.8,0.0
77,,,,,0.0,0.4,,,,1.0,0.0
78,,,,,0.0,0.4,,,,0.0,0.2
79,,,,,0.0,0.4,,,,0.2,0.2
80,,,,,0.0,0.4,,,,0.4,0.2
81,,,,,0.0,0.4,,,,0.6000000000000001,0.2
82,,,,,0.0,0.4,,,,0.8,0.2
83,,,,,0.0,0.4,,,,1.0,0.2
84,,,,,0.0,0.4,,,,0.0,0.4
85,,,,,0.0,0.4,,,,0.2,0.4
86,,,,,0.0,0.4,,,,0.4,0.4
87,,,,,0.0,0.4,,,,0.6000000000000001,0.4
88,,,,,0.0,0.4,,,,0.8,0.4
89,,,,,0.0,0.4,,,,1.0,0.4
90,,,,,0.0,0.4,,,,0.0,0.6000000000000001
91,,,,,0.0,0.4,,,,0.2,0.6000000000000001
92,,,,,0.0,0.4,,,,0.4,0.6000000000000001
93,,,,,0.0,0.4,,,,0.6000000000000001,0.6000000000000001
94,,,,,0.0,0.4,,,,0.8,0.6000000000000001
95,,,,,0.0,0.4,,,,1.0,0.6000000000000001
96,,,,,0.0,0.4,,,,0.0,0.8
97,,,,,0.0,0.4,,,,0.2,0.8
98,,,,,0.0,0.4,,,,0.4,0.8
99,,,,,0.0,0.4,,,,0.6000000000000001,0.8
100,,,,,0.0,0.4,,,,0.8,0.8
101,,,,,0.0,0.4,,,,1.0,0.8
102,,,,,0.0,0.4,,,,0.0,1.0
103,,,,,0.0,0.4,,,,0.2,1.0
104,,,,,0.0,0.4,,,,0.4,1.0
105,,,,,0.0,0.4,,,,0.6000000000000001,1.0
106,,,,,0.0,0.4,,,,0.8,1.0
107,,,,,0.0,0.4,,,,1.0,1.0
108,,,,,0.0,0.6000000000000001,,,,0.0,0.0
109,,,,,0.0,0.6000000000000001,,,,0.2,0.0
110,,,,,0.0,0.6000000000000001,,,,0.4,0.0
111,,,,,0.0,0.6000000000000001,,,,0.6000000000000001,0.0
112,,,,,0.0,0.6000000000000001,,,,0.8,0.0
113,,,,,0.0,0.6000000000000001,,,,1.0,0.0
114,,,,,0.0,0.6000000000000001,,,,0.0,0.2
115,,,,,0.0,0.6000000000000001,,,,0.2,0.2
116,,,,,0.0,0.6000000000000001,,,,0.4,0.2
117,,,,,0.0,0.6000000000000001,,,,0.6000000000000001,0.2
118,,,,,0.0,0.6000000000000001,,,,0.8,0.2
119,,,,,0.0,0.6000000000000001,,,,1.0,0.2
120,,,,,0.0,0.6000000000000001,,,,0.0,0.4
121,,,,,0.0,0.6000000000000001,,,,0.2,0.4
122,,,,,0.0,0.6000000000000001,,,,0.4,0.4
123,,,,,0.0,0.6000000000000001,,,,0.6000000000000001,0.4
124,,,,,0.0,0.6000000000000001,,,,0.8,0.4
125,,,,,0.0,0.6000000000000001,,,,1.0,0.4
126,,,,,0.0,0.6000000000000001,,,,0.0,0.6000000000000001
127,,,,,0.0,0.6000000000000001,,,,0.2,0.6000000000000001
128,,,,,0.0,0.6000000000000001,,,,0.4,0.6000000000000001
129,,,,,0.0,0.6000000000000001,,,,0.6000000000000001,0.6000000000000001
130,,,,,0.0,0.6000000000000001,,,,0.8,0.6000000000000001
131,,,,,0.0,0.6000000000000001,,,,1.0,0.6000000000000001
132,,,,,0.0,0.6000000000000001,,,,0.0,0.8
133,,,,,0.0,0.6000000000000001,,,,0.2,0.8
134,,,,,0.0,0.6000000000000001,,,,0.4,0.8
135,,,,,0.0,0.6000000000000001,,,,0.6000000000000001,0.8
136,,,,,0.0,0.6000000000000001,,,,0.8,0.8
137,,,,,0.0,0.6000000000000001,,,,1.0,0.8
138,,,,,0.0,0.6000000000000001,,,,0.0,1.0
139,,,,,0.0,0.6000000000000001,,,,0.2,1.0
140,,,,,0.0,0.6000000000000001,,,,0.4,1.0
141,,,,,0.0,0.6000000000000001,,,,0.6000000000000001,1.0
142,,,,,0.0,0.6000000000000001,,,,0.8,1.0
143,,,,,0.0,0.6000000000000001,,,,1.0,1.0
144,,,,,0.0,0.8,,,,0.0,0.0
145,,,,,0.0,0.8,,,,0.2,0.0
146,,,,,0.0,0.8,,,,0.4,0.0
147,,,,,0.0,0.8,,,,0.6000000000000001,0.0
148,,,,,0.0,0.8,,,,0.8,0.0
149,,,,,0.0,0.8,,,,1.0,0.0
150,,,,,0.0,0.8,,,,0.0,0.2
151,,,,,0.0,0.8,,,,0.2,0.2
152,,,,,0.0,0.8,,,,0.4,0.2
153,,,,,0.0,0.8,,,,0.6000000000000001,0.2
154,,,,,0.0,0.8,,,,0.8,0.2
155,,,,,0.0,0.8,,,,1.0,0.2
156,,,,,0.0,0.8,,,,0.0,0.4
157,,,,,0.0,0.8,,,,0.2,0.4
158,,,,,0.0,0.8,,,,0.4,0.4
159,,,,,0.0,0.8,,,,0.6000000000000001,0.4
160,,,,,0.0,0.8,,,,0.8,0.4
161,,,,,0.0,0.8,,,,1.0,0.4
162,,,,,0.0,0.8,,,,0.0,0.6000000000000001
163,,,,,0.0,0.8,,,,0.2,0.6000000000000001
164,,,,,0.0,0.8,,,,0.4,0.6000000000000001
165,,,,,0.0,0.8,,,,0.6000000000000001,0.6000000000000001
166,,,,,0.0,0.8,,,,0.8,0.6000000000000001
167,,,,,0.0,0.8,,,,1.0,0.6000000000000001
168,,,,,0.0,0.8,,,,0.0,0.8
169,,,,,0.0,0.8,,,,0.2,0.8
170,,,,,0.0,0.8,,,,0.4,0.8
171,,,,,0.0,0.8,,,,0.6000000000000001,0.8
172,,,,,0.0,0.8,,,,0.8,0.8
173,,,,,0.0,0.8,,,,1.0,0.8
174,,,,,0.0,0.8,,,,0.0,1.0
175,,,,,0.0,0.8,,,,0.2,1.0
176,,,,,0.0,0.8,,,,0.4,1.0
177,,,,,0.0,0.8,,,,0.6000000000000001,1.0
178,,,,,0.0,0.8,,,,0.8,1.0
179,,,,,0.0,0.8,,,,1.0,1.0
180,,,,,0.0,1.0,,,,0.0,0.0
181,,,,,0.0,1.0,,,,0.2,0.0
182,,,,,0.0,1.0,,,,0.4,0.0
183,,,,,0.0,1.0,,,,0.6000000000000001,0.0
184,,,,,0.0,1.0,,,,0.8,0.0
185,,,,,0.0,1.0,,,,1.0,0.0
186,,,,,0.0,1.0,,,,0.0,0.2
187,,,,,0.0,1.0,,,,0.2,0.2
188,,,,,0.0,1.0,,,,0.4,0.2
189,,,,,0.0,1.0,,,,0.6000000000000001,0.2
190,,,,,0.0,1.0,,,,0.8,0.2
191,,,,,0.0,1.0,,,,1.0,0.2
192,,,,,0.0,1.0,,,,0.0,0.4
193,,,,,0.0,1.0,,,,0.2,0.4
194,,,,,0.0,1.0,,,,0.4,0.4
195,,,,,0.0,1.0,,,,0.6000000000000001,0.4
196,,,,,0.0,1.0,,,,0.8,0.4
197,,,,,0.0,1.0,,,,1.0,0.4
198,,,,,0.0,1.0,,,,0.0,0.6000000000000001
199,,,,,0.0,1.0,,,,0.2,0.6000000000000001
200,,,,,0.0,1.0,,,,0.4,0.6000000000000001
201,,,,,0.0,1.0,,,,0.6000000000000001,0.6000000000000001
202,,,,,0.0,1.0,,,,0.8,0.6000000000000001
203,,,,,0.0,1.0,,,,1.0,0.6000000000000001
204,,,,,0.0,1.0,,,,0.0,0.8
205,,,,,0.0,1.0,,,,0.2,0.8
206,,,,,0.0,1.0,,,,0.4,0.8
207,,,,,0.0,1.0,,,,0.6000000000000001,0.8
208,,,,,0.0,1.0,,,,0.8,0.8
209,,,,,0.0,1.0,,,,1.0,0.8
210,,,,,0.0,1.0,,,,0.0,1.0
211,,,,,0.0,1.0,,,,0.2,1.0
212,,,,,0.0,1.0,,,,0.4,1.0
213,,,,,0.0,1.0,,,,0.6000000000000001,1.0
214,,,,,0.0,1.0,,,,0.8,1.0
215,,,,,0.0,1.0,,,,1.0,1.0
216,,,,,0.2,0.0,,,,0.0,0.0
217,,,,,0.2,0.0,,,,0.2,0.0
218,,,,,0.2,0.0,,,,0.4,0.0
219,,,,,0.2,0.0,,,,0.6000000000000001,0.0
220,,,,,0.2,0.0,,,,0.8,0.0
221,,,,,0.2,0.0,,,,1.0,0.0
222,,,,,0.2,0.0,,,,0.0,0.2
223,,,,,0.2,0.0,,,,0.2,0.2
224,,,,,0.2,0.0,,,,0.4,0.2
225,,,,,0.2,0.0,,,,0.6000000000000001,0.2
226,,,,,0.2,0.0,,,,0.8,0.2
227,,,,,0.2,0.0,,,,1.0,0.2
228,,,,,0.2,0.0,,,,0.0,0.4
229,,,,,0.2,0.0,,,,0.2,0.4
230,,,,,0.2,0.0,,,,0.4,0.4
231,,,,,0.2,0.0,,,,0.6000000000000001,0.4
232,,,,,0.2,0.0,,,,0.8,0.4
233,,,,,0.2,0.0,,,,1.0,0.4
234,,,,,0.2,0.0,,,,0.0,0.6000000000000001
235,,,,,0.2,0.0,,,,0.2,0.6000000000000001
236,,,,,0.2,0.0,,,,0.4,0.6000000000000001
237,,,,,0.2,0.0,,,,0.6000000000000001,0.6000000000000001
238,,,,,0.2,0.0,,,,0.8,0.6000000000000001
239,,,,,0.2,0.0,,,,1.0,0.6000000000000001
240,,,,,0.2,0.0,,,,0.0,0.8
241,,,,,0.2,0.0,,,,0.2,0.8
242,,,,,0.2,0.0,,,,0.4,0.8
243,,,,,0.2,0.0,,,,0.6000000000000001,0.8
244,,,,,0.2,0.0,,,,0.8,0.8
245,,,,,0.2,0.0,,,,1.0,0.8
246,,,,,0.2,0.0,,,,0.0,1.0
247,,,,,0.2,0.0,,,,0.2,1.0
248,,,,,0.2,0.0,,,,0.4,1.0
249,,,,,0.2,0.0,,,,0.6000000000000001,1.0
250,,,,,0.2,0.0,,,,0.8,1.0
251,,,,,0.2,0.0,,,,1.0,1.0
252,,,,,0.2,0.2,,,,0.0,0.0
253,,,,,0.2,0.2,,,,0.2,0.0
254,,,,,0.2,0.2,,,,0.4,0.0
255,,,,,0.2,0.2,,,,0.6000000000000001,0.0
256,,,,,0.2,0.2,,,,0.8,0.0
257,,,,,0.2,0.2,,,,1.0,0.0
258,,,,,0.2,0.2,,,,0.0,0.2
259,,,,,0.2,0.2,,,,0.2,0.2
260,,,,,0.2,0.2,,,,0.4,0.2
261,,,,,0.2,0.2,,,,0.6000000000000001,0.2
262,,,,,0.2,0.2,,,,0.8,0.2
263,,,,,0.2,0.2,,,,1.0,0.2
264,,,,,0.2,0.2,,,,0.0,0.4
265,,,,,0.2,0.2,,,,0.2,0.4
266,,,,,0.2,0.2,,,,0.4,0.4
267,,,,,0.2,0.2,,,,0.6000000000000001,0.4
268,,,,,0.2,0.2,,,,0.8,0.4
269,,,,,0.2,0.2,,,,1.0,0.4
270,,,,,0.2,0.2,,,,0.0,0.6000000000000001
271,,,,,0.2,0.2,,,,0.2,0.6000000000000001
272,,,,,0.2,0.2,,,,0.4,0.6000000000000001
273,,,,,0.2,0.2,,,,0.6000000000000001,0.6000000000000001
274,,,,,0.2,0.2,,,,0.8,0.6000000000000001
275,,,,,0.2,0.2,,,,1.0,0.6000000000000001
276,,,,,0.2,0.2,,,,0.0,0.8
277,,,,,0.2,0.2,,,,0.2,0.8
278,,,,,0.2,0.2,,,,0.4,0.8
279,,,,,0.2,0.2,,,,0.6000000000000001,0.8
280,,,,,0.2,0.2,,,,0.8,0.8
281,,,,,0.2,0.2,,,,1.0,0.8
282,,,,,0.2,0.2,,,,0.0,1.0
283,,,,,0.2,0.2,,,,0.2,1.0
284,,,,,0.2,0.2,,,,0.4,1.0
285,,,,,0.2,0.2,,,,0.6000000000000001,1.0
286,,,,,0.2,0.2,,,,0.8,1.0
287,,,,,0.2,0.2,,,,1.0,1.0
288,,,,,0.2,0.4,,,,0.0,0.0
289,,,,,0.2,0.4,,,,0.2,0.0
290,,,,,0.2,0.4,,,,0.4,0.0
291,,,,,0.2,0.4,,,,0.6000000000000001,0.0
292,,,,,0.2,0.4,,,,0.8,0.0
293,,,,,0.2,0.4,,,,1.0,0.0
294,,,,,0.2,0.4,,,,0.0,0.2
295,,,,,0.2,0.4,,,,0.2,0.2
296,,,,,0.2,0.4,,,,0.4,0.2
297,,,,,0.2,0.4,,,,0.6000000000000001,0.2
298,,,,,0.2,0.4,,,,0.8,0.2
299,,,,,0.2,0.4,,,,1.0,0.2
300,,,,,0.2,0.4,,,,0.0,0.4
301,,,,,0.2,0.4,,,,0.2,0.4
302,,,,,0.2,0.4,,,,0.4,0.4
303,,,,,0.2,0.4,,,,0.6000000000000001,0.4
304,,,,,0.2,0.4,,,,0.8,0.4
305,,,,,0.2,0.4,,,,1.0,0.4
306,,,,,0.2,0.4,,,,0.0,0.6000000000000001
307,,,,,0.2,0.4,,,,0.2,0.6000000000000001
308,,,,,0.2,0.4,,,,0.4,0.6000000000000001
309,,,,,0.2,0.4,,,,0.6000000000000001,0.6000000000000001
310,,,,,0.2,0.4,,,,0.8,0.6000000000000001
311,,,,,0.2,0.4,,,,1.0,0.6000000000000001
312,,,,,0.2,0.4,,,,0.0,0.8
313,,,,,0.2,0.4,,,,0.2,0.8
314,,,,,0.2,0.4,,,,0.4,0.8
315,,,,,0.2,0.4,,,,0.6000000000000001,0.8
316,,,,,0.2,0.4,,,,0.8,0.8
317,,,,,0.2,0.4,,,,1.0,0.8
318,,,,,0.2,0.4,,,,0.0,1.0
319,,,,,0.2,0.4,,,,0.2,1.0
320,,,,,0.2,0.4,,,,0.4,1.0
321,,,,,0.2,0.4,,,,0.6000000000000001,1.0
322,,,,,0.2,0.4,,,,0.8,1.0
323,,,,,0.2,0.4,,,,1.0,1.0
324,,,,,0.2,0.6000000000000001,,,,0.0,0.0
325,,,,,0.2,0.6000000000000001,,,,0.2,0.0
326,,,,,0.2,0.6000000000000001,,,,0.4,0.0
327,,,,,0.2,0.6000000000000001,,,,0.6000000000000001,0.0
328,,,,,0.2,0.6000000000000001,,,,0.8,0.0
329,,,,,0.2,0.6000000000000001,,,,1.0,0.0
330,,,,,0.2,0.6000000000000001,,,,0.0,0.2
331,,,,,0.2,0.6000000000000001,,,,0.2,0.2
332,,,,,0.2,0.6000000000000001,,,,0.4,0.2
333,,,,,0.2,0.6000000000000001,,,,0.6000000000000001,0.2
334,,,,,0.2,0.6000000000000001,,,,0.8,0.2
335,,,,,0.2,0.6000000000000001,,,,1.0,0.2
336,,,,,0.2,0.6000000000000001,,,,0.0,0.4
337,,,,,0.2,0.6000000000000001,,,,0.2,0.4
338,,,,,0.2,0.6000000000000001,,,,0.4,0.4
339,,,,,0.2,0.6000000000000001,,,,0.6000000000000001,0.4
340,,,,,0.2,0.6000000000000001,,,,0.8,0.4
341,,,,,0.2,0.6000000000000001,,,,1.0,0.4
342,,,,,0.2,0.6000000000000001,,,,0.0,0.6000000000000001
343,,,,,0.2,0.6000000000000001,,,,0.2,0.6000000000000001
344,,,,,0.2,0.6000000000000001,,,,0.4,0.6000000000000001
345,,,,,0.2,0.6000000000000001,,,,0.6000000000000001,0.6000000000000001
346,,,,,0.2,0.6000000000000001,,,,0.8,0.6000000000000001
347,,,,,0.2,0.6000000000000001,,,,1.0,0.6000000000000001
348,,,,,0.2,0.6000000000000001,,,,0.0,0.8
349,,,,,0.2,0.6000000000000001,,,,0.2,0.8
350,,,,,0.2,0.6000000000000001,,,,0.4,0.8
351,,,,,0.2,0.6000000000000001,,,,0.6000000000000001,0.8
352,,,,,0.2,0.6000000000000001,,,,0.8,0.8
353,,,,,0.2,0.6000000000000001,,,,1.0,0.8
354,,,,,0.2,0.6000000000000001,,,,0.0,1.0
355,,,,,0.2,0.6000000000000001,,,,0.2,1.0
356,,,,,0.2,0.6000000000000001,,,,0.4,1.0
357,,,,,0.2,0.6000000000000001,,,,0.6000000000000001,1.0
358,,,,,0.2,0.6000000000000001,,,,0.8,1.0
359,,,,,0.2,0.6000000000000001,,,,1.0,1.0
360,,,,,0.2,0.8,,,,0.0,0.0
361,,,,,0.2,0.8,,,,0.2,0.0
362,,,,,0.2,0.8,,,,0.4,0.0
363,,,,,0.2,0.8,,,,0.6000000000000001,0.0
364,,,,,0.2,0.8,,,,0.8,0.0
365,,,,,0.2,0.8,,,,1.0,0.0
366,,,,,0.2,0.8,,,,0.0,0.2
367,,,,,0.2,0.8,,,,0.2,0.2
368,,,,,0.2,0.8,,,,0.4,0.2
369,,,,,0.2,0.8,,,,0.6000000000000001,0.2
370,,,,,0.2,0.8,,,,0.8,0.2
371,,,,,0.2,0.8,,,,1.0,0.2
372,,,,,0.2,0.8,,,,0.0,0.4
373,,,,,0.2,0.8,,,,0.2,0.4
374,,,,,0.2,0.8,,,,0.4,0.4
375,,,,,0.2,0.8,,,,0.6000000000000001,0.4
376,,,,,0.2,0.8,,,,0.8,0.4
377,,,,,0.2,0.8,,,,1.0,0.4
378,,,,,0.2,0.8,,,,0.0,0.6000000000000001
379,,,,,0.2,0.8,,,,0.2,0.6000000000000001
380,,,,,0.2,0.8,,,,0.4,0.6000000000000001
381,,,,,0.2,0.8,,,,0.6000000000000001,0.6000000000000001
382,,,,,0.2,0.8,,,,0.8,0.6000000000000001
383,,,,,0.2,0.8,,,,1.0,0.6000000000000001
384,,,,,0.2,0.8,,,,0.0,0.8
385,,,,,0.2,0.8,,,,0.2,0.8
386,,,,,0.2,0.8,,,,0.4,0.8
387,,,,,0.2,0.8,,,,0.6000000000000001,0.8
388,,,,,0.2,0.8,,,,0.8,0.8
389,,,,,0.2,0.8,,,,1.0,0.8
390,,,,,0.2,0.8,,,,0.0,1.0
391,,,,,0.2,0.8,,,,0.2,1.0
392,,,,,0.2,0.8,,,,0.4,1.0
393,,,,,0.2,0.8,,,,0.6000000000000001,1.0
394,,,,,0.2,0.8,,,,0.8,1.0
395,,,,,0.2,0.8,,,,1.0,1.0
396,,,,,0.2,1.0,,,,0.0,0.0
397,,,,,0.2,1.0,,,,0.2,0.0
398,,,,,0.2,1.0,,,,0.4,0.0
399,,,,,0.2,1.0,,,,0.6000000000000001,0.0
400,,,,,0.2,1.0,,,,0.8,0.0
401,,,,,0.2,1.0,,,,1.0,0.0
402,,,,,0.2,1.0,,,,0.0,0.2
403,,,,,0.2,1.0,,,,0.2,0.2
404,,,,,0.2,1.0,,,,0.4,0.2
405,,,,,0.2,1.0,,,,0.6000000000000001,0.2
406,,,,,0.2,1.0,,,,0.8,0.2
407,,,,,0.2,1.0,,,,1.0,0.2
408,,,,,0.2,1.0,,,,0.0,0.4
409,,,,,0.2,1.0,,,,0.2,0.4
410,,,,,0.2,1.0,,,,0.4,0.4
411,,,,,0.2,1.0,,,,0.6000000000000001,0.4
412,,,,,0.2,1.0,,,,0.8,0.4
413,,,,,0.2,1.0,,,,1.0,0.4
414,,,,,0.2,1.0,,,,0.0,0.6000000000000001
415,,,,,0.2,1.0,,,,0.2,0.6000000000000001
416,,,,,0.2,1.0,,,,0.4,0.6000000000000001
417,,,,,0.2,1.0,,,,0.6000000000000001,0.6000000000000001
418,,,,,0.2,1.0,,,,0.8,0.6000000000000001
419,,,,,0.2,1.0,,,,1.0,0.6000000000000001
420,,,,,0.2,1.0,,,,0.0,0.8
421,,,,,0.2,1.0,,,,0.2,0.8
422,,,,,0.2,1.0,,,,0.4,0.8
423,,,,,0.2,1.0,,,,0.6000000000000001,0.8
424,,,,,0.2,1.0,,,,0.8,0.8
425,,,,,0.2,1.0,,,,1.0,0.8
426,,,,,0.2,1.0,,,,0.0,1.0
427,,,,,0.2,1.0,,,,0.2,1.0
428,,,,,0.2,1.0,,,,0.4,1.0
429,,,,,0.2,1.0,,,,0.6000000000000001,1.0
430,,,,,0.2,1.0,,,,0.8,1.0
431,,,,,0.2,1.0,,,,1.0,1.0
432,,,,,0.4,0.0,,,,0.0,0.0
433,,,,,0.4,0.0,,,,0.2,0.0
434,,,,,0.4,0.0,,,,0.4,0.0
435,,,,,0.4,0.0,,,,0.6000000000000001,0.0
436,,,,,0.4,0.0,,,,0.8,0.0
437,,,,,0.4,0.0,,,,1.0,0.0
438,,,,,0.4,0.0,,,,0.0,0.2
439,,,,,0.4,0.0,,,,0.2,0.2
440,,,,,0.4,0.0,,,,0.4,0.2
441,,,,,0.4,0.0,,,,0.6000000000000001,0.2
442,,,,,0.4,0.0,,,,0.8,0.2
443,,,,,0.4,0.0,,,,1.0,0.2
444,,,,,0.4,0.0,,,,0.0,0.4
445,,,,,0.4,0.0,,,,0.2,0.4
446,,,,,0.4,0.0,,,,0.4,0.4
447,,,,,0.4,0.0,,,,0.6000000000000001,0.4
448,,,,,0.4,0.0,,,,0.8,0.4
449,,,,,0.4,0.0,,,,1.0,0.4
450,,,,,0.4,0.0,,,,0.0,0.6000000000000001
451,,,,,0.4,0.0,,,,0.2,0.6000000000000001
452,,,,,0.4,0.0,,,,0.4,0.6000000000000001
453,,,,,0.4,0.0,,,,0.6000000000000001,0.6000000000000001
454,,,,,0.4,0.0,,,,0.8,0.6000000000000001
455,,,,,0.4,0.0,,,,1.0,0.6000000000000001
456,,,,,0.4,0.0,,,,0.0,0.8
457,,,,,0.4,0.0,,,,0.2,0.8
458,,,,,0.4,0.0,,,,0.4,0.8
459,,,,,0.4,0.0,,,,0.6000000000000001,0.8
460,,,,,0.4,0.0,,,,0.8,0.8
461,,,,,0.4,0.0,,,,1.0,0.8
462,,,,,0.4,0.0,,,,0.0,1.0
463,,,,,0.4,0.0,,,,0.2,1.0
464,,,,,0.4,0.0,,,,0.4,1.0
465,,,,,0.4,0.0,,,,0.6000000000000001,1.0
466,,,,,0.4,0.0,,,,0.8,1.0
467,,,,,0.4,0.0,,,,1.0,1.0
468,,,,,0.4,0.2,,,,0.0,0.0
469,,,,,0.4,0.2,,,,0.2,0.0
470,,,,,0.4,0.2,,,,0.4,0.0
471,,,,,0.4,0.2,,,,0.6000000000000001,0.0
472,,,,,0.4,0.2,,,,0.8,0.0
473,,,,,0.4,0.2,,,,1.0,0.0
474,,,,,0.4,0.2,,,,0.0,0.2
475,,,,,0.4,0.2,,,,0.2,0.2
476,,,,,0.4,0.2,,,,0.4,0.2
477,,,,,0.4,0.2,,,,0.6000000000000001,0.2
478,,,,,0.4,0.2,,,,0.8,0.2
479,,,,,0.4,0.2,,,,1.0,0.2
480,,,,,0.4,0.2,,,,0.0,0.4
481,,,,,0.4,0.2,,,,0.2,0.4
482,,,,,0.4,0.2,,,,0.4,0.4
483,,,,,0.4,0.2,,,,0.6000000000000001,0.4
484,,,,,0.4,0.2,,,,0.8,0.4
485,,,,,0.4,0.2,,,,1.0,0.4
486,,,,,0.4,0.2,,,,0.0,0.6000000000000001
487,,,,,0.4,0.2,,,,0.2,0.6000000000000001
488,,,,,0.4,0.2,,,,0.4,0.6000000000000001
489,,,,,0.4,0.2,,,,0.6000000000000001,0.6000000000000001
490,,,,,0.4,0.2,,,,0.8,0.6000000000000001
491,,,,,0.4,0.2,,,,1.0,0.6000000000000001
492,,,,,0.4,0.2,,,,0.0,0.8
493,,,,,0.4,0.2,,,,0.2,0.8
494,,,,,0.4,0.2,,,,0.4,0.8
495,,,,,0.4,0.2,,,,0.6000000000000001,0.8
496,,,,,0.4,0.2,,,,0.8,0.8
497,,,,,0.4,0.2,,,,1.0,0.8
498,,,,,0.4,0.2,,,,0.0,1.0
499,,,,,0.4,0.2,,,,0.2,1.0
500,,,,,0.4,0.2,,,,0.4,1.0
501,,,,,0.4,0.2,,,,0.6000000000000001,1.0
502,,,,,0.4,0.2,,,,0.8,1.0
503,,,,,0.4,0.2,,,,1.0,1.0
504,,,,,0.4,0.4,,,,0.0,0.0
505,,,,,0.4,0.4,,,,0.2,0.0
506,,,,,0.4,0.4,,,,0.4,0.0
507,,,,,0.4,0.4,,,,0.6000000000000001,0.0
508,,,,,0.4,0.4,,,,0.8,0.0
509,,,,,0.4,0.4,,,,1.0,0.0
510,,,,,0.4,0.4,,,,0.0,0.2
511,,,,,0.4,0.4,,,,0.2,0.2
512,,,,,0.4,0.4,,,,0.4,0.2
513,,,,,0.4,0.4,,,,0.6000000000000001,0.2
514,,,,,0.4,0.4,,,,0.8,0.2
515,,,,,0.4,0.4,,,,1.0,0.2
516,,,,,0.4,0.4,,,,0.0,0.4
517,,,,,0.4,0.4,,,,0.2,0.4
518,,,,,0.4,0.4,,,,0.4,0.4
519,,,,,0.4,0.4,,,,0.6000000000000001,0.4
520,,,,,0.4,0.4,,,,0.8,0.4
521,,,,,0.4,0.4,,,,1.0,0.4
522,,,,,0.4,0.4,,,,0.0,0.6000000000000001
523,,,,,0.4,0.4,,,,0.2,0.6000000000000001
524,,,,,0.4,0.4,,,,0.4,0.6000000000000001
525,,,,,0.4,0.4,,,,0.6000000000000001,0.6000000000000001
526,,,,,0.4,0.4,,,,0.8,0.6000000000000001
527,,,,,0.4,0.4,,,,1.0,0.6000000000000001
528,,,,,0.4,0.4,,,,0.0,0.8
529,,,,,0.4,0.4,,,,0.2,0.8
530,,,,,0.4,0.4,,,,0.4,0.8
531,,,,,0.4,0.4,,,,0.6000000000000001,0.8
532,,,,,0.4,0.4,,,,0.8,0.8
533,,,,,0.4,0.4,,,,1.0,0.8
534,,,,,0.4,0.4,,,,0.0,1.0
535,,,,,0.4,0.4,,,,0.2,1.0
536,,,,,0.4,0.4,,,,0.4,1.0
537,,,,,0.4,0.4,,,,0.6000000000000001,1.0
538,,,,,0.4,0.4,,,,0.8,1.0
539,,,,,0.4,0.4,,,,1.0,1.0
540,,,,,0.4,0.6000000000000001,,,,0.0,0.0
541,,,,,0.4,0.6000000000000001,,,,0.2,0.0
542,,,,,0.4,0.6000000000000001,,,,0.4,0.0
543,,,,,0.4,0.6000000000000001,,,,0.6000000000000001,0.0
544,,,,,0.4,0.6000000000000001,,,,0.8,0.0
545,,,,,0.4,0.6000000000000001,,,,1.0,0.0
546,,,,,0.4,0.6000000000000001,,,,0.0,0.2
547,,,,,0.4,0.6000000000000001,,,,0.2,0.2
548,,,,,0.4,0.6000000000000001,,,,0.4,0.2
549,,,,,0.4,0.6000000000000001,,,,0.6000000000000001,0.2
550,,,,,0.4,0.6000000000000001,,,,0.8,0.2
551,,,,,0.4,0.6000000000000001,,,,1.0,0.2
552,,,,,0.4,0.6000000000000001,,,,0.0,0.4
553,,,,,0.4,0.6000000000000001,,,,0.2,0.4
554,,,,,0.4,0.6000000000000001,,,,0.4,0.4
555,,,,,0.4,0.6000000000000001,,,,0.6000000000000001,0.4
556,,,,,0.4,0.6000000000000001,,,,0.8,0.4
557,,,,,0.4,0.6000000000000001,,,,1.0,0.4
558,,,,,0.4,0.6000000000000001,,,,0.0,0.6000000000000001
559,,,,,0.4,0.6000000000000001,,,,0.2,0.6000000000000001
560,,,,,0.4,0.6000000000000001,,,,0.4,0.6000000000000001
561,,,,,0.4,0.6000000000000001,,,,0.6000000000000001,0.6000000000000001
562,,,,,0.4,0.6000000000000001,,,,0.8,0.6000000000000001
563,,,,,0.4,0.6000000000000001,,,,1.0,0.6000000000000001
564,,,,,0.4,0.6000000000000001,,,,0.0,0.8
565,,,,,0.4,0.6000000000000001,,,,0.2,0.8
566,,,,,0.4,0.6000000000000001,,,,0.4,0.8
567,,,,,0.4,0.6000000000000001,,,,0.6000000000000001,0.8
568,,,,,0.4,0.6000000000000001,,,,0.8,0.8
569,,,,,0.4,0.6000000000000001,,,,1.0,0.8
570,,,,,0.4,0.6000000000000001,,,,0.0,1.0
571,,,,,0.4,0.6000000000000001,,,,0.2,1.0
572,,,,,0.4,0.6000000000000001,,,,0.4,1.0
573,,,,,0.4,0.6000000000000001,,,,0.6000000000000001,1.0
574,,,,,0.4,0.6000000000000001,,,,0.8,1.0
575,,,,,0.4,0.6000000000000001,,,,1.0,1.0
576,,,,,0.4,0.8,,,,0.0,0.0
577,,,,,0.4,0.8,,,,0.2,0.0
578,,,,,0.4,0.8,,,,0.4,0.0
579,,,,,0.4,0.8,,,,0.6000000000000001,0.0
580,,,,,0.4,0.8,,,,0.8,0.0
581,,,,,0.4,0.8,,,,1.0,0.0
582,,,,,0.4,0.8,,,,0.0,0.2
583,,,,,0.4,0.8,,,,0.2,0.2
584,,,,,0.4,0.8,,,,0.4,0.2
585,,,,,0.4,0.8,,,,0.6000000000000001,0.2
586,,,,,0.4,0.8,,,,0.8,0.2
587,,,,,0.4,0.8,,,,1.0,0.2
588,,,,,0.4,0.8,,,,0.0,0.4
589,,,,,0.4,0.8,,,,0.2,0.4
590,,,,,0.4,0.8,,,,0.4,0.4
591,,,,,0.4,0.8,,,,0.6000000000000001,0.4
592,,,,,0.4,0.8,,,,0.8,0.4
593,,,,,0.4,0.8,,,,1.0,0.4
594,,,,,0.4,0.8,,,,0.0,0.6000000000000001
595,,,,,0.4,0.8,,,,0.2,0.6000000000000001
596,,,,,0.4,0.8,,,,0.4,0.6000000000000001
597,,,,,0.4,0.8,,,,0.6000000000000001,0.6000000000000001
598,,,,,0.4,0.8,,,,0.8,0.6000000000000001
599,,,,,0.4,0.8,,,,1.0,0.6000000000000001
600,,,,,0.4,0.8,,,,0.0,0.8
601,,,,,0.4,0.8,,,,0.2,0.8
602,,,,,0.4,0.8,,,,0.4,0.8
603,,,,,0.4,0.8,,,,0.6000000000000001,0.8
604,,,,,0.4,0.8,,,,0.8,0.8
605,,,,,0.4,0.8,,,,1.0,0.8
606,,,,,0.4,0.8,,,,0.0,1.0
607,,,,,0.4,0.8,,,,0.2,1.0
608,,,,,0.4,0.8,,,,0.4,1.0
609,,,,,0.4,0.8,,,,0.6000000000000001,1.0
610,,,,,0.4,0.8,,,,0.8,1.0
611,,,,,0.4,0.8,,,,1.0,1.0
612,,,,,0.4,1.0,,,,0.0,0.0
613,,,,,0.4,1.0,,,,0.2,0.0
614,,,,,0.4,1.0,,,,0.4,0.0
615,,,,,0.4,1.0,,,,0.6000000000000001,0.0
616,,,,,0.4,1.0,,,,0.8,0.0
617,,,,,0.4,1.0,,,,1.0,0.0
618,,,,,0.4,1.0,,,,0.0,0.2
619,,,,,0.4,1.0,,,,0.2,0.2
620,,,,,0.4,1.0,,,,0.4,0.2
621,,,,,0.4,1.0,,,,0.6000000000000001,0.2
622,,,,,0.4,1.0,,,,0.8,0.2
623,,,,,0.4,1.0,,,,1.0,0.2
624,,,,,0.4,1.0,,,,0.0,0.4
625,,,,,0.4,1.0,,,,0.2,0.4
626,,,,,0.4,1.0,,,,0.4,0.4
627,,,,,0.4,1.0,,,,0.6000000000000001,0.4
628,,,,,0.4,1.0,,,,0.8,0.4
629,,,,,0.4,1.0,,,,1.0,0.4
630,,,,,0.4,1.0,,,,0.0,0.6000000000000001
631,,,,,0.4,1.0,,,,0.2,0.6000000000000001
632,,,,,0.4,1.0,,,,0.4,0.6000000000000001
633,,,,,0.4,1.0,,,,0.6000000000000001,0.6000000000000001
634,,,,,0.4,1.0,,,,0.8,0.6000000000000001
635,,,,,0.4,1.0,,,,1.0,0.6000000000000001
636,,,,,0.4,1.0,,,,0.0,0.8
637,,,,,0.4,1.0,,,,0.2,0.8
638,,,,,0.4,1.0,,,,0.4,0.8
639,,,,,0.4,1.0,,,,0.6000000000000001,0.8
640,,,,,0.4,1.0,,,,0.8,0.8
641,,,,,0.4,1.0,,,,1.0,0.8
642,,,,,0.4,1.0,,,,0.0,1.0
643,,,,,0.4,1.0,,,,0.2,1.0
644,,,,,0.4,1.0,,,,0.4,1.0
645,,,,,0.4,1.0,,,,0.6000000000000001,1.0
646,,,,,0.4,1.0,,,,0.8,1.0
647,,,,,0.4,1.0,,,,1.0,1.0
648,,,,,0.6000000000000001,0.0,,,,0.0,0.0
649,,,,,0.6000000000000001,0.0,,,,0.2,0.0
650,,,,,0.6000000000000001,0.0,,,,0.4,0.0
651,,,,,0.6000000000000001,0.0,,,,0.6000000000000001,0.0
652,,,,,0.6000000000000001,0.0,,,,0.8,0.0
653,,,,,0.6000000000000001,0.0,,,,1.0,0.0
654,,,,,0.6000000000000001,0.0,,,,0.0,0.2
655,,,,,0.6000000000000001,0.0,,,,0.2,0.2
656,,,,,0.6000000000000001,0.0,,,,0.4,0.2
657,,,,,0.6000000000000001,0.0,,,,0.6000000000000001,0.2
658,,,,,0.6000000000000001,0.0,,,,0.8,0.2
659,,,,,0.6000000000000001,0.0,,,,1.0,0.2
660,,,,,0.6000000000000001,0.0,,,,0.0,0.4
661,,,,,0.6000000000000001,0.0,,,,0.2,0.4
662,,,,,0.6000000000000001,0.0,,,,0.4,0.4
663,,,,,0.6000000000000001,0.0,,,,0.6000000000000001,0.4
664,,,,,0.6000000000000001,0.0,,,,0.8,0.4
665,,,,,0.6000000000000001,0.0,,,,1.0,0.4
666,,,,,0.6000000000000001,0.0,,,,0.0,0.6000000000000001
667,,,,,0.6000000000000001,0.0,,,,0.2,0.6000000000000001
668,,,,,0.6000000000000001,0.0,,,,0.4,0.6000000000000001
669,,,,,0.6000000000000001,0.0,,,,0.6000000000000001,0.6000000000000001
670,,,,,0.6000000000000001,0.0,,,,0.8,0.6000000000000001
671,,,,,0.6000000000000001,0.0,,,,1.0,0.6000000000000001
672,,,,,0.6000000000000001,0.0,,,,0.0,0.8
673,,,,,0.6000000000000001,0.0,,,,0.2,0.8
674,,,,,0.6000000000000001,0.0,,,,0.4,0.8
675,,,,,0.6000000000000001,0.0,,,,0.6000000000000001,0.8
676,,,,,0.6000000000000001,0.0,,,,0.8,0.8
677,,,,,0.6000000000000001,0.0,,,,1.0,0.8
678,,,,,0.6000000000000001,0.0,,,,0.0,1.0
679,,,,,0.6000000000000001,0.0,,,,0.2,1.0
680,,,,,0.6000000000000001,0.0,,,,0.4,1.0
681,,,,,0.6000000000000001,0.0,,,,0.6000000000000001,1.0
682,,,,,0.6000000000000001,0.0,,,,0.8,1.0
683,,,,,0.6000000000000001,0.0,,,,1.0,1.0
684,,,,,0.6000000000000001,0.2,,,,0.0,0.0
685,,,,,0.6000000000000001,0.2,,,,0.2,0.0
686,,,,,0.6000000000000001,0.2,,,,0.4,0.0
687,,,,,0.6000000000000001,0.2,,,,0.6000000000000001,0.0
688,,,,,0.6000000000000001,0.2,,,,0.8,0.0
689,,,,,0.6000000000000001,0.2,,,,1.0,0.0
690,,,,,0.6000000000000001,0.2,,,,0.0,0.2
691,,,,,0.6000000000000001,0.2,,,,0.2,0.2
692,,,,,0.6000000000000001,0.2,,,,0.4,0.2
693,,,,,0.6000000000000001,0.2,,,,0.6000000000000001,0.2
694,,,,,0.6000000000000001,0.2,,,,0.8,0.2
695,,,,,0.6000000000000001,0.2,,,,1.0,0.2
696,,,,,0.6000000000000001,0.2,,,,0.0,0.4
697,,,,,0.6000000000000001,0.2,,,,0.2,0.4
698,,,,,0.6000000000000001,0.2,,,,0.4,0.4
699,,,,,0.6000000000000001,0.2,,,,0.6000000000000001,0.4
700,,,,,0.6000000000000001,0.2,,,,0.8,0.4
701,,,,,0.6000000000000001,0.2,,,,1.0,0.4
702,,,,,0.6000000000000001,0.2,,,,0.0,0.6000000000000001
703,,,,,0.6000000000000001,0.2,,,,0.2,0.6000000000000001
704,,,,,0.6000000000000001,0.2,,,,0.4,0.6000000000000001
705,,,,,0.6000000000000001,0.2,,,,0.6000000000000001,0.6000000000000001
706,,,,,0.6000000000000001,0.2,,,,0.8,0.6000000000000001
707,,,,,0.6000000000000001,0.2,,,,1.0,0.6000000000000001
708,,,,,0.6000000000000001,0.2,,,,0.0,0.8
709,,,,,0.6000000000000001,0.2,,,,0.2,0.8
710,,,,,0.6000000000000001,0.2,,,,0.4,0.8
711,,,,,0.6000000000000001,0.2,,,,0.6000000000000001,0.8
712,,,,,0.6000000000000001,0.2,,,,0.8,0.8
713,,,,,0.6000000000000001,0.2,,,,1.0,0.8
714,,,,,0.6000000000000001,0.2,,,,0.0,1.0
715,,,,,0.6000000000000001,0.2,,,,0.2,1.0
716,,,,,0.6000000000000001,0.2,,,,0.4,1.0
717,,,,,0.6000000000000001,0.2,,,,0.6000000000000001,1.0
718,,,,,0.6000000000000001,0.2,,,,0.8,1.0
719,,,,,0.6000000000000001,0.2,,,,1.0,1.0
720,,,,,0.6000000000000001,0.4,,,,0.0,0.0
721,,,,,0.6000000000000001,0.4,,,,0.2,0.0
722,,,,,0.6000000000000001,0.4,,,,0.4,0.0
723,,,,,0.6000000000000001,0.4,,,,0.6000000000000001,0.0
724,,,,,0.6000000000000001,0.4,,,,0.8,0.0
725,,,,,0.6000000000000001,0.4,,,,1.0,0.0
726,,,,,0.6000000000000001,0.4,,,,0.0,0.2
727,,,,,0.6000000000000001,0.4,,,,0.2,0.2
728,,,,,0.6000000000000001,0.4,,,,0.4,0.2
729,,,,,0.6000000000000001,0.4,,,,0.6000000000000001,0.2
730,,,,,0.6000000000000001,0.4,,,,0.8,0.2
731,,,,,0.6000000000000001,0.4,,,,1.0,0.2
732,,,,,0.6000000000000001,0.4,,,,0.0,0.4
733,,,,,0.6000000000000001,0.4,,,,0.2,0.4
734,,,,,0.6000000000000001,0.4,,,,0.4,0.4
735,,,,,0.6000000000000001,0.4,,,,0.6000000000000001,0.4
736,,,,,0.6000000000000001,0.4,,,,0.8,0.4
737,,,,,0.6000000000000001,0.4,,,,1.0,0.4
738,,,,,0.6000000000000001,0.4,,,,0.0,0.6000000000000001
739,,,,,0.6000000000000001,0.4,,,,0.2,0.6000000000000001
740,,,,,0.6000000000000001,0.4,,,,0.4,0.6000000000000001
741,,,,,0.6000000000000001,0.4,,,,0.6000000000000001,0.6000000000000001
742,,,,,0.6000000000000001,0.4,,,,0.8,0.6000000000000001
743,,,,,0.6000000000000001,0.4,,,,1.0,0.6000000000000001
744,,,,,0.6000000000000001,0.4,,,,0.0,0.8
745,,,,,0.6000000000000001,0.4,,,,0.2,0.8
746,,,,,0.6000000000000001,0.4,,,,0.4,0.8
747,,,,,0.6000000000000001,0.4,,,,0.6000000000000001,0.8
748,,,,,0.6000000000000001,0.4,,,,0.8,0.8
749,,,,,0.6000000000000001,0.4,,,,1.0,0.8
750,,,,,0.6000000000000001,0.4,,,,0.0,1.0
751,,,,,0.6000000000000001,0.4,,,,0.2,1.0
752,,,,,0.6000000000000001,0.4,,,,0.4,1.0
753,,,,,0.6000000000000001,0.4,,,,0.6000000000000001,1.0
754,,,,,0.6000000000000001,0.4,,,,0.8,1.0
755,,,,,0.6000000000000001,0.4,,,,1.0,1.0
756,,,,,0.6000000000000001,0.6000000000000001,,,,0.0,0.0
757,,,,,0.6000000000000001,0.6000000000000001,,,,0.2,0.0
758,,,,,0.6000000000000001,0.6000000000000001,,,,0.4,0.0
759,,,,,0.6000000000000001,0.6000000000000001,,,,0.6000000000000001,0.0
760,,,,,0.6000000000000001,0.6000000000000001,,,,0.8,0.0
761,,,,,0.6000000000000001,0.6000000000000001,,,,1.0,0.0
762,,,,,0.6000000000000001,0.6000000000000001,,,,0.0,0.2
763,,,,,0.6000000000000001,0.6000000000000001,,,,0.2,0.2
764,,,,,0.6000000000000001,0.6000000000000001,,,,0.4,0.2
765,,,,,0.6000000000000001,0.6000000000000001,,,,0.6000000000000001,0.2
766,,,,,0.6000000000000001,0.6000000000000001,,,,0.8,0.2
767,,,,,0.6000000000000001,0.6000000000000001,,,,1.0,0.2
768,,,,,0.6000000000000001,0.6000000000000001,,,,0.0,0.4
769,,,,,0.6000000000000001,0.6000000000000001,,,,0.2,0.4
770,,,,,0.6000000000000001,0.6000000000000001,,,,0.4,0.4
771,,,,,0.6000000000000001,0.6000000000000001,,,,0.6000000000000001,0.4
772,,,,,0.6000000000000001,0.6000000000000001,,,,0.8,0.4
773,,,,,0.6000000000000001,0.6000000000000001,,,,1.0,0.4
774,,,,,0.6000000000000001,0.6000000000000001,,,,0.0,0.6000000000000001
775,,,,,0.6000000000000001,0.6000000000000001,,,,0.2,0.6000000000000001
776,,,,,0.6000000000000001,0.6000000000000001,,,,0.4,0.6000000000000001
777,,,,,0.6000000000000001,0.6000000000000001,,,,0.6000000000000001,0.6000000000000001
778,,,,,0.6000000000000001,0.6000000000000001,,,,0.8,0.6000000000000001
779,,,,,0.6000000000000001,0.6000000000000001,,,,1.0,0.6000000000000001
780,,,,,0.6000000000000001,0.6000000000000001,,,,0.0,0.8
781,,,,,0.6000000000000001,0.6000000000000001,,,,0.2,0.8
782,,,,,0.6000000000000001,0.6000000000000001,,,,0.4,0.8
783,,,,,0.6000000000000001,0.6000000000000001,,,,0.6000000000000001,0.8
784,,,,,0.6000000000000001,0.6000000000000001,,,,0.8,0.8
785,,,,,0.6000000000000001,0.6000000000000001,,,,1.0,0.8
786,,,,,0.6000000000000001,0.6000000000000001,,,,0.0,1.0
787,,,,,0.6000000000000001,0.6000000000000001,,,,0.2,1.0
788,,,,,0.6000000000000001,0.6000000000000001,,,,0.4,1.0
789,,,,,0.6000000000000001,0.6000000000000001,,,,0.6000000000000001,1.0
790,,,,,0.6000000000000001,0.6000000000000001,,,,0.8,1.0
791,,,,,0.6000000000000001,0.6000000000000001,,,,1.0,1.0
792,,,,,0.6000000000000001,0.8,,,,0.0,0.0
793,,,,,0.6000000000000001,0.8,,,,0.2,0.0
794,,,,,0.6000000000000001,0.8,,,,0.4,0.0
795,,,,,0.6000000000000001,0.8,,,,0.6000000000000001,0.0
796,,,,,0.6000000000000001,0.8,,,,0.8,0.0
797,,,,,0.6000000000000001,0.8,,,,1.0,0.0
798,,,,,0.6000000000000001,0.8,,,,0.0,0.2
799,,,,,0.6000000000000001,0.8,,,,0.2,0.2
800,,,,,0.6000000000000001,0.8,,,,0.4,0.2
801,,,,,0.6000000000000001,0.8,,,,0.6000000000000001,0.2
802,,,,,0.6000000000000001,0.8,,,,0.8,0.2
803,,,,,0.6000000000000001,0.8,,,,1.0,0.2
804,,,,,0.6000000000000001,0.8,,,,0.0,0.4
805,,,,,0.6000000000000001,0.8,,,,0.2,0.4
806,,,,,0.6000000000000001,0.8,,,,0.4,0.4
807,,,,,0.6000000000000001,0.8,,,,0.6000000000000001,0.4
808,,,,,0.6000000000000001,0.8,,,,0.8,0.4
809,,,,,0.6000000000000001,0.8,,,,1.0,0.4
810,,,,,0.6000000000000001,0.8,,,,0.0,0.6000000000000001
811,,,,,0.6000000000000001,0.8,,,,0.2,0.6000000000000001
812,,,,,0.6000000000000001,0.8,,,,0.4,0.6000000000000001
813,,,,,0.6000000000000001,0.8,,,,0.6000000000000001,0.6000000000000001
814,,,,,0.6000000000000001,0.8,,,,0.8,0.6000000000000001
815,,,,,0.6000000000000001,0.8,,,,1.0,0.6000000000000001
816,,,,,0.6000000000000001,0.8,,,,0.0,0.8
817,,,,,0.6000000000000001,0.8,,,,0.2,0.8
818,,,,,0.6000000000000001,0.8,,,,0.4,0.8
819,,,,,0.6000000000000001,0.8,,,,0.6000000000000001,0.8
820,,,,,0.6000000000000001,0.8,,,,0.8,0.8
821,,,,,0.6000000000000001,0.8,,,,1.0,0.8
822,,,,,0.6000000000000001,0.8,,,,0.0,1.0
823,,,,,0.6000000000000001,0.8,,,,0.2,1.0
824,,,,,0.6000000000000001,0.8,,,,0.4,1.0
825,,,,,0.6000000000000001,0.8,,,,0.6000000000000001,1.0
826,,,,,0.6000000000000001,0.8,,,,0.8,1.0
827,,,,,0.6000000000000001,0.8,,,,1.0,1.0
828,,,,,0.6000000000000001,1.0,,,,0.0,0.0
829,,,,,0.6000000000000001,1.0,,,,0.2,0.0
830,,,,,0.6000000000000001,1.0,,,,0.4,0.0
831,,,,,0.6000000000000001,1.0,,,,0.6000000000000001,0.0
832,,,,,0.6000000000000001,1.0,,,,0.8,0.0
833,,,,,0.6000000000000001,1.0,,,,1.0,0.0
834,,,,,0.6000000000000001,1.0,,,,0.0,0.2
835,,,,,0.6000000000000001,1.0,,,,0.2,0.2
836,,,,,0.6000000000000001,1.0,,,,0.4,0.2
837,,,,,0.6000000000000001,1.0,,,,0.6000000000000001,0.2
838,,,,,0.6000000000000001,1.0,,,,0.8,0.2
839,,,,,0.6000000000000001,1.0,,,,1.0,0.2
840,,,,,0.6000000000000001,1.0,,,,0.0,0.4
841,,,,,0.6000000000000001,1.0,,,,0.2,0.4
842,,,,,0.6000000000000001,1.0,,,,0.4,0.4
843,,,,,0.6000000000000001,1.0,,,,0.6000000000000001,0.4
844,,,,,0.6000000000000001,1.0,,,,0.8,0.4
845,,,,,0.6000000000000001,1.0,,,,1.0,0.4
846,,,,,0.6000000000000001,1.0,,,,0.0,0.6000000000000001
847,,,,,0.6000000000000001,1.0,,,,0.2,0.6000000000000001
848,,,,,0.6000000000000001,1.0,,,,0.4,0.6000000000000001
849,,,,,0.6000000000000001,1.0,,,,0.6000000000000001,0.6000000000000001
850,,,,,0.6000000000000001,1.0,,,,0.8,0.6000000000000001
851,,,,,0.6000000000000001,1.0,,,,1.0,0.6000000000000001
852,,,,,0.6000000000000001,1.0,,,,0.0,0.8
853,,,,,0.6000000000000001,1.0,,,,0.2,0.8
854,,,,,0.6000000000000001,1.0,,,,0.4,0.8
855,,,,,0.6000000000000001,1.0,,,,0.6000000000000001,0.8
856,,,,,0.6000000000000001,1.0,,,,0.8,0.8
857,,,,,0.6000000000000001,1.0,,,,1.0,0.8
858,,,,,0.6000000000000001,1.0,,,,0.0,1.0
859,,,,,0.6000000000000001,1.0,,,,0.2,1.0
860,,,,,0.6000000000000001,1.0,,,,0.4,1.0
861,,,,,0.6000000000000001,1.0,,,,0.6000000000000001,1.0
862,,,,,0.6000000000000001,1.0,,,,0.8,1.0
863,,,,,0.6000000000000001,1.0,,,,1.0,1.0
864,,,,,0.8,0.0,,,,0.0,0.0
865,,,,,0.8,0.0,,,,0.2,0.0
866,,,,,0.8,0.0,,,,0.4,0.0
867,,,,,0.8,0.0,,,,0.6000000000000001,0.0
868,,,,,0.8,0.0,,,,0.8,0.0
869,,,,,0.8,0.0,,,,1.0,0.0
870,,,,,0.8,0.0,,,,0.0,0.2
871,,,,,0.8,0.0,,,,0.2,0.2
872,,,,,0.8,0.0,,,,0.4,0.2
873,,,,,0.8,0.0,,,,0.6000000000000001,0.2
874,,,,,0.8,0.0,,,,0.8,0.2
875,,,,,0.8,0.0,,,,1.0,0.2
876,,,,,0.8,0.0,,,,0.0,0.4
877,,,,,0.8,0.0,,,,0.2,0.4
878,,,,,0.8,0.0,,,,0.4,0.4
879,,,,,0.8,0.0,,,,0.6000000000000001,0.4
880,,,,,0.8,0.0,,,,0.8,0.4
881,,,,,0.8,0.0,,,,1.0,0.4
882,,,,,0.8,0.0,,,,0.0,0.6000000000000001
883,,,,,0.8,0.0,,,,0.2,0.6000000000000001
884,,,,,0.8,0.0,,,,0.4,0.6000000000000001
885,,,,,0.8,0.0,,,,0.6000000000000001,0.6000000000000001
886,,,,,0.8,0.0,,,,0.8,0.6000000000000001
887,,,,,0.8,0.0,,,,1.0,0.6000000000000001
888,,,,,0.8,0.0,,,,0.0,0.8
889,,,,,0.8,0.0,,,,0.2,0.8
890,,,,,0.8,0.0,,,,0.4,0.8
891,,,,,0.8,0.0,,,,0.6000000000000001,0.8
892,,,,,0.8,0.0,,,,0.8,0.8
893,,,,,0.8,0.0,,,,1.0,0.8
894,,,,,0.8,0.0,,,,0.0,1.0
895,,,,,0.8,0.0,,,,0.2,1.0
896,,,,,0.8,0.0,,,,0.4,1.0
897,,,,,0.8,0.0,,,,0.6000000000000001,1.0
898,,,,,0.8,0.0,,,,0.8,1.0
899,,,,,0.8,0.0,,,,1.0,1.0
900,,,,,0.8,0.2,,,,0.0,0.0
901,,,,,0.8,0.2,,,,0.2,0.0
902,,,,,0.8,0.2,,,,0.4,0.0
903,,,,,0.8,0.2,,,,0.6000000000000001,0.0
904,,,,,0.8,0.2,,,,0.8,0.0
905,,,,,0.8,0.2,,,,1.0,0.0
906,,,,,0.8,0.2,,,,0.0,0.2
907,,,,,0.8,0.2,,,,0.2,0.2
908,,,,,0.8,0.2,,,,0.4,0.2
909,,,,,0.8,0.2,,,,0.6000000000000001,0.2
910,,,,,0.8,0.2,,,,0.8,0.2
911,,,,,0.8,0.2,,,,1.0,0.2
912,,,,,0.8,0.2,,,,0.0,0.4
913,,,,,0.8,0.2,,,,0.2,0.4
914,,,,,0.8,0.2,,,,0.4,0.4
915,,,,,0.8,0.2,,,,0.6000000000000001,0.4
916,,,,,0.8,0.2,,,,0.8,0.4
917,,,,,0.8,0.2,,,,1.0,0.4
918,,,,,0.8,0.2,,,,0.0,0.6000000000000001
919,,,,,0.8,0.2,,,,0.2,0.6000000000000001
920,,,,,0.8,0.2,,,,0.4,0.6000000000000001
921,,,,,0.8,0.2,,,,0.6000000000000001,0.6000000000000001
922,,,,,0.8,0.2,,,,0.8,0.6000000000000001
923,,,,,0.8,0.2,,,,1.0,0.6000000000000001
924,,,,,0.8,0.2,,,,0.0,0.8
925,,,,,0.8,0.2,,,,0.2,0.8
926,,,,,0.8,0.2,,,,0.4,0.8
927,,,,,0.8,0.2,,,,0.6000000000000001,0.8
928,,,,,0.8,0.2,,,,0.8,0.8
929,,,,,0.8,0.2,,,,1.0,0.8
930,,,,,0.8,0.2,,,,0.0,1.0
931,,,,,0.8,0.2,,,,0.2,1.0
932,,,,,0.8,0.2,,,,0.4,1.0
933,,,,,0.8,0.2,,,,0.6000000000000001,1.0
934,,,,,0.8,0.2,,,,0.8,1.0
935,,,,,0.8,0.2,,,,1.0,1.0
936,,,,,0.8,0.4,,,,0.0,0.0
937,,,,,0.8,0.4,,,,0.2,0.0
938,,,,,0.8,0.4,,,,0.4,0.0
939,,,,,0.8,0.4,,,,0.6000000000000001,0.0
940,,,,,0.8,0.4,,,,0.8,0.0
941,,,,,0.8,0.4,,,,1.0,0.0
942,,,,,0.8,0.4,,,,0.0,0.2
943,,,,,0.8,0.4,,,,0.2,0.2
944,,,,,0.8,0.4,,,,0.4,0.2
945,,,,,0.8,0.4,,,,0.6000000000000001,0.2
946,,,,,0.8,0.4,,,,0.8,0.2
947,,,,,0.8,0.4,,,,1.0,0.2
948,,,,,0.8,0.4,,,,0.0,0.4
949,,,,,0.8,0.4,,,,0.2,0.4
950,,,,,0.8,0.4,,,,0.4,0.4
951,,,,,0.8,0.4,,,,0.6000000000000001,0.4
952,,,,,0.8,0.4,,,,0.8,0.4
953,,,,,0.8,0.4,,,,1.0,0.4
954,,,,,0.8,0.4,,,,0.0,0.6000000000000001
955,,,,,0.8,0.4,,,,0.2,0.6000000000000001
956,,,,,0.8,0.4,,,,0.4,0.6000000000000001
957,,,,,0.8,0.4,,,,0.6000000000000001,0.6000000000000001
958,,,,,0.8,0.4,,,,0.8,0.6000000000000001
959,,,,,0.8,0.4,,,,1.0,0.6000000000000001
960,,,,,0.8,0.4,,,,0.0,0.8
961,,,,,0.8,0.4,,,,0.2,0.8
962,,,,,0.8,0.4,,,,0.4,0.8
963,,,,,0.8,0.4,,,,0.6000000000000001,0.8
964,,,,,0.8,0.4,,,,0.8,0.8
965,,,,,0.8,0.4,,,,1.0,0.8
966,,,,,0.8,0.4,,,,0.0,1.0
967,,,,,0.8,0.4,,,,0.2,1.0
968,,,,,0.8,0.4,,,,0.4,1.0
969,,,,,0.8,0.4,,,,0.6000000000000001,1.0
970,,,,,0.8,0.4,,,,0.8,1.0
971,,,,,0.8,0.4,,,,1.0,1.0
972,,,,,0.8,0.6000000000000001,,,,0.0,0.0
973,,,,,0.8,0.6000000000000001,,,,0.2,0.0
974,,,,,0.8,0.6000000000000001,,,,0.4,0.0
975,,,,,0.8,0.6000000000000001,,,,0.6000000000000001,0.0
976,,,,,0.8,0.6000000000000001,,,,0.8,0.0
977,,,,,0.8,0.6000000000000001,,,,1.0,0.0
978,,,,,0.8,0.6000000000000001,,,,0.0,0.2
979,,,,,0.8,0.6000000000000001,,,,0.2,0.2
980,,,,,0.8,0.6000000000000001,,,,0.4,0.2
981,,,,,0.8,0.6000000000000001,,,,0.6000000000000001,0.2
982,,,,,0.8,0.6000000000000001,,,,0.8,0.2
983,,,,,0.8,0.6000000000000001,,,,1.0,0.2
984,,,,,0.8,0.6000000000000001,,,,0.0,0.4
985,,,,,0.8,0.6000000000000001,,,,0.2,0.4
986,,,,,0.8,0.6000000000000001,,,,0.4,0.4
987,,,,,0.8,0.6000000000000001,,,,0.6000000000000001,0.4
988,,,,,0.8,0.6000000000000001,,,,0.8,0.4
989,,,,,0.8,0.6000000000000001,,,,1.0,0.4
990,,,,,0.8,0.6000000000000001,,,,0.0,0.6000000000000001
991,,,,,0.8,0.6000000000000001,,,,0.2,0.6000000000000001
992,,,,,0.8,0.6000000000000001,,,,0.4,0.6000000000000001
993,,,,,0.8,0.6000000000000001,,,,0.6000000000000001,0.6000000000000001
994,,,,,0.8,0.6000000000000001,,,,0.8,0.6000000000000001
995,,,,,0.8,0.6000000000000001,,,,1.0,0.6000000000000001
996,,,,,0.8,0.6000000000000001,,,,0.0,0.8
997,,,,,0.8,0.6000000000000001,,,,0.2,0.8
998,,,,,0.8,0.6000000000000001,,,,0.4,0.8
999,,,,,0.8,0.6000000000000001,,,,0.6000000000000001,0.8
1000,,,,,0.8,0.6000000000000001,,,,0.8,0.8
1001,,,,,0.8,0.6000000000000001,,,,1.0,0.8
1002,,,,,0.8,0.6000000000000001,,,,0.0,1.0
1003,,,,,0.8,0.6000000000000001,,,,0.2,1.0
1004,,,,,0.8,0.6000000000000001,,,,0.4,1.0
1005,,,,,0.8,0.6000000000000001,,,,0.6000000000000001,1.0
1006,,,,,0.8,0.6000000000000001,,,,0.8,1.0
1007,,,,,0.8,0.6000000000000001,,,,1.0,1.0
1008,,,,,0.8,0.8,,,,0.0,0.0
1009,,,,,0.8,0.8,,,,0.2,0.0
1010,,,,,0.8,0.8,,,,0.4,0.0
1011,,,,,0.8,0.8,,,,0.6000000000000001,0.0
1012,,,,,0.8,0.8,,,,0.8,0.0
1013,,,,,0.8,0.8,,,,1.0,0.0
1014,,,,,0.8,0.8,,,,0.0,0.2
1015,,,,,0.8,0.8,,,,0.2,0.2
1016,,,,,0.8,0.8,,,,0.4,0.2
1017,,,,,0.8,0.8,,,,0.6000000000000001,0.2
1018,,,,,0.8,0.8,,,,0.8,0.2
1019,,,,,0.8,0.8,,,,1.0,0.2
1020,,,,,0.8,0.8,,,,0.0,0.4
1021,,,,,0.8,0.8,,,,0.2,0.4
1022,,,,,0.8,0.8,,,,0.4,0.4
1023,,,,,0.8,0.8,,,,0.6000000000000001,0.4
1024,,,,,0.8,0.8,,,,0.8,0.4
1025,,,,,0.8,0.8,,,,1.0,0.4
1026,,,,,0.8,0.8,,,,0.0,0.6000000000000001
1027,,,,,0.8,0.8,,,,0.2,0.6000000000000001
1028,,,,,0.8,0.8,,,,0.4,0.6000000000000001
1029,,,,,0.8,0.8,,,,0.6000000000000001,0.6000000000000001
1030,,,,,0.8,0.8,,,,0.8,0.6000000000000001
1031,,,,,0.8,0.8,,,,1.0,0.6000000000000001
1032,,,,,0.8,0.8,,,,0.0,0.8
1033,,,,,0.8,0.8,,,,0.2,0.8
1034,,,,,0.8,0.8,,,,0.4,0.8
1035,,,,,0.8,0.8,,,,0.6000000000000001,0.8
1036,,,,,0.8,0.8,,,,0.8,0.8
1037,,,,,0.8,0.8,,,,1.0,0.8
1038,,,,,0.8,0.8,,,,0.0,1.0
1039,,,,,0.8,0.8,,,,0.2,1.0
1040,,,,,0.8,0.8,,,,0.4,1.0
1041,,,,,0.8,0.8,,,,0.6000000000000001,1.0
1042,,,,,0.8,0.8,,,,0.8,1.0
1043,,,,,0.8,0.8,,,,1.0,1.0
1044,,,,,0.8,1.0,,,,0.0,0.0
1045,,,,,0.8,1.0,,,,0.2,0.0
1046,,,,,0.8,1.0,,,,0.4,0.0
1047,,,,,0.8,1.0,,,,0.6000000000000001,0.0
1048,,,,,0.8,1.0,,,,0.8,0.0
1049,,,,,0.8,1.0,,,,1.0,0.0
1050,,,,,0.8,1.0,,,,0.0,0.2
1051,,,,,0.8,1.0,,,,0.2,0.2
1052,,,,,0.8,1.0,,,,0.4,0.2
1053,,,,,0.8,1.0,,,,0.6000000000000001,0.2
1054,,,,,0.8,1.0,,,,0.8,0.2
1055,,,,,0.8,1.0,,,,1.0,0.2
1056,,,,,0.8,1.0,,,,0.0,0.4
1057,,,,,0.8,1.0,,,,0.2,0.4
1058,,,,,0.8,1.0,,,,0.4,0.4
1059,,,,,0.8,1.0,,,,0.6000000000000001,0.4
1060,,,,,0.8,1.0,,,,0.8,0.4
1061,,,,,0.8,1.0,,,,1.0,0.4
1062,,,,,0.8,1.0,,,,0.0,0.6000000000000001
1063,,,,,0.8,1.0,,,,0.2,0.6000000000000001
1064,,,,,0.8,1.0,,,,0.4,0.6000000000000001
1065,,,,,0.8,1.0,,,,0.6000000000000001,0.6000000000000001
1066,,,,,0.8,1.0,,,,0.8,0.6000000000000001
1067,,,,,0.8,1.0,,,,1.0,0.6000000000000001
1068,,,,,0.8,1.0,,,,0.0,0.8
1069,,,,,0.8,1.0,,,,0.2,0.8
1070,,,,,0.8,1.0,,,,0.4,0.8
1071,,,,,0.8,1.0,,,,0.6000000000000001,0.8
1072,,,,,0.8,1.0,,,,0.8,0.8
1073,,,,,0.8,1.0,,,,1.0,0.8
1074,,,,,0.8,1.0,,,,0.0,1.0
1075,,,,,0.8,1.0,,,,0.2,1.0
1076,,,,,0.8,1.0,,,,0.4,1.0
1077,,,,,0.8,1.0,,,,0.6000000000000001,1.0
1078,,,,,0.8,1.0,,,,0.8,1.0
1079,,,,,0.8,1.0,,,,1.0,1.0
1080,,,,,1.0,0.0,,,,0.0,0.0
1081,,,,,1.0,0.0,,,,0.2,0.0
1082,,,,,1.0,0.0,,,,0.4,0.0
1083,,,,,1.0,0.0,,,,0.6000000000000001,0.0
1084,,,,,1.0,0.0,,,,0.8,0.0
1085,,,,,1.0,0.0,,,,1.0,0.0
1086,,,,,1.0,0.0,,,,0.0,0.2
1087,,,,,1.0,0.0,,,,0.2,0.2
1088,,,,,1.0,0.0,,,,0.4,0.2
1089,,,,,1.0,0.0,,,,0.6000000000000001,0.2
1090,,,,,1.0,0.0,,,,0.8,0.2
1091,,,,,1.0,0.0,,,,1.0,0.2
1092,,,,,1.0,0.0,,,,0.0,0.4
1093,,,,,1.0,0.0,,,,0.2,0.4
1094,,,,,1.0,0.0,,,,0.4,0.4
1095,,,,,1.0,0.0,,,,0.6000000000000001,0.4
1096,,,,,1.0,0.0,,,,0.8,0.4
1097,,,,,1.0,0.0,,,,1.0,0.4
1098,,,,,1.0,0.0,,,,0.0,0.6000000000000001
1099,,,,,1.0,0.0,,,,0.2,0.6000000000000001
1100,,,,,1.0,0.0,,,,0.4,0.6000000000000001
1101,,,,,1.0,0.0,,,,0.6000000000000001,0.6000000000000001
1102,,,,,1.0,0.0,,,,0.8,0.6000000000000001
1103,,,,,1.0,0.0,,,,1.0,0.6000000000000001
1104,,,,,1.0,0.0,,,,0.0,0.8
1105,,,,,1.0,0.0,,,,0.2,0.8
1106,,,,,1.0,0.0,,,,0.4,0.8
1107,,,,,1.0,0.0,,,,0.6000000000000001,0.8
1108,,,,,1.0,0.0,,,,0.8,0.8
1109,,,,,1.0,0.0,,,,1.0,0.8
1110,,,,,1.0,0.0,,,,0.0,1.0
1111,,,,,1.0,0.0,,,,0.2,1.0
1112,,,,,1.0,0.0,,,,0.4,1.0
1113,,,,,1.0,0.0,,,,0.6000000000000001,1.0
1114,,,,,1.0,0.0,,,,0.8,1.0
1115,,,,,1.0,0.0,,,,1.0,1.0
1116,,,,,1.0,0.2,,,,0.0,0.0
1117,,,,,1.0,0.2,,,,0.2,0.0
1118,,,,,1.0,0.2,,,,0.4,0.0
1119,,,,,1.0,0.2,,,,0.6000000000000001,0.0
1120,,,,,1.0,0.2,,,,0.8,0.0
1121,,,,,1.0,0.2,,,,1.0,0.0
1122,,,,,1.0,0.2,,,,0.0,0.2
1123,,,,,1.0,0.2,,,,0.2,0.2
1124,,,,,1.0,0.2,,,,0.4,0.2
1125,,,,,1.0,0.2,,,,0.6000000000000001,0.2
1126,,,,,1.0,0.2,,,,0.8,0.2
1127,,,,,1.0,0.2,,,,1.0,0.2
1128,,,,,1.0,0.2,,,,0.0,0.4
1129,,,,,1.0,0.2,,,,0.2,0.4
1130,,,,,1.0,0.2,,,,0.4,0.4
1131,,,,,1.0,0.2,,,,0.6000000000000001,0.4
1132,,,,,1.0,0.2,,,,0.8,0.4
1133,,,,,1.0,0.2,,,,1.0,0.4
1134,,,,,1.0,0.2,,,,0.0,0.6000000000000001
1135,,,,,1.0,0.2,,,,0.2,0.6000000000000001
1136,,,,,1.0,0.2,,,,0.4,0.6000000000000001
1137,,,,,1.0,0.2,,,,0.6000000000000001,0.6000000000000001
1138,,,,,1.0,0.2,,,,0.8,0.6000000000000001
1139,,,,,1.0,0.2,,,,1.0,0.6000000000000001
1140,,,,,1.0,0.2,,,,0.0,0.8
1141,,,,,1.0,0.2,,,,0.2,0.8
1142,,,,,1.0,0.2,,,,0.4,0.8
1143,,,,,1.0,0.2,,,,0.6000000000000001,0.8
1144,,,,,1.0,0.2,,,,0.8,0.8
1145,,,,,1.0,0.2,,,,1.0,0.8
1146,,,,,1.0,0.2,,,,0.0,1.0
1147,,,,,1.0,0.2,,,,0.2,1.0
1148,,,,,1.0,0.2,,,,0.4,1.0
1149,,,,,1.0,0.2,,,,0.6000000000000001,1.0
1150,,,,,1.0,0.2,,,,0.8,1.0
1151,,,,,1.0,0.2,,,,1.0,1.0
1152,,,,,1.0,0.4,,,,0.0,0.0
1153,,,,,1.0,0.4,,,,0.2,0.0
1154,,,,,1.0,0.4,,,,0.4,0.0
1155,,,,,1.0,0.4,,,,0.6000000000000001,0.0
1156,,,,,1.0,0.4,,,,0.8,0.0
1157,,,,,1.0,0.4,,,,1.0,0.0
1158,,,,,1.0,0.4,,,,0.0,0.2
1159,,,,,1.0,0.4,,,,0.2,0.2
1160,,,,,1.0,0.4,,,,0.4,0.2
1161,,,,,1.0,0.4,,,,0.6000000000000001,0.2
1162,,,,,1.0,0.4,,,,0.8,0.2
1163,,,,,1.0,0.4,,,,1.0,0.2
1164,,,,,1.0,0.4,,,,0.0,0.4
1165,,,,,1.0,0.4,,,,0.2,0.4
1166,,,,,1.0,0.4,,,,0.4,0.4
1167,,,,,1.0,0.4,,,,0.6000000000000001,0.4
1168,,,,,1.0,0.4,,,,0.8,0.4
1169,,,,,1.0,0.4,,,,1.0,0.4
1170,,,,,1.0,0.4,,,,0.0,0.6000000000000001
1171,,,,,1.0,0.4,,,,0.2,0.6000000000000001
1172,,,,,1.0,0.4,,,,0.4,0.6000000000000001
1173,,,,,1.0,0.4,,,,0.6000000000000001,0.6000000000000001
1174,,,,,1.0,0.4,,,,0.8,0.6000000000000001
1175,,,,,1.0,0.4,,,,1.0,0.6000000000000001
1176,,,,,1.0,0.4,,,,0.0,0.8
1177,,,,,1.0,0.4,,,,0.2,0.8
1178,,,,,1.0,0.4,,,,0.4,0.8
1179,,,,,1.0,0.4,,,,0.6000000000000001,0.8
1180,,,,,1.0,0.4,,,,0.8,0.8
1181,,,,,1.0,0.4,,,,1.0,0.8
1182,,,,,1.0,0.4,,,,0.0,1.0
1183,,,,,1.0,0.4,,,,0.2,1.0
1184,,,,,1.0,0.4,,,,0.4,1.0
1185,,,,,1.0,0.4,,,,0.6000000000000001,1.0
1186,,,,,1.0,0.4,,,,0.8,1.0
1187,,,,,1.0,0.4,,,,1.0,1.0
1188,,,,,1.0,0.6000000000000001,,,,0.0,0.0
1189,,,,,1.0,0.6000000000000001,,,,0.2,0.0
1190,,,,,1.0,0.6000000000000001,,,,0.4,0.0
1191,,,,,1.0,0.6000000000000001,,,,0.6000000000000001,0.0
1192,,,,,1.0,0.6000000000000001,,,,0.8,0.0
1193,,,,,1.0,0.6000000000000001,,,,1.0,0.0
1194,,,,,1.0,0.6000000000000001,,,,0.0,0.2
1195,,,,,1.0,0.6000000000000001,,,,0.2,0.2
1196,,,,,1.0,0.6000000000000001,,,,0.4,0.2
1197,,,,,1.0,0.6000000000000001,,,,0.6000000000000001,0.2
1198,,,,,1.0,0.6000000000000001,,,,0.8,0.2
1199,,,,,1.0,0.6000000000000001,,,,1.0,0.2
1200,,,,,1.0,0.6000000000000001,,,,0.0,0.4
1201,,,,,1.0,0.6000000000000001,,,,0.2,0.4
1202,,,,,1.0,0.6000000000000001,,,,0.4,0.4
1203,,,,,1.0,0.6000000000000001,,,,0.6000000000000001,0.4
1204,,,,,1.0,0.6000000000000001,,,,0.8,0.4
1205,,,,,1.0,0.6000000000000001,,,,1.0,0.4
1206,,,,,1.0,0.6000000000000001,,,,0.0,0.6000000000000001
1207,,,,,1.0,0.6000000000000001,,,,0.2,0.6000000000000001
1208,,,,,1.0,0.6000000000000001,,,,0.4,0.6000000000000001
1209,,,,,1.0,0.6000000000000001,,,,0.6000000000000001,0.6000000000000001
1210,,,,,1.0,0.6000000000000001,,,,0.8,0.6000000000000001
1211,,,,,1.0,0.6000000000000001,,,,1.0,0.6000000000000001
1212,,,,,1.0,0.6000000000000001,,,,0.0,0.8
1213,,,,,1.0,0.6000000000000001,,,,0.2,0.8
1214,,,,,1.0,0.6000000000000001,,,,0.4,0.8
1215,,,,,1.0,0.6000000000000001,,,,0.6000000000000001,0.8
1216,,,,,1.0,0.6000000000000001,,,,0.8,0.8
1217,,,,,1.0,0.6000000000000001,,,,1.0,0.8
1218,,,,,1.0,0.6000000000000001,,,,0.0,1.0
1219,,,,,1.0,0.6000000000000001,,,,0.2,1.0
1220,,,,,1.0,0.6000000000000001,,,,0.4,1.0
1221,,,,,1.0,0.6000000000000001,,,,0.6000000000000001,1.0
1222,,,,,1.0,0.6000000000000001,,,,0.8,1.0
1223,,,,,1.0,0.6000000000000001,,,,1.0,1.0
1224,,,,,1.0,0.8,,,,0.0,0.0
1225,,,,,1.0,0.8,,,,0.2,0.0
1226,,,,,1.0,0.8,,,,0.4,0.0
1227,,,,,1.0,0.8,,,,0.6000000000000001,0.0
1228,,,,,1.0,0.8,,,,0.8,0.0
1229,,,,,1.0,0.8,,,,1.0,0.0
1230,,,,,1.0,0.8,,,,0.0,0.2
1231,,,,,1.0,0.8,,,,0.2,0.2
1232,,,,,1.0,0.8,,,,0.4,0.2
1233,,,,,1.0,0.8,,,,0.6000000000000001,0.2
1234,,,,,1.0,0.8,,,,0.8,0.2
1235,,,,,1.0,0.8,,,,1.0,0.2
1236,,,,,1.0,0.8,,,,0.0,0.4
1237,,,,,1.0,0.8,,,,0.2,0.4
1238,,,,,1.0,0.8,,,,0.4,0.4
1239,,,,,1.0,0.8,,,,0.6000000000000001,0.4
1240,,,,,1.0,0.8,,,,0.8,0.4
1241,,,,,1.0,0.8,,,,1.0,0.4
1242,,,,,1.0,0.8,,,,0.0,0.6000000000000001
1243,,,,,1.0,0.8,,,,0.2,0.6000000000000001
1244,,,,,1.0,0.8,,,,0.4,0.6000000000000001
1245,,,,,1.0,0.8,,,,0.6000000000000001,0.6000000000000001
1246,,,,,1.0,0.8,,,,0.8,0.6000000000000001
1247,,,,,1.0,0.8,,,,1.0,0.6000000000000001
1248,,,,,1.0,0.8,,,,0.0,0.8
1249,,,,,1.0,0.8,,,,0.2,0.8
1250,,,,,1.0,0.8,,,,0.4,0.8
1251,,,,,1.0,0.8,,,,0.6000000000000001,0.8
1252,,,,,1.0,0.8,,,,0.8,0.8
1253,,,,,1.0,0.8,,,,1.0,0.8
1254,,,,,1.0,0.8,,,,0.0,1.0
1255,,,,,1.0,0.8,,,,0.2,1.0
1256,,,,,1.0,0.8,,,,0.4,1.0
1257,,,,,1.0,0.8,,,,0.6000000000000001,1.0
1258,,,,,1.0,0.8,,,,0.8,1.0
1259,,,,,1.0,0.8,,,,1.0,1.0
1260,,,,,1.0,1.0,,,,0.0,0.0
1261,,,,,1.0,1.0,,,,0.2,0.0
1262,,,,,1.0,1.0,,,,0.4,0.0
1263,,,,,1.0,1.0,,,,0.6000000000000001,0.0
1264,,,,,1.0,1.0,,,,0.8,0.0
1265,,,,,1.0,1.0,,,,1.0,0.0
1266,,,,,1.0,1.0,,,,0.0,0.2
1267,,,,,1.0,1.0,,,,0.2,0.2
1268,,,,,1.0,1.0,,,,0.4,0.2
1269,,,,,1.0,1.0,,,,0.6000000000000001,0.2
1270,,,,,1.0,1.0,,,,0.8,0.2
1271,,,,,1.0,1.0,,,,1.0,0.2
1272,,,,,1.0,1.0,,,,0.0,0.4
1273,,,,,1.0,1.0,,,,0.2,0.4
1274,,,,,1.0,1.0,,,,0.4,0.4
1275,,,,,1.0,1.0,,,,0.6000000000000001,0.4
1276,,,,,1.0,1.0,,,,0.8,0.4
1277,,,,,1.0,1.0,,,,1.0,0.4
1278,,,,,1.0,1.0,,,,0.0,0.6000000000000001
1279,,,,,1.0,1.0,,,,0.2,0.6000000000000001
1280,,,,,1.0,1.0,,,,0.4,0.6000000000000001
1281,,,,,1.0,1.0,,,,0.6000000000000001,0.6000000000000001
1282,,,,,1.0,1.0,,,,0.8,0.6000000000000001
1283,,,,,1.0,1.0,,,,1.0,0.6000000000000001
1284,,,,,1.0,1.0,,,,0.0,0.8
1285,,,,,1.0,1.0,,,,0.2,0.8
1286,,,,,1.0,1.0,,,,0.4,0.8
1287,,,,,1.0,1.0,,,,0.6000000000000001,0.8
1288,,,,,1.0,1.0,,,,0.8,0.8
1289,,,,,1.0,1.0,,,,1.0,0.8
1290,,,,,1.0,1.0,,,,0.0,1.0
1291,,,,,1.0,1.0,,,,0.2,1.0
1292,,,,,1.0,1.0,,,,0.4,1.0
1293,,,,,1.0,1.0,,,,0.6000000000000001,1.0
1294,,,,,1.0,1.0,,,,0.8,1.0
1295,,,,,1.0,1.0,,,,1.0,1.0
