,Series,k,centroidNum,Mean,stdDev,count
1,6,1296,1,,,0
2,6,1296,2,4.385644975416561,5.065357637606879,3
3,6,1296,3,7.255755345186439,5.652012529237619,3
4,6,1296,4,2.593362138660929,2.8649328223371713,2
5,6,1296,5,,,0
6,6,1296,6,,,0
7,6,1296,7,49.56725059242615,,1
8,6,1296,8,,,0
9,6,1296,9,3.0822496028545006,1.8177815717535395,10
10,6,1296,10,,,0
11,6,1296,11,,,0
12,6,1296,12,,,0
13,6,1296,13,,,0
14,6,1296,14,,,0
15,6,1296,15,6.298847444498556,2.48961740403464,2
16,6,1296,16,1.7979688569152048,2.1012749703251883,4
17,6,1296,17,,,0
18,6,1296,18,,,0
19,6,1296,19,,,0
20,6,1296,20,,,0
21,6,1296,21,,,0
22,6,1296,22,2.3263725148587184,0.45545342130806427,2
23,6,1296,23,,,0
24,6,1296,24,,,0
25,6,1296,25,,,0
26,6,1296,26,,,0
27,6,1296,27,,,0
28,6,1296,28,,,0
29,6,1296,29,,,0
30,6,1296,30,,,0
31,6,1296,31,,,0
32,6,1296,32,,,0
33,6,1296,33,,,0
34,6,1296,34,,,0
35,6,1296,35,,,0
36,6,1296,36,,,0
37,6,1296,37,,,0
38,6,1296,38,,,0
39,6,1296,39,5.129091715606116,2.518156223594635,7
40,6,1296,40,2.9904246448564886,,1
41,6,1296,41,,,0
42,6,1296,42,,,0
43,6,1296,43,,,0
44,6,1296,44,,,0
45,6,1296,45,2.7117485773022594,0.16799184371707487,2
46,6,1296,46,2.42059276078624,3.3164496438468043,3
47,6,1296,47,,,0
48,6,1296,48,,,0
49,6,1296,49,,,0
50,6,1296,50,,,0
51,6,1296,51,6.143321133429652,0.20550431463129187,2
52,6,1296,52,4.136249757100184,1.7073386284946157,3
53,6,1296,53,,,0
54,6,1296,54,,,0
55,6,1296,55,,,0
56,6,1296,56,,,0
57,6,1296,57,24.829189705269442,,1
58,6,1296,58,6.935928518544856,0.7716289676041451,2
59,6,1296,59,,,0
60,6,1296,60,,,0
61,6,1296,61,,,0
62,6,1296,62,,,0
63,6,1296,63,,,0
64,6,1296,64,,,0
65,6,1296,65,,,0
66,6,1296,66,,,0
67,6,1296,67,,,0
68,6,1296,68,,,0
69,6,1296,69,,,0
70,6,1296,70,,,0
71,6,1296,71,,,0
72,6,1296,72,,,0
73,6,1296,73,,,0
74,6,1296,74,,,0
75,6,1296,75,,,0
76,6,1296,76,,,0
77,6,1296,77,,,0
78,6,1296,78,,,0
79,6,1296,79,,,0
80,6,1296,80,,,0
81,6,1296,81,,,0
82,6,1296,82,,,0
83,6,1296,83,,,0
84,6,1296,84,,,0
85,6,1296,85,,,0
86,6,1296,86,,,0
87,6,1296,87,,,0
88,6,1296,88,,,0
89,6,1296,89,,,0
90,6,1296,90,,,0
91,6,1296,91,,,0
92,6,1296,92,,,0
93,6,1296,93,,,0
94,6,1296,94,,,0
95,6,1296,95,,,0
96,6,1296,96,,,0
97,6,1296,97,,,0
98,6,1296,98,,,0
99,6,1296,99,,,0
100,6,1296,100,,,0
101,6,1296,101,,,0
102,6,1296,102,,,0
103,6,1296,103,,,0
104,6,1296,104,,,0
105,6,1296,105,,,0
106,6,1296,106,,,0
107,6,1296,107,,,0
108,6,1296,108,,,0
109,6,1296,109,,,0
110,6,1296,110,,,0
111,6,1296,111,,,0
112,6,1296,112,,,0
113,6,1296,113,,,0
114,6,1296,114,,,0
115,6,1296,115,,,0
116,6,1296,116,,,0
117,6,1296,117,,,0
118,6,1296,118,,,0
119,6,1296,119,,,0
120,6,1296,120,,,0
121,6,1296,121,,,0
122,6,1296,122,,,0
123,6,1296,123,,,0
124,6,1296,124,,,0
125,6,1296,125,,,0
126,6,1296,126,,,0
127,6,1296,127,,,0
128,6,1296,128,,,0
129,6,1296,129,,,0
130,6,1296,130,,,0
131,6,1296,131,,,0
132,6,1296,132,,,0
133,6,1296,133,,,0
134,6,1296,134,,,0
135,6,1296,135,,,0
136,6,1296,136,,,0
137,6,1296,137,,,0
138,6,1296,138,,,0
139,6,1296,139,,,0
140,6,1296,140,,,0
141,6,1296,141,,,0
142,6,1296,142,,,0
143,6,1296,143,,,0
144,6,1296,144,,,0
145,6,1296,145,,,0
146,6,1296,146,,,0
147,6,1296,147,,,0
148,6,1296,148,,,0
149,6,1296,149,,,0
150,6,1296,150,,,0
151,6,1296,151,,,0
152,6,1296,152,,,0
153,6,1296,153,,,0
154,6,1296,154,,,0
155,6,1296,155,,,0
156,6,1296,156,,,0
157,6,1296,157,,,0
158,6,1296,158,,,0
159,6,1296,159,,,0
160,6,1296,160,,,0
161,6,1296,161,,,0
162,6,1296,162,,,0
163,6,1296,163,,,0
164,6,1296,164,,,0
165,6,1296,165,,,0
166,6,1296,166,,,0
167,6,1296,167,,,0
168,6,1296,168,,,0
169,6,1296,169,,,0
170,6,1296,170,,,0
171,6,1296,171,,,0
172,6,1296,172,,,0
173,6,1296,173,,,0
174,6,1296,174,,,0
175,6,1296,175,,,0
176,6,1296,176,,,0
177,6,1296,177,,,0
178,6,1296,178,,,0
179,6,1296,179,,,0
180,6,1296,180,,,0
181,6,1296,181,,,0
182,6,1296,182,,,0
183,6,1296,183,,,0
184,6,1296,184,,,0
185,6,1296,185,,,0
186,6,1296,186,,,0
187,6,1296,187,,,0
188,6,1296,188,,,0
189,6,1296,189,,,0
190,6,1296,190,,,0
191,6,1296,191,,,0
192,6,1296,192,,,0
193,6,1296,193,,,0
194,6,1296,194,,,0
195,6,1296,195,,,0
196,6,1296,196,,,0
197,6,1296,197,,,0
198,6,1296,198,,,0
199,6,1296,199,,,0
200,6,1296,200,,,0
201,6,1296,201,,,0
202,6,1296,202,,,0
203,6,1296,203,,,0
204,6,1296,204,,,0
205,6,1296,205,,,0
206,6,1296,206,,,0
207,6,1296,207,,,0
208,6,1296,208,,,0
209,6,1296,209,,,0
210,6,1296,210,,,0
211,6,1296,211,,,0
212,6,1296,212,,,0
213,6,1296,213,,,0
214,6,1296,214,,,0
215,6,1296,215,,,0
216,6,1296,216,,,0
217,6,1296,217,,,0
218,6,1296,218,,,0
219,6,1296,219,,,0
220,6,1296,220,,,0
221,6,1296,221,,,0
222,6,1296,222,,,0
223,6,1296,223,,,0
224,6,1296,224,,,0
225,6,1296,225,,,0
226,6,1296,226,,,0
227,6,1296,227,,,0
228,6,1296,228,,,0
229,6,1296,229,,,0
230,6,1296,230,,,0
231,6,1296,231,2.2478799584343387,,1
232,6,1296,232,3.3029730985072567,3.652059973643468,3
233,6,1296,233,,,0
234,6,1296,234,,,0
235,6,1296,235,,,0
236,6,1296,236,,,0
237,6,1296,237,,,0
238,6,1296,238,,,0
239,6,1296,239,,,0
240,6,1296,240,,,0
241,6,1296,241,,,0
242,6,1296,242,,,0
243,6,1296,243,,,0
244,6,1296,244,,,0
245,6,1296,245,,,0
246,6,1296,246,,,0
247,6,1296,247,,,0
248,6,1296,248,,,0
249,6,1296,249,,,0
250,6,1296,250,,,0
251,6,1296,251,,,0
252,6,1296,252,,,0
253,6,1296,253,,,0
254,6,1296,254,,,0
255,6,1296,255,1.5821025164595455,0.8964876664384162,5
256,6,1296,256,,,0
257,6,1296,257,,,0
258,6,1296,258,,,0
259,6,1296,259,,,0
260,6,1296,260,,,0
261,6,1296,261,3.3069722555172074,2.4250578597029335,8
262,6,1296,262,2.3845397087402596,2.1826113906174442,4
263,6,1296,263,,,0
264,6,1296,264,,,0
265,6,1296,265,,,0
266,6,1296,266,,,0
267,6,1296,267,5.344713090090404,4.638938589671354,3
268,6,1296,268,3.194474970449818,4.369097525529668,2
269,6,1296,269,,,0
270,6,1296,270,,,0
271,6,1296,271,,,0
272,6,1296,272,,,0
273,6,1296,273,,,0
274,6,1296,274,6.6964781291487725,,1
275,6,1296,275,,,0
276,6,1296,276,,,0
277,6,1296,277,,,0
278,6,1296,278,,,0
279,6,1296,279,,,0
280,6,1296,280,,,0
281,6,1296,281,,,0
282,6,1296,282,,,0
283,6,1296,283,,,0
284,6,1296,284,,,0
285,6,1296,285,,,0
286,6,1296,286,,,0
287,6,1296,287,,,0
288,6,1296,288,,,0
289,6,1296,289,,,0
290,6,1296,290,,,0
291,6,1296,291,,,0
292,6,1296,292,2.85623587806343,2.242186928149616,3
293,6,1296,293,,,0
294,6,1296,294,,,0
295,6,1296,295,,,0
296,6,1296,296,,,0
297,6,1296,297,,,0
298,6,1296,298,0.44825473792828063,,1
299,6,1296,299,,,0
300,6,1296,300,,,0
301,6,1296,301,,,0
302,6,1296,302,,,0
303,6,1296,303,,,0
304,6,1296,304,,,0
305,6,1296,305,,,0
306,6,1296,306,,,0
307,6,1296,307,,,0
308,6,1296,308,,,0
309,6,1296,309,,,0
310,6,1296,310,,,0
311,6,1296,311,,,0
312,6,1296,312,,,0
313,6,1296,313,,,0
314,6,1296,314,,,0
315,6,1296,315,,,0
316,6,1296,316,,,0
317,6,1296,317,,,0
318,6,1296,318,,,0
319,6,1296,319,,,0
320,6,1296,320,,,0
321,6,1296,321,,,0
322,6,1296,322,,,0
323,6,1296,323,,,0
324,6,1296,324,,,0
325,6,1296,325,,,0
326,6,1296,326,,,0
327,6,1296,327,,,0
328,6,1296,328,,,0
329,6,1296,329,,,0
330,6,1296,330,,,0
331,6,1296,331,,,0
332,6,1296,332,,,0
333,6,1296,333,,,0
334,6,1296,334,,,0
335,6,1296,335,,,0
336,6,1296,336,,,0
337,6,1296,337,,,0
338,6,1296,338,,,0
339,6,1296,339,,,0
340,6,1296,340,,,0
341,6,1296,341,,,0
342,6,1296,342,,,0
343,6,1296,343,,,0
344,6,1296,344,,,0
345,6,1296,345,,,0
346,6,1296,346,,,0
347,6,1296,347,,,0
348,6,1296,348,,,0
349,6,1296,349,,,0
350,6,1296,350,,,0
351,6,1296,351,,,0
352,6,1296,352,,,0
353,6,1296,353,,,0
354,6,1296,354,,,0
355,6,1296,355,,,0
356,6,1296,356,,,0
357,6,1296,357,,,0
358,6,1296,358,,,0
359,6,1296,359,,,0
360,6,1296,360,,,0
361,6,1296,361,,,0
362,6,1296,362,,,0
363,6,1296,363,,,0
364,6,1296,364,,,0
365,6,1296,365,,,0
366,6,1296,366,,,0
367,6,1296,367,,,0
368,6,1296,368,,,0
369,6,1296,369,,,0
370,6,1296,370,,,0
371,6,1296,371,,,0
372,6,1296,372,,,0
373,6,1296,373,,,0
374,6,1296,374,,,0
375,6,1296,375,,,0
376,6,1296,376,,,0
377,6,1296,377,,,0
378,6,1296,378,,,0
379,6,1296,379,,,0
380,6,1296,380,,,0
381,6,1296,381,,,0
382,6,1296,382,,,0
383,6,1296,383,,,0
384,6,1296,384,,,0
385,6,1296,385,,,0
386,6,1296,386,,,0
387,6,1296,387,,,0
388,6,1296,388,,,0
389,6,1296,389,,,0
390,6,1296,390,,,0
391,6,1296,391,,,0
392,6,1296,392,,,0
393,6,1296,393,,,0
394,6,1296,394,,,0
395,6,1296,395,,,0
396,6,1296,396,,,0
397,6,1296,397,,,0
398,6,1296,398,,,0
399,6,1296,399,,,0
400,6,1296,400,,,0
401,6,1296,401,,,0
402,6,1296,402,,,0
403,6,1296,403,,,0
404,6,1296,404,,,0
405,6,1296,405,,,0
406,6,1296,406,,,0
407,6,1296,407,,,0
408,6,1296,408,,,0
409,6,1296,409,,,0
410,6,1296,410,,,0
411,6,1296,411,,,0
412,6,1296,412,,,0
413,6,1296,413,,,0
414,6,1296,414,,,0
415,6,1296,415,,,0
416,6,1296,416,,,0
417,6,1296,417,,,0
418,6,1296,418,,,0
419,6,1296,419,,,0
420,6,1296,420,,,0
421,6,1296,421,,,0
422,6,1296,422,,,0
423,6,1296,423,,,0
424,6,1296,424,,,0
425,6,1296,425,,,0
426,6,1296,426,,,0
427,6,1296,427,,,0
428,6,1296,428,,,0
429,6,1296,429,,,0
430,6,1296,430,,,0
431,6,1296,431,,,0
432,6,1296,432,,,0
433,6,1296,433,,,0
434,6,1296,434,,,0
435,6,1296,435,,,0
436,6,1296,436,,,0
437,6,1296,437,,,0
438,6,1296,438,,,0
439,6,1296,439,,,0
440,6,1296,440,,,0
441,6,1296,441,,,0
442,6,1296,442,,,0
443,6,1296,443,,,0
444,6,1296,444,,,0
445,6,1296,445,,,0
446,6,1296,446,,,0
447,6,1296,447,,,0
448,6,1296,448,,,0
449,6,1296,449,,,0
450,6,1296,450,,,0
451,6,1296,451,,,0
452,6,1296,452,,,0
453,6,1296,453,,,0
454,6,1296,454,,,0
455,6,1296,455,,,0
456,6,1296,456,,,0
457,6,1296,457,,,0
458,6,1296,458,,,0
459,6,1296,459,,,0
460,6,1296,460,,,0
461,6,1296,461,,,0
462,6,1296,462,,,0
463,6,1296,463,,,0
464,6,1296,464,,,0
465,6,1296,465,,,0
466,6,1296,466,,,0
467,6,1296,467,,,0
468,6,1296,468,,,0
469,6,1296,469,,,0
470,6,1296,470,,,0
471,6,1296,471,,,0
472,6,1296,472,2.3192101839144432,3.192940150602846,2
473,6,1296,473,,,0
474,6,1296,474,,,0
475,6,1296,475,,,0
476,6,1296,476,,,0
477,6,1296,477,6.208689954114988,2.456884273759887,3
478,6,1296,478,2.6153248540930436,3.1554689567941705,5
479,6,1296,479,,,0
480,6,1296,480,,,0
481,6,1296,481,,,0
482,6,1296,482,,,0
483,6,1296,483,,,0
484,6,1296,484,2.7282422789389216,3.0085253228610065,2
485,6,1296,485,,,0
486,6,1296,486,,,0
487,6,1296,487,,,0
488,6,1296,488,,,0
489,6,1296,489,,,0
490,6,1296,490,0.14873597711111586,,1
491,6,1296,491,,,0
492,6,1296,492,,,0
493,6,1296,493,,,0
494,6,1296,494,,,0
495,6,1296,495,,,0
496,6,1296,496,,,0
497,6,1296,497,,,0
498,6,1296,498,,,0
499,6,1296,499,,,0
500,6,1296,500,,,0
501,6,1296,501,,,0
502,6,1296,502,,,0
503,6,1296,503,,,0
504,6,1296,504,,,0
505,6,1296,505,,,0
506,6,1296,506,,,0
507,6,1296,507,,,0
508,6,1296,508,0.24630433924996,,1
509,6,1296,509,,,0
510,6,1296,510,,,0
511,6,1296,511,,,0
512,6,1296,512,,,0
513,6,1296,513,,,0
514,6,1296,514,0.035371365630254566,,1
515,6,1296,515,0.9081580226624979,0.1765958454209129,2
516,6,1296,516,,,0
517,6,1296,517,,,0
518,6,1296,518,,,0
519,6,1296,519,,,0
520,6,1296,520,1.0487196943672288,0.2942085920423853,2
521,6,1296,521,,,0
522,6,1296,522,,,0
523,6,1296,523,,,0
524,6,1296,524,,,0
525,6,1296,525,,,0
526,6,1296,526,,,0
527,6,1296,527,,,0
528,6,1296,528,,,0
529,6,1296,529,,,0
530,6,1296,530,,,0
531,6,1296,531,,,0
532,6,1296,532,,,0
533,6,1296,533,,,0
534,6,1296,534,,,0
535,6,1296,535,,,0
536,6,1296,536,,,0
537,6,1296,537,,,0
538,6,1296,538,,,0
539,6,1296,539,,,0
540,6,1296,540,,,0
541,6,1296,541,,,0
542,6,1296,542,,,0
543,6,1296,543,,,0
544,6,1296,544,,,0
545,6,1296,545,,,0
546,6,1296,546,,,0
547,6,1296,547,,,0
548,6,1296,548,,,0
549,6,1296,549,,,0
550,6,1296,550,,,0
551,6,1296,551,,,0
552,6,1296,552,,,0
553,6,1296,553,,,0
554,6,1296,554,,,0
555,6,1296,555,,,0
556,6,1296,556,,,0
557,6,1296,557,,,0
558,6,1296,558,,,0
559,6,1296,559,,,0
560,6,1296,560,,,0
561,6,1296,561,,,0
562,6,1296,562,,,0
563,6,1296,563,,,0
564,6,1296,564,,,0
565,6,1296,565,,,0
566,6,1296,566,,,0
567,6,1296,567,,,0
568,6,1296,568,,,0
569,6,1296,569,,,0
570,6,1296,570,,,0
571,6,1296,571,,,0
572,6,1296,572,,,0
573,6,1296,573,,,0
574,6,1296,574,,,0
575,6,1296,575,,,0
576,6,1296,576,,,0
577,6,1296,577,,,0
578,6,1296,578,,,0
579,6,1296,579,,,0
580,6,1296,580,,,0
581,6,1296,581,,,0
582,6,1296,582,,,0
583,6,1296,583,,,0
584,6,1296,584,,,0
585,6,1296,585,,,0
586,6,1296,586,,,0
587,6,1296,587,,,0
588,6,1296,588,,,0
589,6,1296,589,,,0
590,6,1296,590,,,0
591,6,1296,591,,,0
592,6,1296,592,,,0
593,6,1296,593,,,0
594,6,1296,594,,,0
595,6,1296,595,,,0
596,6,1296,596,,,0
597,6,1296,597,,,0
598,6,1296,598,,,0
599,6,1296,599,,,0
600,6,1296,600,,,0
601,6,1296,601,,,0
602,6,1296,602,,,0
603,6,1296,603,,,0
604,6,1296,604,,,0
605,6,1296,605,,,0
606,6,1296,606,,,0
607,6,1296,607,,,0
608,6,1296,608,,,0
609,6,1296,609,,,0
610,6,1296,610,,,0
611,6,1296,611,,,0
612,6,1296,612,,,0
613,6,1296,613,,,0
614,6,1296,614,,,0
615,6,1296,615,,,0
616,6,1296,616,,,0
617,6,1296,617,,,0
618,6,1296,618,,,0
619,6,1296,619,,,0
620,6,1296,620,,,0
621,6,1296,621,,,0
622,6,1296,622,,,0
623,6,1296,623,,,0
624,6,1296,624,,,0
625,6,1296,625,,,0
626,6,1296,626,,,0
627,6,1296,627,,,0
628,6,1296,628,,,0
629,6,1296,629,,,0
630,6,1296,630,,,0
631,6,1296,631,,,0
632,6,1296,632,,,0
633,6,1296,633,,,0
634,6,1296,634,,,0
635,6,1296,635,,,0
636,6,1296,636,,,0
637,6,1296,637,,,0
638,6,1296,638,,,0
639,6,1296,639,,,0
640,6,1296,640,,,0
641,6,1296,641,,,0
642,6,1296,642,,,0
643,6,1296,643,,,0
644,6,1296,644,,,0
645,6,1296,645,,,0
646,6,1296,646,,,0
647,6,1296,647,,,0
648,6,1296,648,,,0
649,6,1296,649,,,0
650,6,1296,650,,,0
651,6,1296,651,,,0
652,6,1296,652,,,0
653,6,1296,653,,,0
654,6,1296,654,,,0
655,6,1296,655,,,0
656,6,1296,656,,,0
657,6,1296,657,,,0
658,6,1296,658,,,0
659,6,1296,659,,,0
660,6,1296,660,,,0
661,6,1296,661,,,0
662,6,1296,662,,,0
663,6,1296,663,,,0
664,6,1296,664,,,0
665,6,1296,665,,,0
666,6,1296,666,,,0
667,6,1296,667,,,0
668,6,1296,668,,,0
669,6,1296,669,,,0
670,6,1296,670,,,0
671,6,1296,671,,,0
672,6,1296,672,,,0
673,6,1296,673,,,0
674,6,1296,674,,,0
675,6,1296,675,,,0
676,6,1296,676,,,0
677,6,1296,677,,,0
678,6,1296,678,,,0
679,6,1296,679,,,0
680,6,1296,680,,,0
681,6,1296,681,,,0
682,6,1296,682,,,0
683,6,1296,683,,,0
684,6,1296,684,,,0
685,6,1296,685,,,0
686,6,1296,686,,,0
687,6,1296,687,,,0
688,6,1296,688,,,0
689,6,1296,689,,,0
690,6,1296,690,,,0
691,6,1296,691,,,0
692,6,1296,692,,,0
693,6,1296,693,,,0
694,6,1296,694,,,0
695,6,1296,695,,,0
696,6,1296,696,,,0
697,6,1296,697,,,0
698,6,1296,698,,,0
699,6,1296,699,,,0
700,6,1296,700,,,0
701,6,1296,701,,,0
702,6,1296,702,,,0
703,6,1296,703,,,0
704,6,1296,704,,,0
705,6,1296,705,,,0
706,6,1296,706,,,0
707,6,1296,707,,,0
708,6,1296,708,,,0
709,6,1296,709,,,0
710,6,1296,710,,,0
711,6,1296,711,,,0
712,6,1296,712,,,0
713,6,1296,713,,,0
714,6,1296,714,,,0
715,6,1296,715,,,0
716,6,1296,716,,,0
717,6,1296,717,,,0
718,6,1296,718,,,0
719,6,1296,719,,,0
720,6,1296,720,,,0
721,6,1296,721,,,0
722,6,1296,722,,,0
723,6,1296,723,,,0
724,6,1296,724,,,0
725,6,1296,725,,,0
726,6,1296,726,,,0
727,6,1296,727,,,0
728,6,1296,728,,,0
729,6,1296,729,,,0
730,6,1296,730,1.8712211153852254,1.3144657779373838,2
731,6,1296,731,,,0
732,6,1296,732,,,0
733,6,1296,733,,,0
734,6,1296,734,,,0
735,6,1296,735,,,0
736,6,1296,736,,,0
737,6,1296,737,,,0
738,6,1296,738,,,0
739,6,1296,739,,,0
740,6,1296,740,,,0
741,6,1296,741,,,0
742,6,1296,742,,,0
743,6,1296,743,,,0
744,6,1296,744,,,0
745,6,1296,745,,,0
746,6,1296,746,,,0
747,6,1296,747,,,0
748,6,1296,748,,,0
749,6,1296,749,,,0
750,6,1296,750,,,0
751,6,1296,751,,,0
752,6,1296,752,,,0
753,6,1296,753,,,0
754,6,1296,754,,,0
755,6,1296,755,,,0
756,6,1296,756,,,0
757,6,1296,757,,,0
758,6,1296,758,,,0
759,6,1296,759,,,0
760,6,1296,760,52.80920214074271,,1
761,6,1296,761,,,0
762,6,1296,762,,,0
763,6,1296,763,,,0
764,6,1296,764,,,0
765,6,1296,765,,,0
766,6,1296,766,1.4999867407251486,,1
767,6,1296,767,,,0
768,6,1296,768,,,0
769,6,1296,769,,,0
770,6,1296,770,,,0
771,6,1296,771,,,0
772,6,1296,772,,,0
773,6,1296,773,,,0
774,6,1296,774,,,0
775,6,1296,775,,,0
776,6,1296,776,,,0
777,6,1296,777,,,0
778,6,1296,778,,,0
779,6,1296,779,,,0
780,6,1296,780,,,0
781,6,1296,781,,,0
782,6,1296,782,,,0
783,6,1296,783,,,0
784,6,1296,784,,,0
785,6,1296,785,,,0
786,6,1296,786,,,0
787,6,1296,787,,,0
788,6,1296,788,,,0
789,6,1296,789,,,0
790,6,1296,790,,,0
791,6,1296,791,,,0
792,6,1296,792,,,0
793,6,1296,793,,,0
794,6,1296,794,,,0
795,6,1296,795,,,0
796,6,1296,796,,,0
797,6,1296,797,,,0
798,6,1296,798,,,0
799,6,1296,799,,,0
800,6,1296,800,,,0
801,6,1296,801,,,0
802,6,1296,802,,,0
803,6,1296,803,,,0
804,6,1296,804,,,0
805,6,1296,805,,,0
806,6,1296,806,,,0
807,6,1296,807,,,0
808,6,1296,808,,,0
809,6,1296,809,,,0
810,6,1296,810,,,0
811,6,1296,811,,,0
812,6,1296,812,,,0
813,6,1296,813,,,0
814,6,1296,814,,,0
815,6,1296,815,,,0
816,6,1296,816,,,0
817,6,1296,817,,,0
818,6,1296,818,,,0
819,6,1296,819,,,0
820,6,1296,820,,,0
821,6,1296,821,,,0
822,6,1296,822,,,0
823,6,1296,823,,,0
824,6,1296,824,,,0
825,6,1296,825,,,0
826,6,1296,826,,,0
827,6,1296,827,,,0
828,6,1296,828,,,0
829,6,1296,829,,,0
830,6,1296,830,,,0
831,6,1296,831,,,0
832,6,1296,832,,,0
833,6,1296,833,,,0
834,6,1296,834,,,0
835,6,1296,835,,,0
836,6,1296,836,,,0
837,6,1296,837,,,0
838,6,1296,838,,,0
839,6,1296,839,,,0
840,6,1296,840,,,0
841,6,1296,841,,,0
842,6,1296,842,,,0
843,6,1296,843,,,0
844,6,1296,844,,,0
845,6,1296,845,,,0
846,6,1296,846,,,0
847,6,1296,847,,,0
848,6,1296,848,,,0
849,6,1296,849,,,0
850,6,1296,850,,,0
851,6,1296,851,,,0
852,6,1296,852,,,0
853,6,1296,853,,,0
854,6,1296,854,,,0
855,6,1296,855,,,0
856,6,1296,856,,,0
857,6,1296,857,,,0
858,6,1296,858,,,0
859,6,1296,859,,,0
860,6,1296,860,,,0
861,6,1296,861,,,0
862,6,1296,862,,,0
863,6,1296,863,,,0
864,6,1296,864,,,0
865,6,1296,865,,,0
866,6,1296,866,,,0
867,6,1296,867,,,0
868,6,1296,868,,,0
869,6,1296,869,,,0
870,6,1296,870,,,0
871,6,1296,871,,,0
872,6,1296,872,,,0
873,6,1296,873,,,0
874,6,1296,874,,,0
875,6,1296,875,,,0
876,6,1296,876,,,0
877,6,1296,877,,,0
878,6,1296,878,,,0
879,6,1296,879,,,0
880,6,1296,880,,,0
881,6,1296,881,,,0
882,6,1296,882,,,0
883,6,1296,883,,,0
884,6,1296,884,,,0
885,6,1296,885,,,0
886,6,1296,886,,,0
887,6,1296,887,,,0
888,6,1296,888,,,0
889,6,1296,889,,,0
890,6,1296,890,,,0
891,6,1296,891,,,0
892,6,1296,892,,,0
893,6,1296,893,,,0
894,6,1296,894,,,0
895,6,1296,895,,,0
896,6,1296,896,,,0
897,6,1296,897,,,0
898,6,1296,898,,,0
899,6,1296,899,,,0
900,6,1296,900,,,0
901,6,1296,901,,,0
902,6,1296,902,,,0
903,6,1296,903,,,0
904,6,1296,904,,,0
905,6,1296,905,,,0
906,6,1296,906,,,0
907,6,1296,907,,,0
908,6,1296,908,,,0
909,6,1296,909,,,0
910,6,1296,910,,,0
911,6,1296,911,,,0
912,6,1296,912,,,0
913,6,1296,913,,,0
914,6,1296,914,,,0
915,6,1296,915,,,0
916,6,1296,916,,,0
917,6,1296,917,,,0
918,6,1296,918,,,0
919,6,1296,919,,,0
920,6,1296,920,,,0
921,6,1296,921,,,0
922,6,1296,922,,,0
923,6,1296,923,,,0
924,6,1296,924,,,0
925,6,1296,925,,,0
926,6,1296,926,,,0
927,6,1296,927,,,0
928,6,1296,928,,,0
929,6,1296,929,,,0
930,6,1296,930,,,0
931,6,1296,931,,,0
932,6,1296,932,,,0
933,6,1296,933,,,0
934,6,1296,934,,,0
935,6,1296,935,,,0
936,6,1296,936,,,0
937,6,1296,937,,,0
938,6,1296,938,,,0
939,6,1296,939,,,0
940,6,1296,940,,,0
941,6,1296,941,,,0
942,6,1296,942,,,0
943,6,1296,943,,,0
944,6,1296,944,,,0
945,6,1296,945,,,0
946,6,1296,946,,,0
947,6,1296,947,,,0
948,6,1296,948,,,0
949,6,1296,949,,,0
950,6,1296,950,,,0
951,6,1296,951,,,0
952,6,1296,952,,,0
953,6,1296,953,,,0
954,6,1296,954,,,0
955,6,1296,955,,,0
956,6,1296,956,,,0
957,6,1296,957,,,0
958,6,1296,958,,,0
959,6,1296,959,,,0
960,6,1296,960,,,0
961,6,1296,961,,,0
962,6,1296,962,,,0
963,6,1296,963,,,0
964,6,1296,964,,,0
965,6,1296,965,,,0
966,6,1296,966,,,0
967,6,1296,967,,,0
968,6,1296,968,,,0
969,6,1296,969,,,0
970,6,1296,970,,,0
971,6,1296,971,,,0
972,6,1296,972,,,0
973,6,1296,973,,,0
974,6,1296,974,,,0
975,6,1296,975,,,0
976,6,1296,976,,,0
977,6,1296,977,,,0
978,6,1296,978,,,0
979,6,1296,979,,,0
980,6,1296,980,,,0
981,6,1296,981,,,0
982,6,1296,982,,,0
983,6,1296,983,,,0
984,6,1296,984,,,0
985,6,1296,985,,,0
986,6,1296,986,,,0
987,6,1296,987,,,0
988,6,1296,988,,,0
989,6,1296,989,,,0
990,6,1296,990,,,0
991,6,1296,991,,,0
992,6,1296,992,,,0
993,6,1296,993,,,0
994,6,1296,994,,,0
995,6,1296,995,,,0
996,6,1296,996,,,0
997,6,1296,997,,,0
998,6,1296,998,,,0
999,6,1296,999,,,0
1000,6,1296,1000,,,0
1001,6,1296,1001,,,0
1002,6,1296,1002,,,0
1003,6,1296,1003,,,0
1004,6,1296,1004,,,0
1005,6,1296,1005,,,0
1006,6,1296,1006,,,0
1007,6,1296,1007,,,0
1008,6,1296,1008,,,0
1009,6,1296,1009,,,0
1010,6,1296,1010,,,0
1011,6,1296,1011,,,0
1012,6,1296,1012,,,0
1013,6,1296,1013,,,0
1014,6,1296,1014,,,0
1015,6,1296,1015,,,0
1016,6,1296,1016,,,0
1017,6,1296,1017,,,0
1018,6,1296,1018,,,0
1019,6,1296,1019,,,0
1020,6,1296,1020,,,0
1021,6,1296,1021,,,0
1022,6,1296,1022,,,0
1023,6,1296,1023,,,0
1024,6,1296,1024,,,0
1025,6,1296,1025,,,0
1026,6,1296,1026,,,0
1027,6,1296,1027,,,0
1028,6,1296,1028,,,0
1029,6,1296,1029,,,0
1030,6,1296,1030,,,0
1031,6,1296,1031,,,0
1032,6,1296,1032,,,0
1033,6,1296,1033,,,0
1034,6,1296,1034,,,0
1035,6,1296,1035,,,0
1036,6,1296,1036,,,0
1037,6,1296,1037,,,0
1038,6,1296,1038,,,0
1039,6,1296,1039,,,0
1040,6,1296,1040,,,0
1041,6,1296,1041,,,0
1042,6,1296,1042,,,0
1043,6,1296,1043,,,0
1044,6,1296,1044,,,0
1045,6,1296,1045,,,0
1046,6,1296,1046,,,0
1047,6,1296,1047,,,0
1048,6,1296,1048,,,0
1049,6,1296,1049,,,0
1050,6,1296,1050,,,0
1051,6,1296,1051,,,0
1052,6,1296,1052,,,0
1053,6,1296,1053,,,0
1054,6,1296,1054,,,0
1055,6,1296,1055,,,0
1056,6,1296,1056,,,0
1057,6,1296,1057,,,0
1058,6,1296,1058,,,0
1059,6,1296,1059,,,0
1060,6,1296,1060,,,0
1061,6,1296,1061,,,0
1062,6,1296,1062,,,0
1063,6,1296,1063,,,0
1064,6,1296,1064,,,0
1065,6,1296,1065,,,0
1066,6,1296,1066,,,0
1067,6,1296,1067,,,0
1068,6,1296,1068,,,0
1069,6,1296,1069,,,0
1070,6,1296,1070,,,0
1071,6,1296,1071,,,0
1072,6,1296,1072,,,0
1073,6,1296,1073,,,0
1074,6,1296,1074,,,0
1075,6,1296,1075,,,0
1076,6,1296,1076,,,0
1077,6,1296,1077,,,0
1078,6,1296,1078,,,0
1079,6,1296,1079,,,0
1080,6,1296,1080,,,0
1081,6,1296,1081,,,0
1082,6,1296,1082,,,0
1083,6,1296,1083,,,0
1084,6,1296,1084,,,0
1085,6,1296,1085,,,0
1086,6,1296,1086,,,0
1087,6,1296,1087,,,0
1088,6,1296,1088,,,0
1089,6,1296,1089,,,0
1090,6,1296,1090,,,0
1091,6,1296,1091,,,0
1092,6,1296,1092,,,0
1093,6,1296,1093,,,0
1094,6,1296,1094,,,0
1095,6,1296,1095,,,0
1096,6,1296,1096,,,0
1097,6,1296,1097,,,0
1098,6,1296,1098,,,0
1099,6,1296,1099,,,0
1100,6,1296,1100,,,0
1101,6,1296,1101,,,0
1102,6,1296,1102,,,0
1103,6,1296,1103,,,0
1104,6,1296,1104,,,0
1105,6,1296,1105,,,0
1106,6,1296,1106,,,0
1107,6,1296,1107,,,0
1108,6,1296,1108,,,0
1109,6,1296,1109,,,0
1110,6,1296,1110,,,0
1111,6,1296,1111,,,0
1112,6,1296,1112,,,0
1113,6,1296,1113,,,0
1114,6,1296,1114,,,0
1115,6,1296,1115,,,0
1116,6,1296,1116,,,0
1117,6,1296,1117,,,0
1118,6,1296,1118,,,0
1119,6,1296,1119,,,0
1120,6,1296,1120,,,0
1121,6,1296,1121,,,0
1122,6,1296,1122,,,0
1123,6,1296,1123,,,0
1124,6,1296,1124,,,0
1125,6,1296,1125,,,0
1126,6,1296,1126,,,0
1127,6,1296,1127,,,0
1128,6,1296,1128,,,0
1129,6,1296,1129,,,0
1130,6,1296,1130,,,0
1131,6,1296,1131,,,0
1132,6,1296,1132,,,0
1133,6,1296,1133,,,0
1134,6,1296,1134,,,0
1135,6,1296,1135,,,0
1136,6,1296,1136,,,0
1137,6,1296,1137,,,0
1138,6,1296,1138,,,0
1139,6,1296,1139,,,0
1140,6,1296,1140,,,0
1141,6,1296,1141,,,0
1142,6,1296,1142,,,0
1143,6,1296,1143,,,0
1144,6,1296,1144,,,0
1145,6,1296,1145,,,0
1146,6,1296,1146,,,0
1147,6,1296,1147,,,0
1148,6,1296,1148,,,0
1149,6,1296,1149,,,0
1150,6,1296,1150,,,0
1151,6,1296,1151,,,0
1152,6,1296,1152,,,0
1153,6,1296,1153,,,0
1154,6,1296,1154,,,0
1155,6,1296,1155,,,0
1156,6,1296,1156,,,0
1157,6,1296,1157,,,0
1158,6,1296,1158,,,0
1159,6,1296,1159,,,0
1160,6,1296,1160,,,0
1161,6,1296,1161,,,0
1162,6,1296,1162,,,0
1163,6,1296,1163,,,0
1164,6,1296,1164,,,0
1165,6,1296,1165,,,0
1166,6,1296,1166,,,0
1167,6,1296,1167,,,0
1168,6,1296,1168,,,0
1169,6,1296,1169,,,0
1170,6,1296,1170,,,0
1171,6,1296,1171,,,0
1172,6,1296,1172,,,0
1173,6,1296,1173,,,0
1174,6,1296,1174,,,0
1175,6,1296,1175,,,0
1176,6,1296,1176,,,0
1177,6,1296,1177,,,0
1178,6,1296,1178,,,0
1179,6,1296,1179,,,0
1180,6,1296,1180,,,0
1181,6,1296,1181,,,0
1182,6,1296,1182,,,0
1183,6,1296,1183,,,0
1184,6,1296,1184,,,0
1185,6,1296,1185,,,0
1186,6,1296,1186,,,0
1187,6,1296,1187,,,0
1188,6,1296,1188,,,0
1189,6,1296,1189,,,0
1190,6,1296,1190,,,0
1191,6,1296,1191,,,0
1192,6,1296,1192,,,0
1193,6,1296,1193,,,0
1194,6,1296,1194,,,0
1195,6,1296,1195,,,0
1196,6,1296,1196,,,0
1197,6,1296,1197,,,0
1198,6,1296,1198,,,0
1199,6,1296,1199,,,0
1200,6,1296,1200,,,0
1201,6,1296,1201,,,0
1202,6,1296,1202,,,0
1203,6,1296,1203,,,0
1204,6,1296,1204,,,0
1205,6,1296,1205,,,0
1206,6,1296,1206,,,0
1207,6,1296,1207,,,0
1208,6,1296,1208,,,0
1209,6,1296,1209,,,0
1210,6,1296,1210,,,0
1211,6,1296,1211,,,0
1212,6,1296,1212,,,0
1213,6,1296,1213,,,0
1214,6,1296,1214,,,0
1215,6,1296,1215,,,0
1216,6,1296,1216,,,0
1217,6,1296,1217,,,0
1218,6,1296,1218,,,0
1219,6,1296,1219,,,0
1220,6,1296,1220,,,0
1221,6,1296,1221,,,0
1222,6,1296,1222,,,0
1223,6,1296,1223,,,0
1224,6,1296,1224,,,0
1225,6,1296,1225,,,0
1226,6,1296,1226,,,0
1227,6,1296,1227,,,0
1228,6,1296,1228,,,0
1229,6,1296,1229,,,0
1230,6,1296,1230,,,0
1231,6,1296,1231,,,0
1232,6,1296,1232,,,0
1233,6,1296,1233,,,0
1234,6,1296,1234,,,0
1235,6,1296,1235,,,0
1236,6,1296,1236,,,0
1237,6,1296,1237,,,0
1238,6,1296,1238,,,0
1239,6,1296,1239,,,0
1240,6,1296,1240,,,0
1241,6,1296,1241,,,0
1242,6,1296,1242,,,0
1243,6,1296,1243,,,0
1244,6,1296,1244,,,0
1245,6,1296,1245,,,0
1246,6,1296,1246,,,0
1247,6,1296,1247,,,0
1248,6,1296,1248,,,0
1249,6,1296,1249,,,0
1250,6,1296,1250,,,0
1251,6,1296,1251,,,0
1252,6,1296,1252,,,0
1253,6,1296,1253,,,0
1254,6,1296,1254,,,0
1255,6,1296,1255,,,0
1256,6,1296,1256,,,0
1257,6,1296,1257,,,0
1258,6,1296,1258,,,0
1259,6,1296,1259,,,0
1260,6,1296,1260,,,0
1261,6,1296,1261,,,0
1262,6,1296,1262,,,0
1263,6,1296,1263,,,0
1264,6,1296,1264,,,0
1265,6,1296,1265,,,0
1266,6,1296,1266,,,0
1267,6,1296,1267,,,0
1268,6,1296,1268,,,0
1269,6,1296,1269,,,0
1270,6,1296,1270,,,0
1271,6,1296,1271,,,0
1272,6,1296,1272,,,0
1273,6,1296,1273,,,0
1274,6,1296,1274,,,0
1275,6,1296,1275,,,0
1276,6,1296,1276,,,0
1277,6,1296,1277,,,0
1278,6,1296,1278,,,0
1279,6,1296,1279,,,0
1280,6,1296,1280,,,0
1281,6,1296,1281,,,0
1282,6,1296,1282,,,0
1283,6,1296,1283,,,0
1284,6,1296,1284,,,0
1285,6,1296,1285,,,0
1286,6,1296,1286,,,0
1287,6,1296,1287,,,0
1288,6,1296,1288,,,0
1289,6,1296,1289,,,0
1290,6,1296,1290,,,0
1291,6,1296,1291,,,0
1292,6,1296,1292,,,0
1293,6,1296,1293,,,0
1294,6,1296,1294,,,0
1295,6,1296,1295,,,0
1296,6,1296,1296,,,0
1297,7,1296,1,,,0
1298,7,1296,2,10.921447818725916,1.4243113542509467,2
1299,7,1296,3,1.4532713259554981,1.6528293090870663,3
1300,7,1296,4,8.67890774789069,3.996175781341937,4
1301,7,1296,5,,,0
1302,7,1296,6,,,0
1303,7,1296,7,,,0
1304,7,1296,8,,,0
1305,7,1296,9,4.815759014387358,2.7433815859783297,3
1306,7,1296,10,3.8751667995853225,4.572245939460163,4
1307,7,1296,11,,,0
1308,7,1296,12,,,0
1309,7,1296,13,,,0
1310,7,1296,14,5.376079831703777,6.257399340876354,2
1311,7,1296,15,3.645801233551424,2.0312841774319916,5
1312,7,1296,16,,,0
1313,7,1296,17,,,0
1314,7,1296,18,,,0
1315,7,1296,19,,,0
1316,7,1296,20,,,0
1317,7,1296,21,,,0
1318,7,1296,22,4.486047579526726,,1
1319,7,1296,23,,,0
1320,7,1296,24,,,0
1321,7,1296,25,,,0
1322,7,1296,26,,,0
1323,7,1296,27,,,0
1324,7,1296,28,,,0
1325,7,1296,29,,,0
1326,7,1296,30,,,0
1327,7,1296,31,,,0
1328,7,1296,32,,,0
1329,7,1296,33,,,0
1330,7,1296,34,,,0
1331,7,1296,35,,,0
1332,7,1296,36,,,0
1333,7,1296,37,,,0
1334,7,1296,38,,,0
1335,7,1296,39,3.7500245016791984,3.3262908768608455,13
1336,7,1296,40,3.3579724308355927,2.010328007702002,6
1337,7,1296,41,,,0
1338,7,1296,42,,,0
1339,7,1296,43,,,0
1340,7,1296,44,,,0
1341,7,1296,45,3.5144143145326012,0.5615965455804874,3
1342,7,1296,46,1.630792528510966,,1
1343,7,1296,47,,,0
1344,7,1296,48,,,0
1345,7,1296,49,,,0
1346,7,1296,50,,,0
1347,7,1296,51,5.056432775599991,2.8410769185401827,3
1348,7,1296,52,5.371333905945451,1.274973861957674,6
1349,7,1296,53,,,0
1350,7,1296,54,,,0
1351,7,1296,55,,,0
1352,7,1296,56,,,0
1353,7,1296,57,,,0
1354,7,1296,58,3.179296789733646,1.259887043371749,3
1355,7,1296,59,,,0
1356,7,1296,60,,,0
1357,7,1296,61,,,0
1358,7,1296,62,,,0
1359,7,1296,63,,,0
1360,7,1296,64,,,0
1361,7,1296,65,,,0
1362,7,1296,66,,,0
1363,7,1296,67,,,0
1364,7,1296,68,,,0
1365,7,1296,69,,,0
1366,7,1296,70,,,0
1367,7,1296,71,,,0
1368,7,1296,72,,,0
1369,7,1296,73,,,0
1370,7,1296,74,,,0
1371,7,1296,75,,,0
1372,7,1296,76,,,0
1373,7,1296,77,,,0
1374,7,1296,78,,,0
1375,7,1296,79,,,0
1376,7,1296,80,,,0
1377,7,1296,81,,,0
1378,7,1296,82,,,0
1379,7,1296,83,,,0
1380,7,1296,84,,,0
1381,7,1296,85,,,0
1382,7,1296,86,,,0
1383,7,1296,87,,,0
1384,7,1296,88,,,0
1385,7,1296,89,,,0
1386,7,1296,90,,,0
1387,7,1296,91,,,0
1388,7,1296,92,,,0
1389,7,1296,93,,,0
1390,7,1296,94,,,0
1391,7,1296,95,,,0
1392,7,1296,96,,,0
1393,7,1296,97,,,0
1394,7,1296,98,,,0
1395,7,1296,99,,,0
1396,7,1296,100,,,0
1397,7,1296,101,,,0
1398,7,1296,102,,,0
1399,7,1296,103,,,0
1400,7,1296,104,,,0
1401,7,1296,105,,,0
1402,7,1296,106,,,0
1403,7,1296,107,,,0
1404,7,1296,108,,,0
1405,7,1296,109,,,0
1406,7,1296,110,,,0
1407,7,1296,111,,,0
1408,7,1296,112,,,0
1409,7,1296,113,,,0
1410,7,1296,114,,,0
1411,7,1296,115,,,0
1412,7,1296,116,,,0
1413,7,1296,117,,,0
1414,7,1296,118,,,0
1415,7,1296,119,,,0
1416,7,1296,120,,,0
1417,7,1296,121,,,0
1418,7,1296,122,,,0
1419,7,1296,123,,,0
1420,7,1296,124,,,0
1421,7,1296,125,,,0
1422,7,1296,126,,,0
1423,7,1296,127,,,0
1424,7,1296,128,,,0
1425,7,1296,129,,,0
1426,7,1296,130,,,0
1427,7,1296,131,,,0
1428,7,1296,132,,,0
1429,7,1296,133,,,0
1430,7,1296,134,,,0
1431,7,1296,135,,,0
1432,7,1296,136,,,0
1433,7,1296,137,,,0
1434,7,1296,138,,,0
1435,7,1296,139,,,0
1436,7,1296,140,,,0
1437,7,1296,141,,,0
1438,7,1296,142,,,0
1439,7,1296,143,,,0
1440,7,1296,144,,,0
1441,7,1296,145,,,0
1442,7,1296,146,,,0
1443,7,1296,147,,,0
1444,7,1296,148,,,0
1445,7,1296,149,,,0
1446,7,1296,150,,,0
1447,7,1296,151,,,0
1448,7,1296,152,,,0
1449,7,1296,153,,,0
1450,7,1296,154,,,0
1451,7,1296,155,,,0
1452,7,1296,156,,,0
1453,7,1296,157,,,0
1454,7,1296,158,,,0
1455,7,1296,159,,,0
1456,7,1296,160,,,0
1457,7,1296,161,,,0
1458,7,1296,162,,,0
1459,7,1296,163,,,0
1460,7,1296,164,,,0
1461,7,1296,165,,,0
1462,7,1296,166,,,0
1463,7,1296,167,,,0
1464,7,1296,168,,,0
1465,7,1296,169,,,0
1466,7,1296,170,,,0
1467,7,1296,171,,,0
1468,7,1296,172,,,0
1469,7,1296,173,,,0
1470,7,1296,174,,,0
1471,7,1296,175,,,0
1472,7,1296,176,,,0
1473,7,1296,177,,,0
1474,7,1296,178,,,0
1475,7,1296,179,,,0
1476,7,1296,180,,,0
1477,7,1296,181,,,0
1478,7,1296,182,,,0
1479,7,1296,183,,,0
1480,7,1296,184,,,0
1481,7,1296,185,,,0
1482,7,1296,186,,,0
1483,7,1296,187,,,0
1484,7,1296,188,,,0
1485,7,1296,189,,,0
1486,7,1296,190,,,0
1487,7,1296,191,,,0
1488,7,1296,192,,,0
1489,7,1296,193,,,0
1490,7,1296,194,,,0
1491,7,1296,195,,,0
1492,7,1296,196,,,0
1493,7,1296,197,,,0
1494,7,1296,198,,,0
1495,7,1296,199,,,0
1496,7,1296,200,,,0
1497,7,1296,201,,,0
1498,7,1296,202,,,0
1499,7,1296,203,,,0
1500,7,1296,204,,,0
1501,7,1296,205,,,0
1502,7,1296,206,,,0
1503,7,1296,207,,,0
1504,7,1296,208,,,0
1505,7,1296,209,,,0
1506,7,1296,210,,,0
1507,7,1296,211,,,0
1508,7,1296,212,,,0
1509,7,1296,213,,,0
1510,7,1296,214,,,0
1511,7,1296,215,,,0
1512,7,1296,216,,,0
1513,7,1296,217,,,0
1514,7,1296,218,,,0
1515,7,1296,219,,,0
1516,7,1296,220,,,0
1517,7,1296,221,,,0
1518,7,1296,222,,,0
1519,7,1296,223,,,0
1520,7,1296,224,,,0
1521,7,1296,225,,,0
1522,7,1296,226,,,0
1523,7,1296,227,,,0
1524,7,1296,228,,,0
1525,7,1296,229,,,0
1526,7,1296,230,,,0
1527,7,1296,231,0.4676162639633503,,1
1528,7,1296,232,2.3989965008282255,2.202178272201387,2
1529,7,1296,233,,,0
1530,7,1296,234,,,0
1531,7,1296,235,,,0
1532,7,1296,236,,,0
1533,7,1296,237,17.49319892333326,7.0691559126592205,2
1534,7,1296,238,,,0
1535,7,1296,239,,,0
1536,7,1296,240,,,0
1537,7,1296,241,,,0
1538,7,1296,242,,,0
1539,7,1296,243,,,0
1540,7,1296,244,,,0
1541,7,1296,245,,,0
1542,7,1296,246,,,0
1543,7,1296,247,,,0
1544,7,1296,248,,,0
1545,7,1296,249,,,0
1546,7,1296,250,,,0
1547,7,1296,251,,,0
1548,7,1296,252,,,0
1549,7,1296,253,,,0
1550,7,1296,254,,,0
1551,7,1296,255,4.265879897033667,3.635742188311049,4
1552,7,1296,256,0.6733049139012053,0.09075681773537293,3
1553,7,1296,257,,,0
1554,7,1296,258,,,0
1555,7,1296,259,,,0
1556,7,1296,260,,,0
1557,7,1296,261,,,0
1558,7,1296,262,1.7461667573032356,0.9047984375193683,2
1559,7,1296,263,,,0
1560,7,1296,264,,,0
1561,7,1296,265,,,0
1562,7,1296,266,,,0
1563,7,1296,267,7.913113636877114,,1
1564,7,1296,268,2.2674204102042808,,1
1565,7,1296,269,,,0
1566,7,1296,270,,,0
1567,7,1296,271,,,0
1568,7,1296,272,,,0
1569,7,1296,273,,,0
1570,7,1296,274,,,0
1571,7,1296,275,,,0
1572,7,1296,276,,,0
1573,7,1296,277,,,0
1574,7,1296,278,,,0
1575,7,1296,279,,,0
1576,7,1296,280,,,0
1577,7,1296,281,,,0
1578,7,1296,282,,,0
1579,7,1296,283,,,0
1580,7,1296,284,,,0
1581,7,1296,285,,,0
1582,7,1296,286,,,0
1583,7,1296,287,,,0
1584,7,1296,288,,,0
1585,7,1296,289,,,0
1586,7,1296,290,,,0
1587,7,1296,291,,,0
1588,7,1296,292,1.3658292913046497,,1
1589,7,1296,293,,,0
1590,7,1296,294,,,0
1591,7,1296,295,,,0
1592,7,1296,296,,,0
1593,7,1296,297,9.800565822971507,,1
1594,7,1296,298,0.7769889006240854,0.7459007371751044,3
1595,7,1296,299,,,0
1596,7,1296,300,,,0
1597,7,1296,301,,,0
1598,7,1296,302,,,0
1599,7,1296,303,,,0
1600,7,1296,304,,,0
1601,7,1296,305,,,0
1602,7,1296,306,,,0
1603,7,1296,307,,,0
1604,7,1296,308,,,0
1605,7,1296,309,,,0
1606,7,1296,310,,,0
1607,7,1296,311,,,0
1608,7,1296,312,,,0
1609,7,1296,313,,,0
1610,7,1296,314,,,0
1611,7,1296,315,,,0
1612,7,1296,316,,,0
1613,7,1296,317,,,0
1614,7,1296,318,,,0
1615,7,1296,319,,,0
1616,7,1296,320,,,0
1617,7,1296,321,,,0
1618,7,1296,322,,,0
1619,7,1296,323,,,0
1620,7,1296,324,,,0
1621,7,1296,325,,,0
1622,7,1296,326,,,0
1623,7,1296,327,,,0
1624,7,1296,328,,,0
1625,7,1296,329,,,0
1626,7,1296,330,,,0
1627,7,1296,331,,,0
1628,7,1296,332,,,0
1629,7,1296,333,,,0
1630,7,1296,334,,,0
1631,7,1296,335,,,0
1632,7,1296,336,,,0
1633,7,1296,337,,,0
1634,7,1296,338,,,0
1635,7,1296,339,,,0
1636,7,1296,340,,,0
1637,7,1296,341,,,0
1638,7,1296,342,,,0
1639,7,1296,343,,,0
1640,7,1296,344,,,0
1641,7,1296,345,,,0
1642,7,1296,346,,,0
1643,7,1296,347,,,0
1644,7,1296,348,,,0
1645,7,1296,349,,,0
1646,7,1296,350,,,0
1647,7,1296,351,,,0
1648,7,1296,352,,,0
1649,7,1296,353,,,0
1650,7,1296,354,,,0
1651,7,1296,355,,,0
1652,7,1296,356,,,0
1653,7,1296,357,,,0
1654,7,1296,358,,,0
1655,7,1296,359,,,0
1656,7,1296,360,,,0
1657,7,1296,361,,,0
1658,7,1296,362,,,0
1659,7,1296,363,,,0
1660,7,1296,364,,,0
1661,7,1296,365,,,0
1662,7,1296,366,,,0
1663,7,1296,367,,,0
1664,7,1296,368,,,0
1665,7,1296,369,,,0
1666,7,1296,370,,,0
1667,7,1296,371,,,0
1668,7,1296,372,,,0
1669,7,1296,373,,,0
1670,7,1296,374,,,0
1671,7,1296,375,,,0
1672,7,1296,376,,,0
1673,7,1296,377,,,0
1674,7,1296,378,,,0
1675,7,1296,379,,,0
1676,7,1296,380,,,0
1677,7,1296,381,,,0
1678,7,1296,382,,,0
1679,7,1296,383,,,0
1680,7,1296,384,,,0
1681,7,1296,385,,,0
1682,7,1296,386,,,0
1683,7,1296,387,,,0
1684,7,1296,388,,,0
1685,7,1296,389,,,0
1686,7,1296,390,,,0
1687,7,1296,391,,,0
1688,7,1296,392,,,0
1689,7,1296,393,,,0
1690,7,1296,394,,,0
1691,7,1296,395,,,0
1692,7,1296,396,,,0
1693,7,1296,397,,,0
1694,7,1296,398,,,0
1695,7,1296,399,140.9877521152499,,1
1696,7,1296,400,,,0
1697,7,1296,401,,,0
1698,7,1296,402,,,0
1699,7,1296,403,,,0
1700,7,1296,404,,,0
1701,7,1296,405,,,0
1702,7,1296,406,,,0
1703,7,1296,407,,,0
1704,7,1296,408,,,0
1705,7,1296,409,,,0
1706,7,1296,410,,,0
1707,7,1296,411,,,0
1708,7,1296,412,,,0
1709,7,1296,413,,,0
1710,7,1296,414,,,0
1711,7,1296,415,,,0
1712,7,1296,416,,,0
1713,7,1296,417,,,0
1714,7,1296,418,,,0
1715,7,1296,419,,,0
1716,7,1296,420,,,0
1717,7,1296,421,,,0
1718,7,1296,422,,,0
1719,7,1296,423,,,0
1720,7,1296,424,,,0
1721,7,1296,425,,,0
1722,7,1296,426,,,0
1723,7,1296,427,,,0
1724,7,1296,428,,,0
1725,7,1296,429,,,0
1726,7,1296,430,,,0
1727,7,1296,431,,,0
1728,7,1296,432,,,0
1729,7,1296,433,,,0
1730,7,1296,434,,,0
1731,7,1296,435,,,0
1732,7,1296,436,,,0
1733,7,1296,437,,,0
1734,7,1296,438,,,0
1735,7,1296,439,,,0
1736,7,1296,440,,,0
1737,7,1296,441,,,0
1738,7,1296,442,,,0
1739,7,1296,443,,,0
1740,7,1296,444,,,0
1741,7,1296,445,,,0
1742,7,1296,446,,,0
1743,7,1296,447,,,0
1744,7,1296,448,,,0
1745,7,1296,449,,,0
1746,7,1296,450,,,0
1747,7,1296,451,,,0
1748,7,1296,452,,,0
1749,7,1296,453,,,0
1750,7,1296,454,,,0
1751,7,1296,455,,,0
1752,7,1296,456,,,0
1753,7,1296,457,,,0
1754,7,1296,458,,,0
1755,7,1296,459,,,0
1756,7,1296,460,,,0
1757,7,1296,461,,,0
1758,7,1296,462,,,0
1759,7,1296,463,,,0
1760,7,1296,464,,,0
1761,7,1296,465,,,0
1762,7,1296,466,,,0
1763,7,1296,467,,,0
1764,7,1296,468,,,0
1765,7,1296,469,,,0
1766,7,1296,470,,,0
1767,7,1296,471,,,0
1768,7,1296,472,,,0
1769,7,1296,473,,,0
1770,7,1296,474,,,0
1771,7,1296,475,,,0
1772,7,1296,476,,,0
1773,7,1296,477,4.3267813717116335,,1
1774,7,1296,478,1.6265949655413294,1.0337479841667094,3
1775,7,1296,479,,,0
1776,7,1296,480,,,0
1777,7,1296,481,,,0
1778,7,1296,482,,,0
1779,7,1296,483,,,0
1780,7,1296,484,2.053530664815156,1.5895591008302834,3
1781,7,1296,485,,,0
1782,7,1296,486,,,0
1783,7,1296,487,,,0
1784,7,1296,488,,,0
1785,7,1296,489,,,0
1786,7,1296,490,,,0
1787,7,1296,491,,,0
1788,7,1296,492,,,0
1789,7,1296,493,,,0
1790,7,1296,494,,,0
1791,7,1296,495,,,0
1792,7,1296,496,,,0
1793,7,1296,497,,,0
1794,7,1296,498,,,0
1795,7,1296,499,,,0
1796,7,1296,500,,,0
1797,7,1296,501,,,0
1798,7,1296,502,,,0
1799,7,1296,503,,,0
1800,7,1296,504,,,0
1801,7,1296,505,,,0
1802,7,1296,506,,,0
1803,7,1296,507,,,0
1804,7,1296,508,2.5635113270045338,,1
1805,7,1296,509,,,0
1806,7,1296,510,,,0
1807,7,1296,511,,,0
1808,7,1296,512,,,0
1809,7,1296,513,,,0
1810,7,1296,514,3.2540872831853416,2.2225048234588263,2
1811,7,1296,515,0.7563023410934306,,1
1812,7,1296,516,,,0
1813,7,1296,517,,,0
1814,7,1296,518,,,0
1815,7,1296,519,,,0
1816,7,1296,520,0.1630954331576291,0.08454064122985983,2
1817,7,1296,521,,,0
1818,7,1296,522,,,0
1819,7,1296,523,,,0
1820,7,1296,524,,,0
1821,7,1296,525,,,0
1822,7,1296,526,,,0
1823,7,1296,527,,,0
1824,7,1296,528,,,0
1825,7,1296,529,,,0
1826,7,1296,530,,,0
1827,7,1296,531,,,0
1828,7,1296,532,,,0
1829,7,1296,533,,,0
1830,7,1296,534,,,0
1831,7,1296,535,,,0
1832,7,1296,536,,,0
1833,7,1296,537,,,0
1834,7,1296,538,,,0
1835,7,1296,539,,,0
1836,7,1296,540,,,0
1837,7,1296,541,,,0
1838,7,1296,542,,,0
1839,7,1296,543,,,0
1840,7,1296,544,,,0
1841,7,1296,545,,,0
1842,7,1296,546,,,0
1843,7,1296,547,,,0
1844,7,1296,548,,,0
1845,7,1296,549,,,0
1846,7,1296,550,1.7374409221222606,,1
1847,7,1296,551,,,0
1848,7,1296,552,,,0
1849,7,1296,553,,,0
1850,7,1296,554,,,0
1851,7,1296,555,,,0
1852,7,1296,556,,,0
1853,7,1296,557,,,0
1854,7,1296,558,,,0
1855,7,1296,559,,,0
1856,7,1296,560,,,0
1857,7,1296,561,,,0
1858,7,1296,562,,,0
1859,7,1296,563,,,0
1860,7,1296,564,,,0
1861,7,1296,565,,,0
1862,7,1296,566,,,0
1863,7,1296,567,,,0
1864,7,1296,568,,,0
1865,7,1296,569,,,0
1866,7,1296,570,,,0
1867,7,1296,571,,,0
1868,7,1296,572,,,0
1869,7,1296,573,,,0
1870,7,1296,574,,,0
1871,7,1296,575,,,0
1872,7,1296,576,,,0
1873,7,1296,577,,,0
1874,7,1296,578,,,0
1875,7,1296,579,,,0
1876,7,1296,580,,,0
1877,7,1296,581,,,0
1878,7,1296,582,,,0
1879,7,1296,583,,,0
1880,7,1296,584,,,0
1881,7,1296,585,,,0
1882,7,1296,586,,,0
1883,7,1296,587,,,0
1884,7,1296,588,,,0
1885,7,1296,589,,,0
1886,7,1296,590,,,0
1887,7,1296,591,,,0
1888,7,1296,592,,,0
1889,7,1296,593,,,0
1890,7,1296,594,,,0
1891,7,1296,595,,,0
1892,7,1296,596,,,0
1893,7,1296,597,,,0
1894,7,1296,598,,,0
1895,7,1296,599,,,0
1896,7,1296,600,,,0
1897,7,1296,601,,,0
1898,7,1296,602,,,0
1899,7,1296,603,,,0
1900,7,1296,604,,,0
1901,7,1296,605,,,0
1902,7,1296,606,,,0
1903,7,1296,607,,,0
1904,7,1296,608,,,0
1905,7,1296,609,,,0
1906,7,1296,610,,,0
1907,7,1296,611,,,0
1908,7,1296,612,,,0
1909,7,1296,613,,,0
1910,7,1296,614,,,0
1911,7,1296,615,,,0
1912,7,1296,616,,,0
1913,7,1296,617,,,0
1914,7,1296,618,,,0
1915,7,1296,619,,,0
1916,7,1296,620,,,0
1917,7,1296,621,,,0
1918,7,1296,622,,,0
1919,7,1296,623,,,0
1920,7,1296,624,,,0
1921,7,1296,625,,,0
1922,7,1296,626,,,0
1923,7,1296,627,,,0
1924,7,1296,628,,,0
1925,7,1296,629,,,0
1926,7,1296,630,,,0
1927,7,1296,631,,,0
1928,7,1296,632,,,0
1929,7,1296,633,,,0
1930,7,1296,634,,,0
1931,7,1296,635,,,0
1932,7,1296,636,,,0
1933,7,1296,637,,,0
1934,7,1296,638,,,0
1935,7,1296,639,,,0
1936,7,1296,640,,,0
1937,7,1296,641,,,0
1938,7,1296,642,,,0
1939,7,1296,643,,,0
1940,7,1296,644,,,0
1941,7,1296,645,,,0
1942,7,1296,646,,,0
1943,7,1296,647,,,0
1944,7,1296,648,,,0
1945,7,1296,649,,,0
1946,7,1296,650,,,0
1947,7,1296,651,,,0
1948,7,1296,652,,,0
1949,7,1296,653,,,0
1950,7,1296,654,,,0
1951,7,1296,655,,,0
1952,7,1296,656,,,0
1953,7,1296,657,,,0
1954,7,1296,658,,,0
1955,7,1296,659,,,0
1956,7,1296,660,,,0
1957,7,1296,661,,,0
1958,7,1296,662,,,0
1959,7,1296,663,,,0
1960,7,1296,664,,,0
1961,7,1296,665,,,0
1962,7,1296,666,,,0
1963,7,1296,667,,,0
1964,7,1296,668,,,0
1965,7,1296,669,,,0
1966,7,1296,670,,,0
1967,7,1296,671,,,0
1968,7,1296,672,,,0
1969,7,1296,673,,,0
1970,7,1296,674,,,0
1971,7,1296,675,,,0
1972,7,1296,676,,,0
1973,7,1296,677,,,0
1974,7,1296,678,,,0
1975,7,1296,679,,,0
1976,7,1296,680,,,0
1977,7,1296,681,,,0
1978,7,1296,682,,,0
1979,7,1296,683,,,0
1980,7,1296,684,,,0
1981,7,1296,685,,,0
1982,7,1296,686,,,0
1983,7,1296,687,,,0
1984,7,1296,688,,,0
1985,7,1296,689,,,0
1986,7,1296,690,,,0
1987,7,1296,691,,,0
1988,7,1296,692,,,0
1989,7,1296,693,,,0
1990,7,1296,694,,,0
1991,7,1296,695,,,0
1992,7,1296,696,,,0
1993,7,1296,697,,,0
1994,7,1296,698,,,0
1995,7,1296,699,,,0
1996,7,1296,700,,,0
1997,7,1296,701,,,0
1998,7,1296,702,,,0
1999,7,1296,703,,,0
2000,7,1296,704,,,0
2001,7,1296,705,,,0
2002,7,1296,706,,,0
2003,7,1296,707,,,0
2004,7,1296,708,,,0
2005,7,1296,709,,,0
2006,7,1296,710,,,0
2007,7,1296,711,,,0
2008,7,1296,712,,,0
2009,7,1296,713,,,0
2010,7,1296,714,,,0
2011,7,1296,715,,,0
2012,7,1296,716,,,0
2013,7,1296,717,,,0
2014,7,1296,718,,,0
2015,7,1296,719,,,0
2016,7,1296,720,,,0
2017,7,1296,721,,,0
2018,7,1296,722,,,0
2019,7,1296,723,,,0
2020,7,1296,724,,,0
2021,7,1296,725,,,0
2022,7,1296,726,,,0
2023,7,1296,727,,,0
2024,7,1296,728,,,0
2025,7,1296,729,,,0
2026,7,1296,730,2.7655783114896053,2.9456467378919964,3
2027,7,1296,731,,,0
2028,7,1296,732,,,0
2029,7,1296,733,,,0
2030,7,1296,734,,,0
2031,7,1296,735,,,0
2032,7,1296,736,13.162341198209191,2.56291714103638,2
2033,7,1296,737,,,0
2034,7,1296,738,,,0
2035,7,1296,739,,,0
2036,7,1296,740,,,0
2037,7,1296,741,,,0
2038,7,1296,742,,,0
2039,7,1296,743,,,0
2040,7,1296,744,,,0
2041,7,1296,745,,,0
2042,7,1296,746,,,0
2043,7,1296,747,,,0
2044,7,1296,748,,,0
2045,7,1296,749,,,0
2046,7,1296,750,,,0
2047,7,1296,751,,,0
2048,7,1296,752,,,0
2049,7,1296,753,,,0
2050,7,1296,754,,,0
2051,7,1296,755,,,0
2052,7,1296,756,,,0
2053,7,1296,757,,,0
2054,7,1296,758,,,0
2055,7,1296,759,,,0
2056,7,1296,760,1.8901556941924864,2.4460877599425586,2
2057,7,1296,761,,,0
2058,7,1296,762,,,0
2059,7,1296,763,,,0
2060,7,1296,764,,,0
2061,7,1296,765,,,0
2062,7,1296,766,2.060289058290508,,1
2063,7,1296,767,,,0
2064,7,1296,768,,,0
2065,7,1296,769,,,0
2066,7,1296,770,,,0
2067,7,1296,771,,,0
2068,7,1296,772,,,0
2069,7,1296,773,,,0
2070,7,1296,774,,,0
2071,7,1296,775,,,0
2072,7,1296,776,,,0
2073,7,1296,777,,,0
2074,7,1296,778,,,0
2075,7,1296,779,,,0
2076,7,1296,780,,,0
2077,7,1296,781,,,0
2078,7,1296,782,,,0
2079,7,1296,783,,,0
2080,7,1296,784,,,0
2081,7,1296,785,,,0
2082,7,1296,786,,,0
2083,7,1296,787,,,0
2084,7,1296,788,,,0
2085,7,1296,789,,,0
2086,7,1296,790,,,0
2087,7,1296,791,,,0
2088,7,1296,792,,,0
2089,7,1296,793,,,0
2090,7,1296,794,,,0
2091,7,1296,795,,,0
2092,7,1296,796,,,0
2093,7,1296,797,,,0
2094,7,1296,798,,,0
2095,7,1296,799,,,0
2096,7,1296,800,,,0
2097,7,1296,801,,,0
2098,7,1296,802,,,0
2099,7,1296,803,,,0
2100,7,1296,804,,,0
2101,7,1296,805,,,0
2102,7,1296,806,,,0
2103,7,1296,807,,,0
2104,7,1296,808,,,0
2105,7,1296,809,,,0
2106,7,1296,810,,,0
2107,7,1296,811,,,0
2108,7,1296,812,,,0
2109,7,1296,813,,,0
2110,7,1296,814,,,0
2111,7,1296,815,,,0
2112,7,1296,816,,,0
2113,7,1296,817,,,0
2114,7,1296,818,,,0
2115,7,1296,819,,,0
2116,7,1296,820,,,0
2117,7,1296,821,,,0
2118,7,1296,822,,,0
2119,7,1296,823,,,0
2120,7,1296,824,,,0
2121,7,1296,825,,,0
2122,7,1296,826,,,0
2123,7,1296,827,,,0
2124,7,1296,828,,,0
2125,7,1296,829,,,0
2126,7,1296,830,,,0
2127,7,1296,831,,,0
2128,7,1296,832,,,0
2129,7,1296,833,,,0
2130,7,1296,834,,,0
2131,7,1296,835,,,0
2132,7,1296,836,,,0
2133,7,1296,837,,,0
2134,7,1296,838,,,0
2135,7,1296,839,,,0
2136,7,1296,840,,,0
2137,7,1296,841,,,0
2138,7,1296,842,,,0
2139,7,1296,843,,,0
2140,7,1296,844,,,0
2141,7,1296,845,,,0
2142,7,1296,846,,,0
2143,7,1296,847,,,0
2144,7,1296,848,,,0
2145,7,1296,849,,,0
2146,7,1296,850,,,0
2147,7,1296,851,,,0
2148,7,1296,852,,,0
2149,7,1296,853,,,0
2150,7,1296,854,,,0
2151,7,1296,855,,,0
2152,7,1296,856,,,0
2153,7,1296,857,,,0
2154,7,1296,858,,,0
2155,7,1296,859,,,0
2156,7,1296,860,,,0
2157,7,1296,861,,,0
2158,7,1296,862,,,0
2159,7,1296,863,,,0
2160,7,1296,864,,,0
2161,7,1296,865,,,0
2162,7,1296,866,,,0
2163,7,1296,867,,,0
2164,7,1296,868,,,0
2165,7,1296,869,,,0
2166,7,1296,870,,,0
2167,7,1296,871,,,0
2168,7,1296,872,,,0
2169,7,1296,873,,,0
2170,7,1296,874,,,0
2171,7,1296,875,,,0
2172,7,1296,876,,,0
2173,7,1296,877,,,0
2174,7,1296,878,,,0
2175,7,1296,879,,,0
2176,7,1296,880,,,0
2177,7,1296,881,,,0
2178,7,1296,882,,,0
2179,7,1296,883,,,0
2180,7,1296,884,,,0
2181,7,1296,885,,,0
2182,7,1296,886,,,0
2183,7,1296,887,,,0
2184,7,1296,888,,,0
2185,7,1296,889,,,0
2186,7,1296,890,,,0
2187,7,1296,891,,,0
2188,7,1296,892,,,0
2189,7,1296,893,,,0
2190,7,1296,894,,,0
2191,7,1296,895,,,0
2192,7,1296,896,,,0
2193,7,1296,897,,,0
2194,7,1296,898,,,0
2195,7,1296,899,,,0
2196,7,1296,900,,,0
2197,7,1296,901,,,0
2198,7,1296,902,,,0
2199,7,1296,903,,,0
2200,7,1296,904,,,0
2201,7,1296,905,,,0
2202,7,1296,906,,,0
2203,7,1296,907,,,0
2204,7,1296,908,,,0
2205,7,1296,909,,,0
2206,7,1296,910,,,0
2207,7,1296,911,,,0
2208,7,1296,912,,,0
2209,7,1296,913,,,0
2210,7,1296,914,,,0
2211,7,1296,915,,,0
2212,7,1296,916,,,0
2213,7,1296,917,,,0
2214,7,1296,918,,,0
2215,7,1296,919,,,0
2216,7,1296,920,,,0
2217,7,1296,921,,,0
2218,7,1296,922,,,0
2219,7,1296,923,,,0
2220,7,1296,924,,,0
2221,7,1296,925,,,0
2222,7,1296,926,,,0
2223,7,1296,927,,,0
2224,7,1296,928,,,0
2225,7,1296,929,,,0
2226,7,1296,930,,,0
2227,7,1296,931,,,0
2228,7,1296,932,,,0
2229,7,1296,933,,,0
2230,7,1296,934,,,0
2231,7,1296,935,,,0
2232,7,1296,936,,,0
2233,7,1296,937,,,0
2234,7,1296,938,,,0
2235,7,1296,939,,,0
2236,7,1296,940,,,0
2237,7,1296,941,,,0
2238,7,1296,942,,,0
2239,7,1296,943,,,0
2240,7,1296,944,,,0
2241,7,1296,945,,,0
2242,7,1296,946,,,0
2243,7,1296,947,,,0
2244,7,1296,948,,,0
2245,7,1296,949,,,0
2246,7,1296,950,,,0
2247,7,1296,951,,,0
2248,7,1296,952,,,0
2249,7,1296,953,,,0
2250,7,1296,954,,,0
2251,7,1296,955,,,0
2252,7,1296,956,,,0
2253,7,1296,957,,,0
2254,7,1296,958,,,0
2255,7,1296,959,,,0
2256,7,1296,960,,,0
2257,7,1296,961,,,0
2258,7,1296,962,,,0
2259,7,1296,963,,,0
2260,7,1296,964,,,0
2261,7,1296,965,,,0
2262,7,1296,966,,,0
2263,7,1296,967,,,0
2264,7,1296,968,,,0
2265,7,1296,969,,,0
2266,7,1296,970,,,0
2267,7,1296,971,,,0
2268,7,1296,972,,,0
2269,7,1296,973,,,0
2270,7,1296,974,,,0
2271,7,1296,975,,,0
2272,7,1296,976,,,0
2273,7,1296,977,,,0
2274,7,1296,978,,,0
2275,7,1296,979,,,0
2276,7,1296,980,,,0
2277,7,1296,981,,,0
2278,7,1296,982,,,0
2279,7,1296,983,,,0
2280,7,1296,984,,,0
2281,7,1296,985,,,0
2282,7,1296,986,,,0
2283,7,1296,987,,,0
2284,7,1296,988,,,0
2285,7,1296,989,,,0
2286,7,1296,990,,,0
2287,7,1296,991,,,0
2288,7,1296,992,,,0
2289,7,1296,993,,,0
2290,7,1296,994,,,0
2291,7,1296,995,,,0
2292,7,1296,996,,,0
2293,7,1296,997,,,0
2294,7,1296,998,,,0
2295,7,1296,999,,,0
2296,7,1296,1000,,,0
2297,7,1296,1001,,,0
2298,7,1296,1002,,,0
2299,7,1296,1003,,,0
2300,7,1296,1004,,,0
2301,7,1296,1005,,,0
2302,7,1296,1006,,,0
2303,7,1296,1007,,,0
2304,7,1296,1008,,,0
2305,7,1296,1009,,,0
2306,7,1296,1010,,,0
2307,7,1296,1011,,,0
2308,7,1296,1012,,,0
2309,7,1296,1013,,,0
2310,7,1296,1014,,,0
2311,7,1296,1015,,,0
2312,7,1296,1016,,,0
2313,7,1296,1017,,,0
2314,7,1296,1018,,,0
2315,7,1296,1019,,,0
2316,7,1296,1020,,,0
2317,7,1296,1021,,,0
2318,7,1296,1022,,,0
2319,7,1296,1023,,,0
2320,7,1296,1024,,,0
2321,7,1296,1025,,,0
2322,7,1296,1026,,,0
2323,7,1296,1027,,,0
2324,7,1296,1028,,,0
2325,7,1296,1029,,,0
2326,7,1296,1030,,,0
2327,7,1296,1031,,,0
2328,7,1296,1032,,,0
2329,7,1296,1033,,,0
2330,7,1296,1034,,,0
2331,7,1296,1035,,,0
2332,7,1296,1036,,,0
2333,7,1296,1037,,,0
2334,7,1296,1038,,,0
2335,7,1296,1039,,,0
2336,7,1296,1040,,,0
2337,7,1296,1041,,,0
2338,7,1296,1042,,,0
2339,7,1296,1043,,,0
2340,7,1296,1044,,,0
2341,7,1296,1045,,,0
2342,7,1296,1046,,,0
2343,7,1296,1047,,,0
2344,7,1296,1048,,,0
2345,7,1296,1049,,,0
2346,7,1296,1050,,,0
2347,7,1296,1051,,,0
2348,7,1296,1052,,,0
2349,7,1296,1053,,,0
2350,7,1296,1054,,,0
2351,7,1296,1055,,,0
2352,7,1296,1056,,,0
2353,7,1296,1057,,,0
2354,7,1296,1058,,,0
2355,7,1296,1059,,,0
2356,7,1296,1060,,,0
2357,7,1296,1061,,,0
2358,7,1296,1062,,,0
2359,7,1296,1063,,,0
2360,7,1296,1064,,,0
2361,7,1296,1065,,,0
2362,7,1296,1066,,,0
2363,7,1296,1067,,,0
2364,7,1296,1068,,,0
2365,7,1296,1069,,,0
2366,7,1296,1070,,,0
2367,7,1296,1071,,,0
2368,7,1296,1072,,,0
2369,7,1296,1073,,,0
2370,7,1296,1074,,,0
2371,7,1296,1075,,,0
2372,7,1296,1076,,,0
2373,7,1296,1077,,,0
2374,7,1296,1078,,,0
2375,7,1296,1079,,,0
2376,7,1296,1080,,,0
2377,7,1296,1081,,,0
2378,7,1296,1082,,,0
2379,7,1296,1083,,,0
2380,7,1296,1084,,,0
2381,7,1296,1085,,,0
2382,7,1296,1086,,,0
2383,7,1296,1087,,,0
2384,7,1296,1088,,,0
2385,7,1296,1089,,,0
2386,7,1296,1090,,,0
2387,7,1296,1091,,,0
2388,7,1296,1092,,,0
2389,7,1296,1093,,,0
2390,7,1296,1094,,,0
2391,7,1296,1095,,,0
2392,7,1296,1096,,,0
2393,7,1296,1097,,,0
2394,7,1296,1098,,,0
2395,7,1296,1099,,,0
2396,7,1296,1100,,,0
2397,7,1296,1101,,,0
2398,7,1296,1102,,,0
2399,7,1296,1103,,,0
2400,7,1296,1104,,,0
2401,7,1296,1105,,,0
2402,7,1296,1106,,,0
2403,7,1296,1107,,,0
2404,7,1296,1108,,,0
2405,7,1296,1109,,,0
2406,7,1296,1110,,,0
2407,7,1296,1111,,,0
2408,7,1296,1112,,,0
2409,7,1296,1113,,,0
2410,7,1296,1114,,,0
2411,7,1296,1115,,,0
2412,7,1296,1116,,,0
2413,7,1296,1117,,,0
2414,7,1296,1118,,,0
2415,7,1296,1119,,,0
2416,7,1296,1120,,,0
2417,7,1296,1121,,,0
2418,7,1296,1122,,,0
2419,7,1296,1123,,,0
2420,7,1296,1124,,,0
2421,7,1296,1125,,,0
2422,7,1296,1126,,,0
2423,7,1296,1127,,,0
2424,7,1296,1128,,,0
2425,7,1296,1129,,,0
2426,7,1296,1130,,,0
2427,7,1296,1131,,,0
2428,7,1296,1132,,,0
2429,7,1296,1133,,,0
2430,7,1296,1134,,,0
2431,7,1296,1135,,,0
2432,7,1296,1136,,,0
2433,7,1296,1137,,,0
2434,7,1296,1138,,,0
2435,7,1296,1139,,,0
2436,7,1296,1140,,,0
2437,7,1296,1141,,,0
2438,7,1296,1142,,,0
2439,7,1296,1143,,,0
2440,7,1296,1144,,,0
2441,7,1296,1145,,,0
2442,7,1296,1146,,,0
2443,7,1296,1147,,,0
2444,7,1296,1148,,,0
2445,7,1296,1149,,,0
2446,7,1296,1150,,,0
2447,7,1296,1151,,,0
2448,7,1296,1152,,,0
2449,7,1296,1153,,,0
2450,7,1296,1154,,,0
2451,7,1296,1155,,,0
2452,7,1296,1156,,,0
2453,7,1296,1157,,,0
2454,7,1296,1158,,,0
2455,7,1296,1159,,,0
2456,7,1296,1160,,,0
2457,7,1296,1161,,,0
2458,7,1296,1162,,,0
2459,7,1296,1163,,,0
2460,7,1296,1164,,,0
2461,7,1296,1165,,,0
2462,7,1296,1166,,,0
2463,7,1296,1167,,,0
2464,7,1296,1168,,,0
2465,7,1296,1169,,,0
2466,7,1296,1170,,,0
2467,7,1296,1171,,,0
2468,7,1296,1172,,,0
2469,7,1296,1173,,,0
2470,7,1296,1174,,,0
2471,7,1296,1175,,,0
2472,7,1296,1176,,,0
2473,7,1296,1177,,,0
2474,7,1296,1178,,,0
2475,7,1296,1179,,,0
2476,7,1296,1180,,,0
2477,7,1296,1181,,,0
2478,7,1296,1182,,,0
2479,7,1296,1183,,,0
2480,7,1296,1184,,,0
2481,7,1296,1185,,,0
2482,7,1296,1186,,,0
2483,7,1296,1187,,,0
2484,7,1296,1188,,,0
2485,7,1296,1189,,,0
2486,7,1296,1190,,,0
2487,7,1296,1191,,,0
2488,7,1296,1192,,,0
2489,7,1296,1193,,,0
2490,7,1296,1194,,,0
2491,7,1296,1195,,,0
2492,7,1296,1196,,,0
2493,7,1296,1197,,,0
2494,7,1296,1198,,,0
2495,7,1296,1199,,,0
2496,7,1296,1200,,,0
2497,7,1296,1201,,,0
2498,7,1296,1202,,,0
2499,7,1296,1203,,,0
2500,7,1296,1204,,,0
2501,7,1296,1205,,,0
2502,7,1296,1206,,,0
2503,7,1296,1207,,,0
2504,7,1296,1208,,,0
2505,7,1296,1209,,,0
2506,7,1296,1210,,,0
2507,7,1296,1211,,,0
2508,7,1296,1212,,,0
2509,7,1296,1213,,,0
2510,7,1296,1214,,,0
2511,7,1296,1215,,,0
2512,7,1296,1216,,,0
2513,7,1296,1217,,,0
2514,7,1296,1218,,,0
2515,7,1296,1219,,,0
2516,7,1296,1220,,,0
2517,7,1296,1221,,,0
2518,7,1296,1222,,,0
2519,7,1296,1223,,,0
2520,7,1296,1224,,,0
2521,7,1296,1225,,,0
2522,7,1296,1226,,,0
2523,7,1296,1227,,,0
2524,7,1296,1228,,,0
2525,7,1296,1229,,,0
2526,7,1296,1230,,,0
2527,7,1296,1231,,,0
2528,7,1296,1232,,,0
2529,7,1296,1233,,,0
2530,7,1296,1234,,,0
2531,7,1296,1235,,,0
2532,7,1296,1236,,,0
2533,7,1296,1237,,,0
2534,7,1296,1238,,,0
2535,7,1296,1239,,,0
2536,7,1296,1240,,,0
2537,7,1296,1241,,,0
2538,7,1296,1242,,,0
2539,7,1296,1243,,,0
2540,7,1296,1244,,,0
2541,7,1296,1245,,,0
2542,7,1296,1246,,,0
2543,7,1296,1247,,,0
2544,7,1296,1248,,,0
2545,7,1296,1249,,,0
2546,7,1296,1250,,,0
2547,7,1296,1251,,,0
2548,7,1296,1252,,,0
2549,7,1296,1253,,,0
2550,7,1296,1254,,,0
2551,7,1296,1255,,,0
2552,7,1296,1256,,,0
2553,7,1296,1257,,,0
2554,7,1296,1258,,,0
2555,7,1296,1259,,,0
2556,7,1296,1260,,,0
2557,7,1296,1261,,,0
2558,7,1296,1262,,,0
2559,7,1296,1263,,,0
2560,7,1296,1264,,,0
2561,7,1296,1265,,,0
2562,7,1296,1266,,,0
2563,7,1296,1267,,,0
2564,7,1296,1268,,,0
2565,7,1296,1269,,,0
2566,7,1296,1270,,,0
2567,7,1296,1271,,,0
2568,7,1296,1272,,,0
2569,7,1296,1273,,,0
2570,7,1296,1274,,,0
2571,7,1296,1275,,,0
2572,7,1296,1276,,,0
2573,7,1296,1277,,,0
2574,7,1296,1278,,,0
2575,7,1296,1279,,,0
2576,7,1296,1280,,,0
2577,7,1296,1281,,,0
2578,7,1296,1282,,,0
2579,7,1296,1283,,,0
2580,7,1296,1284,,,0
2581,7,1296,1285,,,0
2582,7,1296,1286,,,0
2583,7,1296,1287,,,0
2584,7,1296,1288,,,0
2585,7,1296,1289,,,0
2586,7,1296,1290,,,0
2587,7,1296,1291,,,0
2588,7,1296,1292,,,0
2589,7,1296,1293,,,0
2590,7,1296,1294,,,0
2591,7,1296,1295,,,0
2592,7,1296,1296,,,0
2593,8,1296,1,,,0
2594,8,1296,2,11.56421617472051,6.526575904377229,5
2595,8,1296,3,2.512979050553108,1.4175603192138306,8
2596,8,1296,4,,,0
2597,8,1296,5,,,0
2598,8,1296,6,,,0
2599,8,1296,7,0.4231109744482637,,1
2600,8,1296,8,7.877330801318479,6.234249302405998,4
2601,8,1296,9,3.2628518781179636,2.210110280373897,12
2602,8,1296,10,,,0
2603,8,1296,11,,,0
2604,8,1296,12,,,0
2605,8,1296,13,,,0
2606,8,1296,14,3.0360214159500245,,1
2607,8,1296,15,2.2874075637033733,2.1250243897949814,6
2608,8,1296,16,2.8802687181961915,1.5166180062960704,3
2609,8,1296,17,,,0
2610,8,1296,18,,,0
2611,8,1296,19,,,0
2612,8,1296,20,,,0
2613,8,1296,21,8.872909750358843,2.9637883258913598,2
2614,8,1296,22,3.864531989773568,,1
2615,8,1296,23,,,0
2616,8,1296,24,,,0
2617,8,1296,25,,,0
2618,8,1296,26,,,0
2619,8,1296,27,1.4561390186266008,,1
2620,8,1296,28,,,0
2621,8,1296,29,,,0
2622,8,1296,30,,,0
2623,8,1296,31,,,0
2624,8,1296,32,,,0
2625,8,1296,33,,,0
2626,8,1296,34,,,0
2627,8,1296,35,,,0
2628,8,1296,36,,,0
2629,8,1296,37,,,0
2630,8,1296,38,,,0
2631,8,1296,39,1.883818659310876,,1
2632,8,1296,40,,,0
2633,8,1296,41,,,0
2634,8,1296,42,,,0
2635,8,1296,43,,,0
2636,8,1296,44,,,0
2637,8,1296,45,7.150271295923659,5.089530027698353,3
2638,8,1296,46,3.3839835276830303,1.9346216511014926,8
2639,8,1296,47,,,0
2640,8,1296,48,,,0
2641,8,1296,49,,,0
2642,8,1296,50,,,0
2643,8,1296,51,6.6518077248113245,4.672528695459547,6
2644,8,1296,52,3.029256026885361,1.9030288689654395,7
2645,8,1296,53,,,0
2646,8,1296,54,,,0
2647,8,1296,55,,,0
2648,8,1296,56,,,0
2649,8,1296,57,,,0
2650,8,1296,58,,,0
2651,8,1296,59,,,0
2652,8,1296,60,,,0
2653,8,1296,61,,,0
2654,8,1296,62,,,0
2655,8,1296,63,,,0
2656,8,1296,64,,,0
2657,8,1296,65,,,0
2658,8,1296,66,,,0
2659,8,1296,67,,,0
2660,8,1296,68,,,0
2661,8,1296,69,,,0
2662,8,1296,70,,,0
2663,8,1296,71,,,0
2664,8,1296,72,,,0
2665,8,1296,73,,,0
2666,8,1296,74,,,0
2667,8,1296,75,,,0
2668,8,1296,76,,,0
2669,8,1296,77,,,0
2670,8,1296,78,,,0
2671,8,1296,79,,,0
2672,8,1296,80,,,0
2673,8,1296,81,34.246767407521176,,1
2674,8,1296,82,,,0
2675,8,1296,83,,,0
2676,8,1296,84,,,0
2677,8,1296,85,,,0
2678,8,1296,86,,,0
2679,8,1296,87,,,0
2680,8,1296,88,,,0
2681,8,1296,89,,,0
2682,8,1296,90,,,0
2683,8,1296,91,,,0
2684,8,1296,92,,,0
2685,8,1296,93,,,0
2686,8,1296,94,,,0
2687,8,1296,95,,,0
2688,8,1296,96,,,0
2689,8,1296,97,,,0
2690,8,1296,98,,,0
2691,8,1296,99,,,0
2692,8,1296,100,,,0
2693,8,1296,101,,,0
2694,8,1296,102,,,0
2695,8,1296,103,,,0
2696,8,1296,104,,,0
2697,8,1296,105,,,0
2698,8,1296,106,,,0
2699,8,1296,107,,,0
2700,8,1296,108,,,0
2701,8,1296,109,,,0
2702,8,1296,110,,,0
2703,8,1296,111,,,0
2704,8,1296,112,,,0
2705,8,1296,113,,,0
2706,8,1296,114,,,0
2707,8,1296,115,,,0
2708,8,1296,116,,,0
2709,8,1296,117,,,0
2710,8,1296,118,,,0
2711,8,1296,119,,,0
2712,8,1296,120,,,0
2713,8,1296,121,,,0
2714,8,1296,122,,,0
2715,8,1296,123,,,0
2716,8,1296,124,,,0
2717,8,1296,125,,,0
2718,8,1296,126,,,0
2719,8,1296,127,,,0
2720,8,1296,128,,,0
2721,8,1296,129,,,0
2722,8,1296,130,,,0
2723,8,1296,131,,,0
2724,8,1296,132,,,0
2725,8,1296,133,,,0
2726,8,1296,134,,,0
2727,8,1296,135,,,0
2728,8,1296,136,,,0
2729,8,1296,137,,,0
2730,8,1296,138,,,0
2731,8,1296,139,,,0
2732,8,1296,140,,,0
2733,8,1296,141,,,0
2734,8,1296,142,,,0
2735,8,1296,143,,,0
2736,8,1296,144,,,0
2737,8,1296,145,,,0
2738,8,1296,146,,,0
2739,8,1296,147,,,0
2740,8,1296,148,,,0
2741,8,1296,149,,,0
2742,8,1296,150,,,0
2743,8,1296,151,,,0
2744,8,1296,152,,,0
2745,8,1296,153,,,0
2746,8,1296,154,,,0
2747,8,1296,155,,,0
2748,8,1296,156,,,0
2749,8,1296,157,,,0
2750,8,1296,158,,,0
2751,8,1296,159,,,0
2752,8,1296,160,,,0
2753,8,1296,161,,,0
2754,8,1296,162,,,0
2755,8,1296,163,,,0
2756,8,1296,164,,,0
2757,8,1296,165,,,0
2758,8,1296,166,,,0
2759,8,1296,167,,,0
2760,8,1296,168,,,0
2761,8,1296,169,,,0
2762,8,1296,170,,,0
2763,8,1296,171,,,0
2764,8,1296,172,,,0
2765,8,1296,173,,,0
2766,8,1296,174,,,0
2767,8,1296,175,,,0
2768,8,1296,176,,,0
2769,8,1296,177,,,0
2770,8,1296,178,,,0
2771,8,1296,179,,,0
2772,8,1296,180,,,0
2773,8,1296,181,,,0
2774,8,1296,182,,,0
2775,8,1296,183,,,0
2776,8,1296,184,,,0
2777,8,1296,185,,,0
2778,8,1296,186,,,0
2779,8,1296,187,,,0
2780,8,1296,188,,,0
2781,8,1296,189,,,0
2782,8,1296,190,,,0
2783,8,1296,191,,,0
2784,8,1296,192,,,0
2785,8,1296,193,,,0
2786,8,1296,194,,,0
2787,8,1296,195,,,0
2788,8,1296,196,,,0
2789,8,1296,197,,,0
2790,8,1296,198,,,0
2791,8,1296,199,,,0
2792,8,1296,200,,,0
2793,8,1296,201,,,0
2794,8,1296,202,,,0
2795,8,1296,203,,,0
2796,8,1296,204,,,0
2797,8,1296,205,,,0
2798,8,1296,206,,,0
2799,8,1296,207,,,0
2800,8,1296,208,,,0
2801,8,1296,209,,,0
2802,8,1296,210,,,0
2803,8,1296,211,,,0
2804,8,1296,212,,,0
2805,8,1296,213,,,0
2806,8,1296,214,,,0
2807,8,1296,215,,,0
2808,8,1296,216,,,0
2809,8,1296,217,,,0
2810,8,1296,218,,,0
2811,8,1296,219,,,0
2812,8,1296,220,,,0
2813,8,1296,221,,,0
2814,8,1296,222,,,0
2815,8,1296,223,,,0
2816,8,1296,224,,,0
2817,8,1296,225,,,0
2818,8,1296,226,,,0
2819,8,1296,227,,,0
2820,8,1296,228,,,0
2821,8,1296,229,,,0
2822,8,1296,230,,,0
2823,8,1296,231,,,0
2824,8,1296,232,,,0
2825,8,1296,233,,,0
2826,8,1296,234,,,0
2827,8,1296,235,,,0
2828,8,1296,236,,,0
2829,8,1296,237,,,0
2830,8,1296,238,,,0
2831,8,1296,239,,,0
2832,8,1296,240,,,0
2833,8,1296,241,,,0
2834,8,1296,242,,,0
2835,8,1296,243,288.8957006676868,,1
2836,8,1296,244,,,0
2837,8,1296,245,,,0
2838,8,1296,246,,,0
2839,8,1296,247,,,0
2840,8,1296,248,,,0
2841,8,1296,249,,,0
2842,8,1296,250,,,0
2843,8,1296,251,,,0
2844,8,1296,252,,,0
2845,8,1296,253,,,0
2846,8,1296,254,,,0
2847,8,1296,255,,,0
2848,8,1296,256,1.5421026133787095,2.1065382758707782,2
2849,8,1296,257,,,0
2850,8,1296,258,,,0
2851,8,1296,259,,,0
2852,8,1296,260,,,0
2853,8,1296,261,,,0
2854,8,1296,262,1.6632390880031984,1.8390369041084917,4
2855,8,1296,263,,,0
2856,8,1296,264,,,0
2857,8,1296,265,,,0
2858,8,1296,266,,,0
2859,8,1296,267,2.451127523331518,1.8350438564420755,4
2860,8,1296,268,,,0
2861,8,1296,269,,,0
2862,8,1296,270,,,0
2863,8,1296,271,,,0
2864,8,1296,272,,,0
2865,8,1296,273,,,0
2866,8,1296,274,,,0
2867,8,1296,275,,,0
2868,8,1296,276,,,0
2869,8,1296,277,,,0
2870,8,1296,278,,,0
2871,8,1296,279,,,0
2872,8,1296,280,,,0
2873,8,1296,281,,,0
2874,8,1296,282,,,0
2875,8,1296,283,,,0
2876,8,1296,284,,,0
2877,8,1296,285,,,0
2878,8,1296,286,,,0
2879,8,1296,287,,,0
2880,8,1296,288,,,0
2881,8,1296,289,,,0
2882,8,1296,290,,,0
2883,8,1296,291,,,0
2884,8,1296,292,,,0
2885,8,1296,293,,,0
2886,8,1296,294,,,0
2887,8,1296,295,,,0
2888,8,1296,296,,,0
2889,8,1296,297,,,0
2890,8,1296,298,1.4170643133604557,,1
2891,8,1296,299,,,0
2892,8,1296,300,,,0
2893,8,1296,301,,,0
2894,8,1296,302,,,0
2895,8,1296,303,,,0
2896,8,1296,304,,,0
2897,8,1296,305,,,0
2898,8,1296,306,,,0
2899,8,1296,307,,,0
2900,8,1296,308,,,0
2901,8,1296,309,,,0
2902,8,1296,310,,,0
2903,8,1296,311,,,0
2904,8,1296,312,,,0
2905,8,1296,313,,,0
2906,8,1296,314,,,0
2907,8,1296,315,,,0
2908,8,1296,316,,,0
2909,8,1296,317,,,0
2910,8,1296,318,,,0
2911,8,1296,319,,,0
2912,8,1296,320,,,0
2913,8,1296,321,,,0
2914,8,1296,322,,,0
2915,8,1296,323,,,0
2916,8,1296,324,,,0
2917,8,1296,325,,,0
2918,8,1296,326,,,0
2919,8,1296,327,150.24951432637909,,1
2920,8,1296,328,7.055832273837139,7.275710176689907,2
2921,8,1296,329,,,0
2922,8,1296,330,,,0
2923,8,1296,331,,,0
2924,8,1296,332,,,0
2925,8,1296,333,,,0
2926,8,1296,334,,,0
2927,8,1296,335,,,0
2928,8,1296,336,,,0
2929,8,1296,337,,,0
2930,8,1296,338,,,0
2931,8,1296,339,,,0
2932,8,1296,340,,,0
2933,8,1296,341,,,0
2934,8,1296,342,,,0
2935,8,1296,343,,,0
2936,8,1296,344,,,0
2937,8,1296,345,,,0
2938,8,1296,346,,,0
2939,8,1296,347,,,0
2940,8,1296,348,,,0
2941,8,1296,349,,,0
2942,8,1296,350,,,0
2943,8,1296,351,,,0
2944,8,1296,352,,,0
2945,8,1296,353,,,0
2946,8,1296,354,,,0
2947,8,1296,355,,,0
2948,8,1296,356,,,0
2949,8,1296,357,,,0
2950,8,1296,358,,,0
2951,8,1296,359,,,0
2952,8,1296,360,,,0
2953,8,1296,361,,,0
2954,8,1296,362,,,0
2955,8,1296,363,,,0
2956,8,1296,364,,,0
2957,8,1296,365,,,0
2958,8,1296,366,,,0
2959,8,1296,367,,,0
2960,8,1296,368,,,0
2961,8,1296,369,,,0
2962,8,1296,370,,,0
2963,8,1296,371,,,0
2964,8,1296,372,,,0
2965,8,1296,373,,,0
2966,8,1296,374,,,0
2967,8,1296,375,,,0
2968,8,1296,376,,,0
2969,8,1296,377,,,0
2970,8,1296,378,,,0
2971,8,1296,379,,,0
2972,8,1296,380,,,0
2973,8,1296,381,,,0
2974,8,1296,382,,,0
2975,8,1296,383,,,0
2976,8,1296,384,,,0
2977,8,1296,385,,,0
2978,8,1296,386,,,0
2979,8,1296,387,,,0
2980,8,1296,388,,,0
2981,8,1296,389,,,0
2982,8,1296,390,,,0
2983,8,1296,391,,,0
2984,8,1296,392,,,0
2985,8,1296,393,,,0
2986,8,1296,394,,,0
2987,8,1296,395,,,0
2988,8,1296,396,,,0
2989,8,1296,397,,,0
2990,8,1296,398,,,0
2991,8,1296,399,,,0
2992,8,1296,400,,,0
2993,8,1296,401,,,0
2994,8,1296,402,,,0
2995,8,1296,403,,,0
2996,8,1296,404,,,0
2997,8,1296,405,,,0
2998,8,1296,406,,,0
2999,8,1296,407,,,0
3000,8,1296,408,,,0
3001,8,1296,409,,,0
3002,8,1296,410,,,0
3003,8,1296,411,,,0
3004,8,1296,412,,,0
3005,8,1296,413,,,0
3006,8,1296,414,,,0
3007,8,1296,415,,,0
3008,8,1296,416,,,0
3009,8,1296,417,,,0
3010,8,1296,418,,,0
3011,8,1296,419,,,0
3012,8,1296,420,,,0
3013,8,1296,421,,,0
3014,8,1296,422,,,0
3015,8,1296,423,,,0
3016,8,1296,424,,,0
3017,8,1296,425,,,0
3018,8,1296,426,,,0
3019,8,1296,427,,,0
3020,8,1296,428,,,0
3021,8,1296,429,,,0
3022,8,1296,430,,,0
3023,8,1296,431,,,0
3024,8,1296,432,,,0
3025,8,1296,433,,,0
3026,8,1296,434,,,0
3027,8,1296,435,,,0
3028,8,1296,436,,,0
3029,8,1296,437,,,0
3030,8,1296,438,,,0
3031,8,1296,439,,,0
3032,8,1296,440,,,0
3033,8,1296,441,,,0
3034,8,1296,442,,,0
3035,8,1296,443,,,0
3036,8,1296,444,,,0
3037,8,1296,445,,,0
3038,8,1296,446,,,0
3039,8,1296,447,,,0
3040,8,1296,448,,,0
3041,8,1296,449,,,0
3042,8,1296,450,,,0
3043,8,1296,451,,,0
3044,8,1296,452,,,0
3045,8,1296,453,,,0
3046,8,1296,454,,,0
3047,8,1296,455,,,0
3048,8,1296,456,,,0
3049,8,1296,457,,,0
3050,8,1296,458,,,0
3051,8,1296,459,,,0
3052,8,1296,460,,,0
3053,8,1296,461,,,0
3054,8,1296,462,,,0
3055,8,1296,463,,,0
3056,8,1296,464,,,0
3057,8,1296,465,,,0
3058,8,1296,466,,,0
3059,8,1296,467,,,0
3060,8,1296,468,,,0
3061,8,1296,469,,,0
3062,8,1296,470,,,0
3063,8,1296,471,,,0
3064,8,1296,472,3.941728739397977,3.015372061110595,4
3065,8,1296,473,,,0
3066,8,1296,474,,,0
3067,8,1296,475,,,0
3068,8,1296,476,,,0
3069,8,1296,477,2.2413414670887017,,1
3070,8,1296,478,0.2768864606687345,,1
3071,8,1296,479,,,0
3072,8,1296,480,,,0
3073,8,1296,481,,,0
3074,8,1296,482,,,0
3075,8,1296,483,,,0
3076,8,1296,484,,,0
3077,8,1296,485,,,0
3078,8,1296,486,,,0
3079,8,1296,487,,,0
3080,8,1296,488,,,0
3081,8,1296,489,,,0
3082,8,1296,490,,,0
3083,8,1296,491,,,0
3084,8,1296,492,,,0
3085,8,1296,493,,,0
3086,8,1296,494,,,0
3087,8,1296,495,,,0
3088,8,1296,496,,,0
3089,8,1296,497,,,0
3090,8,1296,498,,,0
3091,8,1296,499,,,0
3092,8,1296,500,,,0
3093,8,1296,501,,,0
3094,8,1296,502,,,0
3095,8,1296,503,,,0
3096,8,1296,504,,,0
3097,8,1296,505,,,0
3098,8,1296,506,,,0
3099,8,1296,507,,,0
3100,8,1296,508,,,0
3101,8,1296,509,,,0
3102,8,1296,510,,,0
3103,8,1296,511,,,0
3104,8,1296,512,,,0
3105,8,1296,513,,,0
3106,8,1296,514,2.1419367412617354,0.9148100601723892,3
3107,8,1296,515,0.5812654422607153,,1
3108,8,1296,516,,,0
3109,8,1296,517,,,0
3110,8,1296,518,,,0
3111,8,1296,519,,,0
3112,8,1296,520,0.15658733019660076,,1
3113,8,1296,521,,,0
3114,8,1296,522,,,0
3115,8,1296,523,,,0
3116,8,1296,524,,,0
3117,8,1296,525,,,0
3118,8,1296,526,,,0
3119,8,1296,527,,,0
3120,8,1296,528,,,0
3121,8,1296,529,,,0
3122,8,1296,530,,,0
3123,8,1296,531,,,0
3124,8,1296,532,,,0
3125,8,1296,533,,,0
3126,8,1296,534,,,0
3127,8,1296,535,,,0
3128,8,1296,536,,,0
3129,8,1296,537,,,0
3130,8,1296,538,,,0
3131,8,1296,539,,,0
3132,8,1296,540,,,0
3133,8,1296,541,,,0
3134,8,1296,542,,,0
3135,8,1296,543,,,0
3136,8,1296,544,,,0
3137,8,1296,545,,,0
3138,8,1296,546,,,0
3139,8,1296,547,,,0
3140,8,1296,548,,,0
3141,8,1296,549,,,0
3142,8,1296,550,,,0
3143,8,1296,551,,,0
3144,8,1296,552,,,0
3145,8,1296,553,,,0
3146,8,1296,554,,,0
3147,8,1296,555,,,0
3148,8,1296,556,,,0
3149,8,1296,557,,,0
3150,8,1296,558,,,0
3151,8,1296,559,,,0
3152,8,1296,560,,,0
3153,8,1296,561,,,0
3154,8,1296,562,,,0
3155,8,1296,563,,,0
3156,8,1296,564,,,0
3157,8,1296,565,,,0
3158,8,1296,566,,,0
3159,8,1296,567,,,0
3160,8,1296,568,,,0
3161,8,1296,569,,,0
3162,8,1296,570,,,0
3163,8,1296,571,,,0
3164,8,1296,572,,,0
3165,8,1296,573,,,0
3166,8,1296,574,,,0
3167,8,1296,575,,,0
3168,8,1296,576,,,0
3169,8,1296,577,,,0
3170,8,1296,578,,,0
3171,8,1296,579,,,0
3172,8,1296,580,,,0
3173,8,1296,581,,,0
3174,8,1296,582,,,0
3175,8,1296,583,,,0
3176,8,1296,584,,,0
3177,8,1296,585,,,0
3178,8,1296,586,,,0
3179,8,1296,587,,,0
3180,8,1296,588,,,0
3181,8,1296,589,,,0
3182,8,1296,590,,,0
3183,8,1296,591,,,0
3184,8,1296,592,,,0
3185,8,1296,593,,,0
3186,8,1296,594,,,0
3187,8,1296,595,,,0
3188,8,1296,596,,,0
3189,8,1296,597,,,0
3190,8,1296,598,,,0
3191,8,1296,599,,,0
3192,8,1296,600,,,0
3193,8,1296,601,,,0
3194,8,1296,602,,,0
3195,8,1296,603,,,0
3196,8,1296,604,,,0
3197,8,1296,605,,,0
3198,8,1296,606,,,0
3199,8,1296,607,,,0
3200,8,1296,608,,,0
3201,8,1296,609,,,0
3202,8,1296,610,,,0
3203,8,1296,611,,,0
3204,8,1296,612,,,0
3205,8,1296,613,,,0
3206,8,1296,614,,,0
3207,8,1296,615,,,0
3208,8,1296,616,,,0
3209,8,1296,617,,,0
3210,8,1296,618,,,0
3211,8,1296,619,,,0
3212,8,1296,620,,,0
3213,8,1296,621,,,0
3214,8,1296,622,,,0
3215,8,1296,623,,,0
3216,8,1296,624,,,0
3217,8,1296,625,,,0
3218,8,1296,626,,,0
3219,8,1296,627,,,0
3220,8,1296,628,,,0
3221,8,1296,629,,,0
3222,8,1296,630,,,0
3223,8,1296,631,,,0
3224,8,1296,632,,,0
3225,8,1296,633,,,0
3226,8,1296,634,,,0
3227,8,1296,635,,,0
3228,8,1296,636,,,0
3229,8,1296,637,,,0
3230,8,1296,638,,,0
3231,8,1296,639,,,0
3232,8,1296,640,,,0
3233,8,1296,641,,,0
3234,8,1296,642,,,0
3235,8,1296,643,,,0
3236,8,1296,644,,,0
3237,8,1296,645,,,0
3238,8,1296,646,,,0
3239,8,1296,647,,,0
3240,8,1296,648,,,0
3241,8,1296,649,,,0
3242,8,1296,650,,,0
3243,8,1296,651,,,0
3244,8,1296,652,,,0
3245,8,1296,653,,,0
3246,8,1296,654,,,0
3247,8,1296,655,,,0
3248,8,1296,656,,,0
3249,8,1296,657,,,0
3250,8,1296,658,,,0
3251,8,1296,659,,,0
3252,8,1296,660,,,0
3253,8,1296,661,,,0
3254,8,1296,662,,,0
3255,8,1296,663,,,0
3256,8,1296,664,,,0
3257,8,1296,665,,,0
3258,8,1296,666,,,0
3259,8,1296,667,,,0
3260,8,1296,668,,,0
3261,8,1296,669,,,0
3262,8,1296,670,,,0
3263,8,1296,671,,,0
3264,8,1296,672,,,0
3265,8,1296,673,,,0
3266,8,1296,674,,,0
3267,8,1296,675,,,0
3268,8,1296,676,,,0
3269,8,1296,677,,,0
3270,8,1296,678,,,0
3271,8,1296,679,,,0
3272,8,1296,680,,,0
3273,8,1296,681,,,0
3274,8,1296,682,,,0
3275,8,1296,683,,,0
3276,8,1296,684,,,0
3277,8,1296,685,,,0
3278,8,1296,686,,,0
3279,8,1296,687,,,0
3280,8,1296,688,,,0
3281,8,1296,689,,,0
3282,8,1296,690,,,0
3283,8,1296,691,,,0
3284,8,1296,692,,,0
3285,8,1296,693,,,0
3286,8,1296,694,,,0
3287,8,1296,695,,,0
3288,8,1296,696,,,0
3289,8,1296,697,,,0
3290,8,1296,698,,,0
3291,8,1296,699,,,0
3292,8,1296,700,,,0
3293,8,1296,701,,,0
3294,8,1296,702,,,0
3295,8,1296,703,,,0
3296,8,1296,704,,,0
3297,8,1296,705,,,0
3298,8,1296,706,,,0
3299,8,1296,707,,,0
3300,8,1296,708,,,0
3301,8,1296,709,,,0
3302,8,1296,710,,,0
3303,8,1296,711,,,0
3304,8,1296,712,,,0
3305,8,1296,713,,,0
3306,8,1296,714,,,0
3307,8,1296,715,,,0
3308,8,1296,716,,,0
3309,8,1296,717,,,0
3310,8,1296,718,,,0
3311,8,1296,719,,,0
3312,8,1296,720,,,0
3313,8,1296,721,,,0
3314,8,1296,722,,,0
3315,8,1296,723,,,0
3316,8,1296,724,,,0
3317,8,1296,725,,,0
3318,8,1296,726,,,0
3319,8,1296,727,,,0
3320,8,1296,728,,,0
3321,8,1296,729,0.4303784535560027,,1
3322,8,1296,730,,,0
3323,8,1296,731,,,0
3324,8,1296,732,,,0
3325,8,1296,733,,,0
3326,8,1296,734,,,0
3327,8,1296,735,,,0
3328,8,1296,736,,,0
3329,8,1296,737,,,0
3330,8,1296,738,,,0
3331,8,1296,739,,,0
3332,8,1296,740,,,0
3333,8,1296,741,,,0
3334,8,1296,742,,,0
3335,8,1296,743,,,0
3336,8,1296,744,,,0
3337,8,1296,745,,,0
3338,8,1296,746,,,0
3339,8,1296,747,,,0
3340,8,1296,748,,,0
3341,8,1296,749,,,0
3342,8,1296,750,,,0
3343,8,1296,751,,,0
3344,8,1296,752,,,0
3345,8,1296,753,,,0
3346,8,1296,754,,,0
3347,8,1296,755,,,0
3348,8,1296,756,,,0
3349,8,1296,757,,,0
3350,8,1296,758,,,0
3351,8,1296,759,,,0
3352,8,1296,760,,,0
3353,8,1296,761,,,0
3354,8,1296,762,,,0
3355,8,1296,763,,,0
3356,8,1296,764,,,0
3357,8,1296,765,,,0
3358,8,1296,766,1.5945258581379704,,1
3359,8,1296,767,,,0
3360,8,1296,768,,,0
3361,8,1296,769,,,0
3362,8,1296,770,,,0
3363,8,1296,771,,,0
3364,8,1296,772,,,0
3365,8,1296,773,,,0
3366,8,1296,774,,,0
3367,8,1296,775,,,0
3368,8,1296,776,,,0
3369,8,1296,777,,,0
3370,8,1296,778,,,0
3371,8,1296,779,,,0
3372,8,1296,780,,,0
3373,8,1296,781,,,0
3374,8,1296,782,,,0
3375,8,1296,783,,,0
3376,8,1296,784,,,0
3377,8,1296,785,,,0
3378,8,1296,786,,,0
3379,8,1296,787,,,0
3380,8,1296,788,,,0
3381,8,1296,789,,,0
3382,8,1296,790,,,0
3383,8,1296,791,,,0
3384,8,1296,792,,,0
3385,8,1296,793,,,0
3386,8,1296,794,,,0
3387,8,1296,795,,,0
3388,8,1296,796,,,0
3389,8,1296,797,,,0
3390,8,1296,798,,,0
3391,8,1296,799,,,0
3392,8,1296,800,,,0
3393,8,1296,801,0.3929834384209414,,1
3394,8,1296,802,,,0
3395,8,1296,803,,,0
3396,8,1296,804,,,0
3397,8,1296,805,,,0
3398,8,1296,806,,,0
3399,8,1296,807,,,0
3400,8,1296,808,,,0
3401,8,1296,809,,,0
3402,8,1296,810,,,0
3403,8,1296,811,,,0
3404,8,1296,812,,,0
3405,8,1296,813,,,0
3406,8,1296,814,,,0
3407,8,1296,815,,,0
3408,8,1296,816,,,0
3409,8,1296,817,,,0
3410,8,1296,818,,,0
3411,8,1296,819,,,0
3412,8,1296,820,,,0
3413,8,1296,821,,,0
3414,8,1296,822,,,0
3415,8,1296,823,,,0
3416,8,1296,824,,,0
3417,8,1296,825,,,0
3418,8,1296,826,,,0
3419,8,1296,827,,,0
3420,8,1296,828,,,0
3421,8,1296,829,,,0
3422,8,1296,830,,,0
3423,8,1296,831,,,0
3424,8,1296,832,,,0
3425,8,1296,833,,,0
3426,8,1296,834,,,0
3427,8,1296,835,,,0
3428,8,1296,836,,,0
3429,8,1296,837,,,0
3430,8,1296,838,,,0
3431,8,1296,839,,,0
3432,8,1296,840,,,0
3433,8,1296,841,,,0
3434,8,1296,842,,,0
3435,8,1296,843,,,0
3436,8,1296,844,,,0
3437,8,1296,845,,,0
3438,8,1296,846,,,0
3439,8,1296,847,,,0
3440,8,1296,848,,,0
3441,8,1296,849,,,0
3442,8,1296,850,,,0
3443,8,1296,851,,,0
3444,8,1296,852,,,0
3445,8,1296,853,,,0
3446,8,1296,854,,,0
3447,8,1296,855,,,0
3448,8,1296,856,,,0
3449,8,1296,857,,,0
3450,8,1296,858,,,0
3451,8,1296,859,,,0
3452,8,1296,860,,,0
3453,8,1296,861,,,0
3454,8,1296,862,,,0
3455,8,1296,863,,,0
3456,8,1296,864,,,0
3457,8,1296,865,,,0
3458,8,1296,866,,,0
3459,8,1296,867,,,0
3460,8,1296,868,,,0
3461,8,1296,869,,,0
3462,8,1296,870,,,0
3463,8,1296,871,,,0
3464,8,1296,872,,,0
3465,8,1296,873,,,0
3466,8,1296,874,,,0
3467,8,1296,875,,,0
3468,8,1296,876,,,0
3469,8,1296,877,,,0
3470,8,1296,878,,,0
3471,8,1296,879,,,0
3472,8,1296,880,,,0
3473,8,1296,881,,,0
3474,8,1296,882,,,0
3475,8,1296,883,,,0
3476,8,1296,884,,,0
3477,8,1296,885,,,0
3478,8,1296,886,,,0
3479,8,1296,887,,,0
3480,8,1296,888,,,0
3481,8,1296,889,,,0
3482,8,1296,890,,,0
3483,8,1296,891,,,0
3484,8,1296,892,,,0
3485,8,1296,893,,,0
3486,8,1296,894,,,0
3487,8,1296,895,,,0
3488,8,1296,896,,,0
3489,8,1296,897,,,0
3490,8,1296,898,,,0
3491,8,1296,899,,,0
3492,8,1296,900,,,0
3493,8,1296,901,,,0
3494,8,1296,902,,,0
3495,8,1296,903,,,0
3496,8,1296,904,,,0
3497,8,1296,905,,,0
3498,8,1296,906,,,0
3499,8,1296,907,,,0
3500,8,1296,908,,,0
3501,8,1296,909,,,0
3502,8,1296,910,,,0
3503,8,1296,911,,,0
3504,8,1296,912,,,0
3505,8,1296,913,,,0
3506,8,1296,914,,,0
3507,8,1296,915,,,0
3508,8,1296,916,,,0
3509,8,1296,917,,,0
3510,8,1296,918,,,0
3511,8,1296,919,,,0
3512,8,1296,920,,,0
3513,8,1296,921,,,0
3514,8,1296,922,,,0
3515,8,1296,923,,,0
3516,8,1296,924,,,0
3517,8,1296,925,,,0
3518,8,1296,926,,,0
3519,8,1296,927,,,0
3520,8,1296,928,,,0
3521,8,1296,929,,,0
3522,8,1296,930,,,0
3523,8,1296,931,,,0
3524,8,1296,932,,,0
3525,8,1296,933,,,0
3526,8,1296,934,,,0
3527,8,1296,935,,,0
3528,8,1296,936,,,0
3529,8,1296,937,,,0
3530,8,1296,938,,,0
3531,8,1296,939,,,0
3532,8,1296,940,,,0
3533,8,1296,941,,,0
3534,8,1296,942,,,0
3535,8,1296,943,,,0
3536,8,1296,944,,,0
3537,8,1296,945,,,0
3538,8,1296,946,0.6306020979178228,0.711003874870107,2
3539,8,1296,947,,,0
3540,8,1296,948,,,0
3541,8,1296,949,,,0
3542,8,1296,950,,,0
3543,8,1296,951,,,0
3544,8,1296,952,,,0
3545,8,1296,953,,,0
3546,8,1296,954,,,0
3547,8,1296,955,,,0
3548,8,1296,956,,,0
3549,8,1296,957,,,0
3550,8,1296,958,,,0
3551,8,1296,959,,,0
3552,8,1296,960,,,0
3553,8,1296,961,,,0
3554,8,1296,962,,,0
3555,8,1296,963,,,0
3556,8,1296,964,,,0
3557,8,1296,965,,,0
3558,8,1296,966,,,0
3559,8,1296,967,,,0
3560,8,1296,968,,,0
3561,8,1296,969,,,0
3562,8,1296,970,,,0
3563,8,1296,971,,,0
3564,8,1296,972,,,0
3565,8,1296,973,,,0
3566,8,1296,974,,,0
3567,8,1296,975,,,0
3568,8,1296,976,,,0
3569,8,1296,977,,,0
3570,8,1296,978,,,0
3571,8,1296,979,,,0
3572,8,1296,980,,,0
3573,8,1296,981,,,0
3574,8,1296,982,,,0
3575,8,1296,983,,,0
3576,8,1296,984,,,0
3577,8,1296,985,,,0
3578,8,1296,986,,,0
3579,8,1296,987,,,0
3580,8,1296,988,,,0
3581,8,1296,989,,,0
3582,8,1296,990,,,0
3583,8,1296,991,,,0
3584,8,1296,992,,,0
3585,8,1296,993,,,0
3586,8,1296,994,,,0
3587,8,1296,995,,,0
3588,8,1296,996,,,0
3589,8,1296,997,,,0
3590,8,1296,998,,,0
3591,8,1296,999,,,0
3592,8,1296,1000,,,0
3593,8,1296,1001,,,0
3594,8,1296,1002,,,0
3595,8,1296,1003,,,0
3596,8,1296,1004,,,0
3597,8,1296,1005,,,0
3598,8,1296,1006,,,0
3599,8,1296,1007,,,0
3600,8,1296,1008,,,0
3601,8,1296,1009,,,0
3602,8,1296,1010,,,0
3603,8,1296,1011,,,0
3604,8,1296,1012,,,0
3605,8,1296,1013,,,0
3606,8,1296,1014,,,0
3607,8,1296,1015,,,0
3608,8,1296,1016,,,0
3609,8,1296,1017,,,0
3610,8,1296,1018,,,0
3611,8,1296,1019,,,0
3612,8,1296,1020,,,0
3613,8,1296,1021,,,0
3614,8,1296,1022,,,0
3615,8,1296,1023,,,0
3616,8,1296,1024,,,0
3617,8,1296,1025,,,0
3618,8,1296,1026,,,0
3619,8,1296,1027,,,0
3620,8,1296,1028,,,0
3621,8,1296,1029,,,0
3622,8,1296,1030,,,0
3623,8,1296,1031,,,0
3624,8,1296,1032,,,0
3625,8,1296,1033,,,0
3626,8,1296,1034,,,0
3627,8,1296,1035,,,0
3628,8,1296,1036,,,0
3629,8,1296,1037,,,0
3630,8,1296,1038,,,0
3631,8,1296,1039,,,0
3632,8,1296,1040,,,0
3633,8,1296,1041,,,0
3634,8,1296,1042,,,0
3635,8,1296,1043,,,0
3636,8,1296,1044,,,0
3637,8,1296,1045,,,0
3638,8,1296,1046,,,0
3639,8,1296,1047,,,0
3640,8,1296,1048,,,0
3641,8,1296,1049,,,0
3642,8,1296,1050,,,0
3643,8,1296,1051,,,0
3644,8,1296,1052,,,0
3645,8,1296,1053,,,0
3646,8,1296,1054,,,0
3647,8,1296,1055,,,0
3648,8,1296,1056,,,0
3649,8,1296,1057,,,0
3650,8,1296,1058,,,0
3651,8,1296,1059,,,0
3652,8,1296,1060,,,0
3653,8,1296,1061,,,0
3654,8,1296,1062,,,0
3655,8,1296,1063,,,0
3656,8,1296,1064,,,0
3657,8,1296,1065,,,0
3658,8,1296,1066,,,0
3659,8,1296,1067,,,0
3660,8,1296,1068,,,0
3661,8,1296,1069,,,0
3662,8,1296,1070,,,0
3663,8,1296,1071,,,0
3664,8,1296,1072,,,0
3665,8,1296,1073,,,0
3666,8,1296,1074,,,0
3667,8,1296,1075,,,0
3668,8,1296,1076,,,0
3669,8,1296,1077,,,0
3670,8,1296,1078,,,0
3671,8,1296,1079,,,0
3672,8,1296,1080,,,0
3673,8,1296,1081,,,0
3674,8,1296,1082,,,0
3675,8,1296,1083,,,0
3676,8,1296,1084,,,0
3677,8,1296,1085,,,0
3678,8,1296,1086,,,0
3679,8,1296,1087,,,0
3680,8,1296,1088,,,0
3681,8,1296,1089,,,0
3682,8,1296,1090,,,0
3683,8,1296,1091,,,0
3684,8,1296,1092,,,0
3685,8,1296,1093,,,0
3686,8,1296,1094,,,0
3687,8,1296,1095,,,0
3688,8,1296,1096,,,0
3689,8,1296,1097,,,0
3690,8,1296,1098,,,0
3691,8,1296,1099,,,0
3692,8,1296,1100,,,0
3693,8,1296,1101,,,0
3694,8,1296,1102,,,0
3695,8,1296,1103,,,0
3696,8,1296,1104,,,0
3697,8,1296,1105,,,0
3698,8,1296,1106,,,0
3699,8,1296,1107,,,0
3700,8,1296,1108,,,0
3701,8,1296,1109,,,0
3702,8,1296,1110,,,0
3703,8,1296,1111,,,0
3704,8,1296,1112,,,0
3705,8,1296,1113,,,0
3706,8,1296,1114,,,0
3707,8,1296,1115,,,0
3708,8,1296,1116,,,0
3709,8,1296,1117,,,0
3710,8,1296,1118,,,0
3711,8,1296,1119,,,0
3712,8,1296,1120,,,0
3713,8,1296,1121,,,0
3714,8,1296,1122,,,0
3715,8,1296,1123,,,0
3716,8,1296,1124,,,0
3717,8,1296,1125,,,0
3718,8,1296,1126,,,0
3719,8,1296,1127,,,0
3720,8,1296,1128,,,0
3721,8,1296,1129,,,0
3722,8,1296,1130,,,0
3723,8,1296,1131,,,0
3724,8,1296,1132,,,0
3725,8,1296,1133,,,0
3726,8,1296,1134,,,0
3727,8,1296,1135,,,0
3728,8,1296,1136,,,0
3729,8,1296,1137,,,0
3730,8,1296,1138,,,0
3731,8,1296,1139,,,0
3732,8,1296,1140,,,0
3733,8,1296,1141,,,0
3734,8,1296,1142,,,0
3735,8,1296,1143,,,0
3736,8,1296,1144,,,0
3737,8,1296,1145,,,0
3738,8,1296,1146,,,0
3739,8,1296,1147,,,0
3740,8,1296,1148,,,0
3741,8,1296,1149,,,0
3742,8,1296,1150,,,0
3743,8,1296,1151,,,0
3744,8,1296,1152,,,0
3745,8,1296,1153,,,0
3746,8,1296,1154,,,0
3747,8,1296,1155,,,0
3748,8,1296,1156,,,0
3749,8,1296,1157,,,0
3750,8,1296,1158,,,0
3751,8,1296,1159,,,0
3752,8,1296,1160,,,0
3753,8,1296,1161,,,0
3754,8,1296,1162,,,0
3755,8,1296,1163,,,0
3756,8,1296,1164,,,0
3757,8,1296,1165,,,0
3758,8,1296,1166,,,0
3759,8,1296,1167,,,0
3760,8,1296,1168,,,0
3761,8,1296,1169,,,0
3762,8,1296,1170,,,0
3763,8,1296,1171,,,0
3764,8,1296,1172,,,0
3765,8,1296,1173,,,0
3766,8,1296,1174,,,0
3767,8,1296,1175,,,0
3768,8,1296,1176,,,0
3769,8,1296,1177,,,0
3770,8,1296,1178,,,0
3771,8,1296,1179,,,0
3772,8,1296,1180,,,0
3773,8,1296,1181,,,0
3774,8,1296,1182,,,0
3775,8,1296,1183,,,0
3776,8,1296,1184,,,0
3777,8,1296,1185,,,0
3778,8,1296,1186,,,0
3779,8,1296,1187,,,0
3780,8,1296,1188,,,0
3781,8,1296,1189,,,0
3782,8,1296,1190,,,0
3783,8,1296,1191,,,0
3784,8,1296,1192,,,0
3785,8,1296,1193,,,0
3786,8,1296,1194,,,0
3787,8,1296,1195,,,0
3788,8,1296,1196,,,0
3789,8,1296,1197,,,0
3790,8,1296,1198,,,0
3791,8,1296,1199,,,0
3792,8,1296,1200,,,0
3793,8,1296,1201,,,0
3794,8,1296,1202,,,0
3795,8,1296,1203,,,0
3796,8,1296,1204,,,0
3797,8,1296,1205,,,0
3798,8,1296,1206,,,0
3799,8,1296,1207,,,0
3800,8,1296,1208,,,0
3801,8,1296,1209,,,0
3802,8,1296,1210,,,0
3803,8,1296,1211,,,0
3804,8,1296,1212,,,0
3805,8,1296,1213,,,0
3806,8,1296,1214,,,0
3807,8,1296,1215,,,0
3808,8,1296,1216,,,0
3809,8,1296,1217,,,0
3810,8,1296,1218,,,0
3811,8,1296,1219,,,0
3812,8,1296,1220,,,0
3813,8,1296,1221,,,0
3814,8,1296,1222,,,0
3815,8,1296,1223,,,0
3816,8,1296,1224,,,0
3817,8,1296,1225,,,0
3818,8,1296,1226,,,0
3819,8,1296,1227,,,0
3820,8,1296,1228,,,0
3821,8,1296,1229,,,0
3822,8,1296,1230,,,0
3823,8,1296,1231,,,0
3824,8,1296,1232,,,0
3825,8,1296,1233,,,0
3826,8,1296,1234,,,0
3827,8,1296,1235,,,0
3828,8,1296,1236,,,0
3829,8,1296,1237,,,0
3830,8,1296,1238,,,0
3831,8,1296,1239,,,0
3832,8,1296,1240,,,0
3833,8,1296,1241,,,0
3834,8,1296,1242,,,0
3835,8,1296,1243,,,0
3836,8,1296,1244,,,0
3837,8,1296,1245,,,0
3838,8,1296,1246,,,0
3839,8,1296,1247,,,0
3840,8,1296,1248,,,0
3841,8,1296,1249,,,0
3842,8,1296,1250,,,0
3843,8,1296,1251,,,0
3844,8,1296,1252,,,0
3845,8,1296,1253,,,0
3846,8,1296,1254,,,0
3847,8,1296,1255,,,0
3848,8,1296,1256,,,0
3849,8,1296,1257,,,0
3850,8,1296,1258,,,0
3851,8,1296,1259,,,0
3852,8,1296,1260,,,0
3853,8,1296,1261,,,0
3854,8,1296,1262,,,0
3855,8,1296,1263,,,0
3856,8,1296,1264,,,0
3857,8,1296,1265,,,0
3858,8,1296,1266,,,0
3859,8,1296,1267,,,0
3860,8,1296,1268,,,0
3861,8,1296,1269,,,0
3862,8,1296,1270,,,0
3863,8,1296,1271,,,0
3864,8,1296,1272,,,0
3865,8,1296,1273,,,0
3866,8,1296,1274,,,0
3867,8,1296,1275,,,0
3868,8,1296,1276,,,0
3869,8,1296,1277,,,0
3870,8,1296,1278,,,0
3871,8,1296,1279,,,0
3872,8,1296,1280,,,0
3873,8,1296,1281,,,0
3874,8,1296,1282,,,0
3875,8,1296,1283,,,0
3876,8,1296,1284,,,0
3877,8,1296,1285,,,0
3878,8,1296,1286,,,0
3879,8,1296,1287,,,0
3880,8,1296,1288,,,0
3881,8,1296,1289,,,0
3882,8,1296,1290,,,0
3883,8,1296,1291,,,0
3884,8,1296,1292,,,0
3885,8,1296,1293,,,0
3886,8,1296,1294,,,0
3887,8,1296,1295,,,0
3888,8,1296,1296,,,0
