,Series,k,Mean,stdDev
3181,1,1,3.027675959,3.640940735
3182,2,1,2.823959221,3.495032593
3183,3,1,2.726117565,2.42366635
3184,4,1,3.03607981,3.738518025
3185,5,1,2.594436965,2.502128458
3186,6,1,2.790895505,2.959015677
3187,7,1,3.648372849,4.956480817
3188,8,1,3.217347032,4.053023685
3189,9,1,2.750602492,3.301072778
3190,10,1,2.53409487,2.565213046
3191,1,2,2.77343797,3.222932572
3192,2,2,2.380963464,2.420502519
3193,3,2,2.370600289,2.221733047
3194,4,2,2.891483021,3.50777937
3195,5,2,2.43158958,2.717544377
3196,6,2,2.608195076,2.957694098
3197,7,2,3.012788697,4.092520331
3198,8,2,2.83689655,3.428351001
3199,9,2,2.518649291,2.361345771
3200,10,2,2.362968621,2.398325262
3201,1,3,2.629472039,2.755699159
3202,2,3,2.282040977,1.938864269
3203,3,3,2.168400109,1.924532615
3204,4,3,2.647773256,2.625313672
3205,5,3,2.429792819,2.590554922
3206,6,3,2.415698611,2.891203361
3207,7,3,2.879414379,3.853605153
3208,8,3,2.902062964,3.412670977
3209,9,3,2.404155259,2.303994073
3210,10,3,2.255008295,1.973556907
3211,1,4,2.520423632,2.482614582
3212,2,4,2.223186237,1.972758711
3213,3,4,2.219056829,1.865008065
3214,4,4,2.50094865,2.182417511
3215,5,4,2.367549161,2.530032928
3216,6,4,2.376218929,2.852288976
3217,7,4,2.61179105,3.751150056
3218,8,4,2.887501762,3.450275633
3219,9,4,2.425010405,2.044787024
3220,10,4,2.188549902,1.926275856
3221,1,5,2.525716914,2.606789741
3222,2,5,2.254879056,2.267458835
3223,3,5,2.162051468,1.929706591
3224,4,5,2.440921963,2.161675244
3225,5,5,2.22103206,2.336038208
3226,6,5,2.30703025,2.701885367
3227,7,5,2.666614238,3.763992279
3228,8,5,2.82966417,3.387927034
3229,9,5,2.379199888,1.910714427
3230,10,5,2.071289851,1.830052406
3231,1,6,2.506976646,2.651664149
3232,2,6,2.268497679,2.470902942
3233,3,6,2.159868404,1.949628289
3234,4,6,2.338235187,1.946770656
3235,5,6,2.239857118,2.284271741
3236,6,6,2.328779771,2.733679821
3237,7,6,2.581279576,3.640115186
3238,8,6,2.760761316,3.334965784
3239,9,6,2.363252666,1.880897963
3240,10,6,2.058871967,1.868139094
3241,1,7,2.495485371,2.547965762
3242,2,7,2.221065553,2.513628098
3243,3,7,2.181778432,1.935144817
3244,4,7,2.326591987,1.867835763
3245,5,7,2.241941778,2.42269589
3246,6,7,2.29224115,2.699496733
3247,7,7,2.511742091,3.553111142
3248,8,7,2.738600493,3.380818904
3249,9,7,2.300648957,1.802060472
3250,10,7,2.050080521,1.831079392
3251,1,8,2.532138785,2.591783937
3252,2,8,2.164836955,2.355110734
3253,3,8,2.184251825,1.978433915
3254,4,8,2.260220578,1.803595231
3255,5,8,2.155576475,2.313728259
3256,6,8,2.32700069,2.739555071
3257,7,8,2.521120136,3.509895065
3258,8,8,2.732721871,3.358441046
3259,9,8,2.425905208,1.997368274
3260,10,8,2.041357415,1.880619527
3261,1,9,2.549808784,2.570880909
3262,2,9,2.098650725,2.213498771
3263,3,9,2.140343688,1.9555456
3264,4,9,2.273373069,1.829012551
3265,5,9,2.165175616,2.270712557
3266,6,9,2.326794404,2.742500013
3267,7,9,2.443049709,3.423327119
3268,8,9,2.694615001,3.318046894
3269,9,9,2.384489688,1.925084551
3270,10,9,2.061189827,1.913112512
3271,1,10,2.541575189,2.598684816
3272,2,10,2.073277875,2.099489083
3273,3,10,2.136838512,1.930272888
3274,4,10,2.262842899,1.835405779
3275,5,10,2.14940667,2.245076967
3276,6,10,2.327111205,2.759073348
3277,7,10,2.440073964,3.398819561
3278,8,10,2.645730674,3.299679928
3279,9,10,2.345827273,1.942756117
3280,10,10,2.027506853,1.933917881
3281,1,11,2.506310006,2.562654134
3282,2,11,2.030932281,1.982762743
3283,3,11,2.127310397,1.885368897
3284,4,11,2.260993641,1.808297339
3285,5,11,2.124472455,2.172943883
3286,6,11,2.297775086,2.699878822
3287,7,11,2.450652319,3.448230769
3288,8,11,2.641291615,3.302070124
3289,9,11,2.332852454,1.89760753
3290,10,11,2.041438661,1.924118997
3291,1,12,2.433129881,2.530478444
3292,2,12,1.986834479,1.944867473
3293,3,12,2.128628677,1.868563834
3294,4,12,2.240028042,1.793811726
3295,5,12,2.109548652,2.130688059
3296,6,12,2.259812193,2.719766337
3297,7,12,2.42421296,3.461631954
3298,8,12,2.616163889,3.292342542
3299,9,12,2.320287511,1.872227836
3300,10,12,2.068265302,1.955861808
3301,1,13,2.404080982,2.553152017
3302,2,13,1.964944673,1.904079413
3303,3,13,2.089100982,1.868748807
3304,4,13,2.188145651,1.745600248
3305,5,13,2.153902218,2.052543376
3306,6,13,2.218213775,2.706601587
3307,7,13,2.402569554,3.458975907
3308,8,13,2.583720631,3.303623009
3309,9,13,2.297602768,1.83577354
3310,10,13,2.070243634,1.959607067
3311,1,14,2.351655182,2.530857574
3312,2,14,1.9583468,1.839241956
3313,3,14,2.052902542,1.808889086
3314,4,14,2.175658236,1.746770613
3315,5,14,2.14712313,1.957862615
3316,6,14,2.212703034,2.738758032
3317,7,14,2.38097628,3.36550039
3318,8,14,2.554990539,3.283139644
3319,9,14,2.297596342,1.849141263
3320,10,14,2.023329554,1.8990262
3321,1,15,2.327924235,2.468118262
3322,2,15,1.949768659,1.80477021
3323,3,15,2.035271049,1.773492295
3324,4,15,2.14767993,1.72833321
3325,5,15,2.145106949,1.951124109
3326,6,15,2.19985084,2.752445298
3327,7,15,2.396846759,3.376235112
3328,8,15,2.546718163,3.269713942
3329,9,15,2.302684178,1.873897762
3330,10,15,2.030950144,1.883607047
3331,1,16,2.352040824,2.493103397
3332,2,16,1.920439596,1.766571236
3333,3,16,2.004471086,1.747897939
3334,4,16,2.149781348,1.71854416
3335,5,16,2.162748987,1.993974046
3336,6,16,2.186680056,2.756937229
3337,7,16,2.387429649,3.400175241
3338,8,16,2.519487533,3.256089657
3339,9,16,2.292645145,1.878915013
3340,10,16,2.029817576,1.891351008
3341,1,17,2.327267705,2.43836682
3342,2,17,1.886497582,1.74854212
3343,3,17,2.002363146,1.708335907
3344,4,17,2.131992517,1.674943842
3345,5,17,2.135265656,1.985986462
3346,6,17,2.179775415,2.737550225
3347,7,17,2.403253137,3.421270697
3348,8,17,2.510551044,3.23081134
3349,9,17,2.278450763,1.824375085
3350,10,17,2.041255823,1.895276282
3351,1,18,2.316039524,2.438337311
3352,2,18,1.863061774,1.703182245
3353,3,18,1.971396141,1.65987482
3354,4,18,2.141125133,1.684988758
3355,5,18,2.161615322,2.021828913
3356,6,18,2.17894248,2.750147538
3357,7,18,2.405586657,3.425749302
3358,8,18,2.484945352,3.238161445
3359,9,18,2.285137932,1.810410067
3360,10,18,2.020440414,1.873011353
3361,1,19,2.308559371,2.429166575
3362,2,19,1.842760033,1.676134703
3363,3,19,1.957343802,1.636218338
3364,4,19,2.17004039,1.697739876
3365,5,19,2.154818924,2.009774663
3366,6,19,2.170252928,2.747934509
3367,7,19,2.399813274,3.465850007
3368,8,19,2.481149413,3.226081643
3369,9,19,2.293832089,1.825854541
3370,10,19,2.040704378,1.859689718
3371,1,20,2.29326461,2.429740797
3372,2,20,1.834467328,1.68784395
3373,3,20,1.964608639,1.650240074
3374,4,20,2.194490942,1.750890271
3375,5,20,2.157749625,2.030600521
3376,6,20,2.14947351,2.741405113
3377,7,20,2.391402695,3.478251658
3378,8,20,2.45511015,3.208162748
3379,9,20,2.286817226,1.812270291
3380,10,20,2.041936023,1.880154326
3381,1,21,2.290691191,2.446214613
3382,2,21,1.826014425,1.734166795
3383,3,21,1.967088539,1.667612494
3384,4,21,2.167504159,1.731596633
3385,5,21,2.137293351,2.025862284
3386,6,21,2.132724771,2.732575245
3387,7,21,2.373253021,3.446238077
3388,8,21,2.438916946,3.20318917
3389,9,21,2.283656522,1.832810085
3390,10,21,2.037097367,1.87372483
3391,1,22,2.276517452,2.437638183
3392,2,22,1.815957503,1.723951687
3393,3,22,1.975456004,1.689837875
3394,4,22,2.132386201,1.720759915
3395,5,22,2.135198229,2.040398518
3396,6,22,2.149889711,2.739408069
3397,7,22,2.363417264,3.45695755
3398,8,22,2.428611692,3.202477616
3399,9,22,2.269566324,1.774245768
3400,10,22,2.074891209,1.888970697
3401,1,23,2.257735515,2.408099669
3402,2,23,1.793033675,1.692102808
3403,3,23,1.978238394,1.69184478
3404,4,23,2.155427971,1.710701399
3405,5,23,2.134525202,2.003484994
3406,6,23,2.16713386,2.748382446
3407,7,23,2.356492143,3.454710892
3408,8,23,2.442812505,3.213767567
3409,9,23,2.255939526,1.758515617
3410,10,23,2.072522924,1.88125946
3411,1,24,2.259365302,2.418167809
3412,2,24,1.768825053,1.68224884
3413,3,24,1.95295823,1.700665572
3414,4,24,2.151619172,1.713714076
3415,5,24,2.11695857,1.982779853
3416,6,24,2.160071785,2.75601296
3417,7,24,2.345596248,3.484092505
3418,8,24,2.420816802,3.195737628
3419,9,24,2.253084469,1.764835275
3420,10,24,2.069682725,1.877340018
3421,1,25,2.249211,2.442966259
3422,2,25,1.757102304,1.686095549
3423,3,25,1.948724876,1.691391368
3424,4,25,2.151414088,1.744732125
3425,5,25,2.103603624,1.970496804
3426,6,25,2.165487135,2.767500465
3427,7,25,2.34025654,3.484725443
3428,8,25,2.42551883,3.192859651
3429,9,25,2.263972842,1.784085783
3430,10,25,2.066906092,1.847186079
3431,1,26,2.229098932,2.426068545
3432,2,26,1.770080842,1.693847086
3433,3,26,1.930580945,1.645108436
3434,4,26,2.149108356,1.775321718
3435,5,26,2.073494499,1.956390957
3436,6,26,2.168324069,2.765282952
3437,7,26,2.332720627,3.491885054
3438,8,26,2.430472726,3.181238079
3439,9,26,2.260664677,1.774181103
3440,10,26,2.052951873,1.849464559
3441,1,27,2.22169709,2.423300739
3442,2,27,1.782603799,1.696143055
3443,3,27,1.935303168,1.648612235
3444,4,27,2.144844692,1.763546929
3445,5,27,2.08496847,1.962975351
3446,6,27,2.144352991,2.775720955
3447,7,27,2.324894544,3.501995771
3448,8,27,2.435163181,3.173767576
3449,9,27,2.258431335,1.764765652
3450,10,27,2.039187088,1.880298382
3451,1,28,2.208175246,2.437318651
3452,2,28,1.758643758,1.688583411
3453,3,28,1.936739095,1.656943594
3454,4,28,2.162621324,1.775088406
3455,5,28,2.087331623,1.967322196
3456,6,28,2.149787481,2.787713347
3457,7,28,2.335158633,3.517660639
3458,8,28,2.424898884,3.177518086
3459,9,28,2.261461165,1.762779404
3460,10,28,2.040816521,1.878631104
3461,1,29,2.196342792,2.432458965
3462,2,29,1.748710467,1.690951895
3463,3,29,1.928335784,1.694453952
3464,4,29,2.166190735,1.766077259
3465,5,29,2.085931618,1.956919864
3466,6,29,2.161430877,2.780794819
3467,7,29,2.336820226,3.519769753
3468,8,29,2.412975768,3.179128939
3469,9,29,2.258943344,1.760230573
3470,10,29,2.0330827,1.835671632
3471,1,30,2.181852935,2.447672268
3472,2,30,1.753712964,1.681006312
3473,3,30,1.924094343,1.71244191
3474,4,30,2.173135716,1.790960893
3475,5,30,2.081377571,1.940855635
3476,6,30,2.169434318,2.790837996
3477,7,30,2.340004725,3.538672621
3478,8,30,2.426491251,3.193334333
3479,9,30,2.233859573,1.743932992
3480,10,30,2.026416869,1.83143184
3481,1,31,2.180759024,2.436374293
3482,2,31,1.744487072,1.679203515
3483,3,31,1.902223977,1.707113936
3484,4,31,2.189991241,1.815737546
3485,5,31,2.097377916,1.932704138
3486,6,31,2.176894561,2.803303354
3487,7,31,2.347719489,3.565431457
3488,8,31,2.410111914,3.1995167
3489,9,31,2.218963082,1.741873739
3490,10,31,2.01090703,1.835203628
3491,1,32,2.176513941,2.465074629
3492,2,32,1.73707362,1.663145088
3493,3,32,1.914607815,1.726383778
3494,4,32,2.189495655,1.822941041
3495,5,32,2.102831647,1.96390021
3496,6,32,2.160398501,2.790950827
3497,7,32,2.344367722,3.566452025
3498,8,32,2.401645598,3.200175868
3499,9,32,2.211950053,1.73811003
3500,10,32,2.01684313,1.848707371
3501,1,33,2.169540893,2.479389439
3502,2,33,1.733369291,1.668170566
3503,3,33,1.91714107,1.735595021
3504,4,33,2.194248287,1.837682266
3505,5,33,2.108999375,1.972237346
3506,6,33,2.161260137,2.804279879
3507,7,33,2.348304757,3.573422765
3508,8,33,2.391226392,3.208566176
3509,9,33,2.200644899,1.740610748
3510,10,33,2.019697773,1.842332965
3511,1,34,2.165512204,2.472415879
3512,2,34,1.732068088,1.647752607
3513,3,34,1.926463424,1.736850863
3514,4,34,2.204245545,1.846293399
3515,5,34,2.119344521,1.983960092
3516,6,34,2.163631618,2.793981206
3517,7,34,2.341477729,3.588626606
3518,8,34,2.39027021,3.230134327
3519,9,34,2.194244102,1.742357866
3520,10,34,2.018432912,1.845214118
3521,1,35,2.174900223,2.496049545
3522,2,35,1.739943744,1.67284754
3523,3,35,1.927869052,1.759493939
3524,4,35,2.201453547,1.849052175
3525,5,35,2.118717236,1.978781391
3526,6,35,2.159679322,2.800526134
3527,7,35,2.350775109,3.606057794
3528,8,35,2.400090066,3.242733255
3529,9,35,2.182970822,1.737912628
3530,10,35,2.015785014,1.841999771
3531,1,36,2.165523252,2.490437056
3532,2,36,1.730184195,1.685436349
3533,3,36,1.929834711,1.76967395
3534,4,36,2.201109523,1.863297935
3535,5,36,2.11797578,1.994654431
3536,6,36,2.172946141,2.80359727
3537,7,36,2.351055356,3.606289987
3538,8,36,2.406092506,3.249007047
3539,9,36,2.194176185,1.727410002
3540,10,36,2.031024333,1.8456262
3541,1,37,2.163864537,2.510522454
3542,2,37,1.721247042,1.673700641
3543,3,37,1.931518473,1.775547193
3544,4,37,2.210404521,1.878152242
3545,5,37,2.118591823,2.00206142
3546,6,37,2.183417534,2.794348204
3547,7,37,2.3505541,3.610343706
3548,8,37,2.401066368,3.263744013
3549,9,37,2.187740047,1.723791703
3550,10,37,2.011475798,1.826648886
3551,1,38,2.163558541,2.507473745
3552,2,38,1.729130876,1.668127379
3553,3,38,1.931066496,1.795832035
3554,4,38,2.209660894,1.884076297
3555,5,38,2.108174862,2.020441202
3556,6,38,2.18347784,2.801702243
3557,7,38,2.337666142,3.584327428
3558,8,38,2.4019147,3.260262161
3559,9,38,2.180241757,1.725348612
3560,10,38,2.00786554,1.83532862
3561,1,39,2.15682968,2.511092299
3562,2,39,1.731546325,1.668167504
3563,3,39,1.923680076,1.799336924
3564,4,39,2.214005244,1.8858326
3565,5,39,2.102835116,2.024604934
3566,6,39,2.196263249,2.803429562
3567,7,39,2.345318237,3.591732742
3568,8,39,2.403778772,3.270488585
3569,9,39,2.165019829,1.721664662
3570,10,39,2.01548406,1.831521536
3571,1,40,2.158381919,2.521397496
3572,2,40,1.730308381,1.663617534
3573,3,40,1.914668018,1.785324705
3574,4,40,2.207909424,1.891652721
3575,5,40,2.103229253,2.041858111
3576,6,40,2.209163555,2.815210945
3577,7,40,2.338631741,3.602198008
3578,8,40,2.395437968,3.280443388
3579,9,40,2.174321381,1.72126717
3580,10,40,2.011963343,1.83653545
3581,1,41,2.156411716,2.541200634
3582,2,41,1.742680053,1.70249306
3583,3,41,1.909153704,1.779385698
3584,4,41,2.214204739,1.898974588
3585,5,41,2.103504938,2.061495889
3586,6,41,2.207179047,2.822396849
3587,7,41,2.335760707,3.596168275
3588,8,41,2.392824857,3.283385202
3589,9,41,2.178492875,1.713951793
3590,10,41,2.015805687,1.834415975
3591,1,42,2.156554574,2.541661091
3592,2,42,1.745176211,1.698559627
3593,3,42,1.902160065,1.797279416
3594,4,42,2.219542048,1.903728622
3595,5,42,2.102453685,2.071807097
3596,6,42,2.201821557,2.811888372
3597,7,42,2.325662305,3.599220219
3598,8,42,2.396416045,3.296486429
3599,9,42,2.179654645,1.722981058
3600,10,42,2.017466003,1.844483137
3601,1,43,2.153711824,2.548381398
3602,2,43,1.752236719,1.705550376
3603,3,43,1.91111882,1.805102785
3604,4,43,2.232425873,1.912969081
3605,5,43,2.101913711,2.093291967
3606,6,43,2.213891328,2.821157899
3607,7,43,2.326986754,3.597306479
3608,8,43,2.394843707,3.292255886
3609,9,43,2.172420672,1.723587458
3610,10,43,2.027680999,1.84812867
3611,1,44,2.1421654,2.539556024
3612,2,44,1.752769324,1.704478851
3613,3,44,1.916429322,1.814615639
3614,4,44,2.242547203,1.928822353
3615,5,44,2.098870283,2.094262562
3616,6,44,2.220461805,2.825594187
3617,7,44,2.339740847,3.604929874
3618,8,44,2.40026813,3.303998486
3619,9,44,2.167105479,1.722916433
3620,10,44,2.034497235,1.85345239
3621,1,45,2.137301958,2.536021575
3622,2,45,1.745615583,1.719597098
3623,3,45,1.91218544,1.815647583
3624,4,45,2.25760486,1.937441424
3625,5,45,2.093908808,2.105768153
3626,6,45,2.237554802,2.834310899
3627,7,45,2.339755056,3.608061552
3628,8,45,2.408605844,3.301428239
3629,9,45,2.174323118,1.730177972
3630,10,45,2.038331518,1.854353304
3631,1,46,2.130442028,2.549509498
3632,2,46,1.738324446,1.721594092
3633,3,46,1.915993797,1.818061746
3634,4,46,2.270429094,1.954129745
3635,5,46,2.095242529,2.096759644
3636,6,46,2.247174589,2.840716852
3637,7,46,2.333159703,3.620268688
3638,8,46,2.419133604,3.310200563
3639,9,46,2.166748574,1.736934498
3640,10,46,2.039608911,1.848127986
3641,1,47,2.130302691,2.568007674
3642,2,47,1.738178959,1.726016562
3643,3,47,1.919088521,1.828490675
3644,4,47,2.271297476,1.964093027
3645,5,47,2.095858915,2.104389858
3646,6,47,2.26123398,2.854450883
3647,7,47,2.342474433,3.631193041
3648,8,47,2.422115982,3.313632936
3649,9,47,2.161660848,1.740674784
3650,10,47,2.032222545,1.857462918
3651,1,48,2.13212963,2.570531817
3652,2,48,1.747517754,1.725403881
3653,3,48,1.925749626,1.837013825
3654,4,48,2.265589565,1.964933744
3655,5,48,2.097134108,2.12029686
3656,6,48,2.266525858,2.868784781
3657,7,48,2.361829388,3.623594677
3658,8,48,2.414930683,3.315562546
3659,9,48,2.165743326,1.751233243
3660,10,48,2.051459673,1.856575106
3661,1,49,2.127670149,2.573681135
3662,2,49,1.750089172,1.731121692
3663,3,49,1.926316381,1.847077578
3664,4,49,2.277354675,1.982398462
3665,5,49,2.098498693,2.143478088
3666,6,49,2.264908142,2.866869901
3667,7,49,2.353384191,3.619994051
3668,8,49,2.414027718,3.323603943
3669,9,49,2.172681079,1.746780596
3670,10,49,2.054694245,1.858457582
3671,1,50,2.118824594,2.572485755
3672,2,50,1.760997049,1.749351906
3673,3,50,1.928312988,1.852955231
3674,4,50,2.279599258,1.994654325
3675,5,50,2.10106883,2.158995143
3676,6,50,2.258076026,2.869322099
3677,7,50,2.359043904,3.631337633
3678,8,50,2.406877916,3.326605338
3679,9,50,2.174967717,1.752047007
3680,10,50,2.062299871,1.866269074
3681,1,51,2.122812423,2.578685697
3682,2,51,1.772454402,1.753114695
3683,3,51,1.924344871,1.846800756
3684,4,51,2.277080394,2.008391843
3685,5,51,2.102079066,2.164370609
3686,6,51,2.257169673,2.879337154
3687,7,51,2.367338595,3.629782641
3688,8,51,2.407420343,3.328007445
3689,9,51,2.17514151,1.760477349
3690,10,51,2.062750447,1.869105945
3691,1,52,2.13525987,2.587852455
3692,2,52,1.774422553,1.759992441
3693,3,52,1.926117942,1.849961433
3694,4,52,2.280031725,2.02234063
3695,5,52,2.107389807,2.166215503
3696,6,52,2.271337759,2.87803746
3697,7,52,2.371176177,3.628226187
3698,8,52,2.411225772,3.324133412
3699,9,52,2.180161411,1.759015759
3700,10,52,2.068098097,1.872690679
3701,1,53,2.126216733,2.563987977
3702,2,53,1.784789553,1.780221104
3703,3,53,1.925378984,1.851869224
3704,4,53,2.28126034,2.040074276
3705,5,53,2.109063736,2.176476902
3706,6,53,2.270515037,2.888787774
3707,7,53,2.379672669,3.638106885
3708,8,53,2.409867036,3.335737524
3709,9,53,2.181395708,1.759145774
3710,10,53,2.067846334,1.873546066
3711,1,54,2.127146261,2.569533386
3712,2,54,1.784035938,1.786313823
3713,3,54,1.912748842,1.842889751
3714,4,54,2.286734769,2.053536575
3715,5,54,2.110419451,2.19251393
3716,6,54,2.277736883,2.885781763
3717,7,54,2.379198212,3.637950577
3718,8,54,2.415326302,3.339912357
3719,9,54,2.179286579,1.763968033
3720,10,54,2.071979762,1.871316715
3721,1,55,2.132965052,2.575596628
3722,2,55,1.800721609,1.788935111
3723,3,55,1.918765569,1.846505268
3724,4,55,2.277504893,2.063485385
3725,5,55,2.119230521,2.198675777
3726,6,55,2.275139465,2.891452148
3727,7,55,2.384705675,3.640716731
3728,8,55,2.418821485,3.340937134
3729,9,55,2.181889052,1.762866161
3730,10,55,2.079967349,1.876130369
3731,1,56,2.121039474,2.578093308
3732,2,56,1.800546351,1.792432047
3733,3,56,1.928166249,1.852274341
3734,4,56,2.283004438,2.07826323
3735,5,56,2.122181119,2.213394702
3736,6,56,2.2744903,2.89062721
3737,7,56,2.386852093,3.650552305
3738,8,56,2.419508045,3.348137484
3739,9,56,2.184913408,1.76601486
3740,10,56,2.077266828,1.876451999
3741,1,57,2.112269611,2.579458386
3742,2,57,1.808861123,1.789654001
3743,3,57,1.92758584,1.852597419
3744,4,57,2.284828173,2.082777845
3745,5,57,2.116070549,2.210007324
3746,6,57,2.279620802,2.898749281
3747,7,57,2.393696418,3.653727497
3748,8,57,2.420030425,3.34358063
3749,9,57,2.185833575,1.765351686
3750,10,57,2.082555436,1.877597682
3751,1,58,2.116898499,2.595723268
3752,2,58,1.803898321,1.788529091
3753,3,58,1.935901818,1.843893047
3754,4,58,2.288610127,2.088763812
3755,5,58,2.105821802,2.229833079
3756,6,58,2.287589631,2.902220751
3757,7,58,2.392659669,3.654582133
3758,8,58,2.415519826,3.346936877
3759,9,58,2.195861382,1.782594149
3760,10,58,2.088782585,1.885151028
3761,1,59,2.108759098,2.606467892
3762,2,59,1.812049435,1.791622578
3763,3,59,1.940867919,1.848605976
3764,4,59,2.291431047,2.102056231
3765,5,59,2.107029196,2.237845283
3766,6,59,2.291370658,2.908907875
3767,7,59,2.388493564,3.661096315
3768,8,59,2.414631224,3.346973828
3769,9,59,2.199240586,1.787949902
3770,10,59,2.094805112,1.895004412
3771,1,60,2.115856283,2.609492449
3772,2,60,1.817029784,1.793872586
3773,3,60,1.937831397,1.851928587
3774,4,60,2.284429024,2.096632727
3775,5,60,2.101373455,2.240831893
3776,6,60,2.292781386,2.915904394
3777,7,60,2.392771419,3.667905334
3778,8,60,2.416436356,3.346707756
3779,9,60,2.192035313,1.778097223
3780,10,60,2.10161425,1.904221795
3781,1,61,2.121951946,2.610039059
3782,2,61,1.818952476,1.795637152
3783,3,61,1.940157325,1.844685854
3784,4,61,2.290901077,2.100297533
3785,5,61,2.113864758,2.25853527
3786,6,61,2.291484138,2.91127326
3787,7,61,2.39416545,3.671009887
3788,8,61,2.418254556,3.352054252
3789,9,61,2.197134755,1.77514583
3790,10,61,2.107322352,1.916551221
3791,1,62,2.12413569,2.619390877
3792,2,62,1.824485518,1.794645085
3793,3,62,1.947368974,1.855779721
3794,4,62,2.287979016,2.105885967
3795,5,62,2.109857964,2.262311551
3796,6,62,2.294549074,2.91525459
3797,7,62,2.39614247,3.679473313
3798,8,62,2.428915417,3.361184031
3799,9,62,2.199534283,1.783349902
3800,10,62,2.111078193,1.920693505
3801,1,63,2.128836375,2.634823194
3802,2,63,1.822740352,1.797055997
3803,3,63,1.948111576,1.859286894
3804,4,63,2.289795441,2.109773283
3805,5,63,2.103582631,2.252996445
3806,6,63,2.295292883,2.913578455
3807,7,63,2.402389152,3.684659518
3808,8,63,2.437496213,3.361181608
3809,9,63,2.191391254,1.774481846
3810,10,63,2.129198385,1.922790899
3811,1,64,2.129853196,2.64477448
3812,2,64,1.827262002,1.802611863
3813,3,64,1.954097638,1.868511814
3814,4,64,2.292690486,2.128139715
3815,5,64,2.107926159,2.257415257
3816,6,64,2.303136276,2.91970709
3817,7,64,2.399931722,3.686527543
3818,8,64,2.438668671,3.352759349
3819,9,64,2.190876086,1.789426384
3820,10,64,2.136637748,1.931289098
3821,1,65,2.13119505,2.651026339
3822,2,65,1.837794769,1.797600474
3823,3,65,1.954336007,1.859777125
3824,4,65,2.302272202,2.130466564
3825,5,65,2.110083766,2.266961158
3826,6,65,2.308302686,2.925820155
3827,7,65,2.4083241,3.684586053
3828,8,65,2.444131863,3.358798542
3829,9,65,2.189579542,1.790792179
3830,10,65,2.130895967,1.915730713
3831,1,66,2.12754892,2.661009133
3832,2,66,1.843813443,1.795826913
3833,3,66,1.953857301,1.863273323
3834,4,66,2.305905616,2.133461325
3835,5,66,2.104679091,2.275289371
3836,6,66,2.310490404,2.92633359
3837,7,66,2.414952278,3.685228411
3838,8,66,2.441538669,3.351473958
3839,9,66,2.195411674,1.794181325
3840,10,66,2.130996045,1.925070577
3841,1,67,2.127595155,2.669049231
3842,2,67,1.853196805,1.794632589
3843,3,67,1.954319261,1.868671987
3844,4,67,2.308015516,2.140137014
3845,5,67,2.098640339,2.279626508
3846,6,67,2.315662472,2.930183815
3847,7,67,2.42455404,3.695732124
3848,8,67,2.449132406,3.355520198
3849,9,67,2.193018747,1.799435536
3850,10,67,2.134634757,1.928221471
3851,1,68,2.121665105,2.68520589
3852,2,68,1.849573481,1.79022292
3853,3,68,1.959318562,1.872155268
3854,4,68,2.315244563,2.150699488
3855,5,68,2.103400218,2.286656568
3856,6,68,2.317806948,2.927420062
3857,7,68,2.426022645,3.696863703
3858,8,68,2.453888046,3.345536492
3859,9,68,2.207571731,1.804982537
3860,10,68,2.137810899,1.933014206
3861,1,69,2.113898851,2.684662588
3862,2,69,1.852555964,1.797111441
3863,3,69,1.96652682,1.863678938
3864,4,69,2.322399666,2.161755921
3865,5,69,2.102864008,2.292150642
3866,6,69,2.321254743,2.933577265
3867,7,69,2.424854183,3.70284491
3868,8,69,2.458184995,3.351411496
3869,9,69,2.220349103,1.809873142
3870,10,69,2.138896506,1.931351383
3871,1,70,2.110845368,2.684671035
3872,2,70,1.856527898,1.80246749
3873,3,70,1.974587226,1.86580618
3874,4,70,2.320305813,2.15905619
3875,5,70,2.105254306,2.300861438
3876,6,70,2.324060618,2.93928168
3877,7,70,2.431489437,3.700858256
3878,8,70,2.460691627,3.35782204
3879,9,70,2.218910687,1.797625021
3880,10,70,2.138750996,1.93845644
3881,1,71,2.113874301,2.703646569
3882,2,71,1.855884537,1.803952197
3883,3,71,1.976869743,1.866165984
3884,4,71,2.315894617,2.165819511
3885,5,71,2.105406474,2.30622405
3886,6,71,2.331568102,2.938772819
3887,7,71,2.441260467,3.698681924
3888,8,71,2.458285724,3.365831449
3889,9,71,2.227271382,1.802890439
3890,10,71,2.149580266,1.951028
3891,1,72,2.111266848,2.713189612
3892,2,72,1.860193717,1.808558164
3893,3,72,1.972798096,1.867823122
3894,4,72,2.316970474,2.169403365
3895,5,72,2.106012951,2.313206508
3896,6,72,2.338294868,2.944166084
3897,7,72,2.439108671,3.697869017
3898,8,72,2.460491486,3.37202096
3899,9,72,2.232246147,1.804145037
3900,10,72,2.152956896,1.954359705
3901,1,73,2.116583009,2.718238244
3902,2,73,1.864748381,1.812648937
3903,3,73,1.978193926,1.869268991
3904,4,73,2.321832124,2.170463548
3905,5,73,2.105086543,2.316771119
3906,6,73,2.341055012,2.945151455
3907,7,73,2.441911832,3.703866282
3908,8,73,2.461408386,3.37221117
3909,9,73,2.22762045,1.803407269
3910,10,73,2.15776839,1.955839514
3911,1,74,2.119128821,2.712309081
3912,2,74,1.870112633,1.816178724
3913,3,74,1.977755963,1.873563604
3914,4,74,2.331239088,2.178262028
3915,5,74,2.108683795,2.32587384
3916,6,74,2.347448611,2.947070918
3917,7,74,2.441599799,3.708091748
3918,8,74,2.466552458,3.368476216
3919,9,74,2.231237603,1.813831922
3920,10,74,2.164124327,1.954761618
3921,1,75,2.122603255,2.722996803
3922,2,75,1.87678244,1.82072552
3923,3,75,1.972281864,1.86811499
3924,4,75,2.337779852,2.190118919
3925,5,75,2.116876141,2.333951589
3926,6,75,2.350139695,2.947115045
3927,7,75,2.436561754,3.717742149
3928,8,75,2.472018074,3.371246326
3929,9,75,2.237725954,1.817628571
3930,10,75,2.160279945,1.955397631
3931,1,76,2.121407736,2.731454772
3932,2,76,1.879196192,1.821098853
3933,3,76,1.974354226,1.874915516
3934,4,76,2.336946526,2.189777802
3935,5,76,2.120449475,2.342983846
3936,6,76,2.351916505,2.945345491
3937,7,76,2.442100703,3.717062221
3938,8,76,2.480261578,3.378090031
3939,9,76,2.238328905,1.817801417
3940,10,76,2.16741052,1.957516551
3941,1,77,2.122141458,2.741229721
3942,2,77,1.883045795,1.826454688
3943,3,77,1.977018935,1.869548573
3944,4,77,2.338450464,2.18961404
3945,5,77,2.120239877,2.349509332
3946,6,77,2.358548781,2.946506631
3947,7,77,2.447630277,3.717110108
3948,8,77,2.483773028,3.380558807
3949,9,77,2.235626267,1.811179998
3950,10,77,2.165384321,1.959756476
3951,1,78,2.120941002,2.745816945
3952,2,78,1.884710606,1.82863146
3953,3,78,1.985784162,1.879553288
3954,4,78,2.336918434,2.193046442
3955,5,78,2.127987275,2.353622481
3956,6,78,2.362182691,2.948279578
3957,7,78,2.451255531,3.724907769
3958,8,78,2.486050888,3.388278128
3959,9,78,2.238266745,1.816164961
3960,10,78,2.172209685,1.964780056
3961,1,79,2.12021059,2.738928065
3962,2,79,1.891248456,1.834373495
3963,3,79,1.994126353,1.888555282
3964,4,79,2.33909564,2.187170079
3965,5,79,2.131399136,2.364486681
3966,6,79,2.369229168,2.951242189
3967,7,79,2.450378131,3.729391289
3968,8,79,2.494295665,3.394660878
3969,9,79,2.235151215,1.808279136
3970,10,79,2.169331847,1.96537003
3971,1,80,2.123742653,2.747627788
3972,2,80,1.894851663,1.84998273
3973,3,80,1.996727097,1.891816986
3974,4,80,2.342614696,2.191748378
3975,5,80,2.137338718,2.368112185
3976,6,80,2.373947589,2.951586697
3977,7,80,2.454546657,3.7378658
3978,8,80,2.491869828,3.399241532
3979,9,80,2.232588672,1.813344937
3980,10,80,2.173726576,1.967672131
3981,1,81,2.125634838,2.755174785
3982,2,81,1.900357725,1.859734392
3983,3,81,2.001978145,1.895574211
3984,4,81,2.34376915,2.188986533
3985,5,81,2.134344846,2.371401068
3986,6,81,2.379330203,2.953124808
3987,7,81,2.458849411,3.734023511
3988,8,81,2.489523915,3.401667045
3989,9,81,2.243021281,1.814069985
3990,10,81,2.173819178,1.965596802
3991,1,82,2.126336916,2.757404121
3992,2,82,1.900326804,1.866788755
3993,3,82,2.008591515,1.895284783
3994,4,82,2.347944173,2.193805148
3995,5,82,2.137147089,2.38351243
3996,6,82,2.381211499,2.957251227
3997,7,82,2.459148331,3.72617113
3998,8,82,2.489659871,3.399923103
3999,9,82,2.243083515,1.81731381
4000,10,82,2.175738782,1.971534521
4001,1,83,2.12015032,2.767185425
4002,2,83,1.899411834,1.866117082
4003,3,83,2.01509138,1.898557346
4004,4,83,2.351479894,2.199712513
4005,5,83,2.141559349,2.392511017
4006,6,83,2.388178474,2.958418102
4007,7,83,2.461491399,3.732863444
4008,8,83,2.492980693,3.40113306
4009,9,83,2.245153347,1.828644089
4010,10,83,2.174681491,1.97225867
4011,1,84,2.128914038,2.770968025
4012,2,84,1.895376276,1.872504462
4013,3,84,2.018116681,1.905065195
4014,4,84,2.352751297,2.204870682
4015,5,84,2.14416392,2.386075946
4016,6,84,2.39261668,2.962886434
4017,7,84,2.462355403,3.739017991
4018,8,84,2.492865355,3.400174007
4019,9,84,2.246068499,1.827197265
4020,10,84,2.17726176,1.972646388
4021,1,85,2.13027666,2.777059865
4022,2,85,1.901345595,1.877929101
4023,3,85,2.023517915,1.907860519
4024,4,85,2.357832704,2.202137358
4025,5,85,2.147236993,2.395793074
4026,6,85,2.396304636,2.96388611
4027,7,85,2.465040135,3.738018781
4028,8,85,2.498321732,3.403614901
4029,9,85,2.244977511,1.823981684
4030,10,85,2.17844344,1.979050609
4031,1,86,2.130610192,2.777391285
4032,2,86,1.910745307,1.889234045
4033,3,86,2.026555586,1.909518537
4034,4,86,2.354767462,2.195462323
4035,5,86,2.154488267,2.402823035
4036,6,86,2.401909476,2.969702261
4037,7,86,2.46869378,3.741919127
4038,8,86,2.499339885,3.409644538
4039,9,86,2.246139834,1.825249287
4040,10,86,2.185681024,1.981268779
4041,1,87,2.132009123,2.78815989
4042,2,87,1.911162614,1.888691194
4043,3,87,2.030423891,1.907098803
4044,4,87,2.349358831,2.188799786
4045,5,87,2.155545564,2.402129138
4046,6,87,2.409356301,2.976662184
4047,7,87,2.46706219,3.74054799
4048,8,87,2.503780446,3.412387385
4049,9,87,2.240600856,1.815428125
4050,10,87,2.190066031,1.987695777
4051,1,88,2.132807493,2.7947452
4052,2,88,1.916585423,1.88858448
4053,3,88,2.034995362,1.916250555
4054,4,88,2.360511565,2.197981574
4055,5,88,2.155921586,2.407725549
4056,6,88,2.407755329,2.983054526
4057,7,88,2.466875319,3.745331788
4058,8,88,2.507997447,3.410968721
4059,9,88,2.238759141,1.808162494
4060,10,88,2.190616988,1.990851359
4061,1,89,2.133472238,2.802984191
4062,2,89,1.909101552,1.894716779
4063,3,89,2.036565162,1.92141246
4064,4,89,2.36427357,2.194129215
4065,5,89,2.157062979,2.412378993
4066,6,89,2.410405676,2.982187251
4067,7,89,2.465316679,3.745885226
4068,8,89,2.509728832,3.410754871
4069,9,89,2.243517376,1.807991109
4070,10,89,2.189721038,1.992512474
4071,1,90,2.129175216,2.807813397
4072,2,90,1.908587455,1.893105331
4073,3,90,2.040350579,1.92958612
4074,4,90,2.370236068,2.205943882
4075,5,90,2.162466794,2.417045894
4076,6,90,2.411787081,2.987298979
4077,7,90,2.466507369,3.738874526
4078,8,90,2.5071636,3.413371677
4079,9,90,2.246581997,1.809343266
4080,10,90,2.189560301,1.990578366
4081,1,91,2.132990953,2.813762872
4082,2,91,1.909619252,1.895900706
4083,3,91,2.043761769,1.935828984
4084,4,91,2.374203127,2.20969527
4085,5,91,2.165936925,2.424052034
4086,6,91,2.416515986,2.986444269
4087,7,91,2.471440229,3.73901814
4088,8,91,2.506811108,3.413861483
4089,9,91,2.246523455,1.808543298
4090,10,91,2.193286151,1.995402754
4091,1,92,2.133041666,2.816523643
4092,2,92,1.911710334,1.901230761
4093,3,92,2.046499522,1.937140309
4094,4,92,2.369961594,2.210294509
4095,5,92,2.16713465,2.430545403
4096,6,92,2.419330855,2.985671116
4097,7,92,2.47259448,3.739248073
4098,8,92,2.507568515,3.413321836
4099,9,92,2.246849548,1.812495157
4100,10,92,2.193024053,1.998112873
4101,1,93,2.132485173,2.823755635
4102,2,93,1.919152982,1.910952795
4103,3,93,2.050793198,1.940258479
4104,4,93,2.371314003,2.216245716
4105,5,93,2.165342635,2.436059227
4106,6,93,2.424535857,2.982743251
4107,7,93,2.477119596,3.742413581
4108,8,93,2.51154848,3.417635601
4109,9,93,2.253261292,1.810685742
4110,10,93,2.196498796,1.992683653
4111,1,94,2.134656728,2.833637592
4112,2,94,1.927747474,1.922029103
4113,3,94,2.052251488,1.944357386
4114,4,94,2.378150708,2.219860404
4115,5,94,2.166241833,2.447606224
4116,6,94,2.429877299,2.983671881
4117,7,94,2.473691852,3.742150149
4118,8,94,2.511188036,3.420529558
4119,9,94,2.255781322,1.820477905
4120,10,94,2.19769792,1.994723194
4121,1,95,2.129713687,2.834954253
4122,2,95,1.927534671,1.92236233
4123,3,95,2.054669119,1.945153385
4124,4,95,2.383907818,2.22672747
4125,5,95,2.166125868,2.449800246
4126,6,95,2.434007165,2.984484796
4127,7,95,2.477841143,3.74618852
4128,8,95,2.508026143,3.418047481
4129,9,95,2.260621316,1.82309255
4130,10,95,2.200367227,1.993728079
4131,1,96,2.128503669,2.834305374
4132,2,96,1.932252198,1.928874741
4133,3,96,2.056119069,1.948665288
4134,4,96,2.384093086,2.229303796
4135,5,96,2.176290671,2.454260342
4136,6,96,2.439932322,2.989408192
4137,7,96,2.479273149,3.748908893
4138,8,96,2.508230013,3.422233145
4139,9,96,2.256480584,1.824830127
4140,10,96,2.200342467,1.994921491
4141,1,97,2.129846463,2.832885186
4142,2,97,1.934307716,1.929298806
4143,3,97,2.059955109,1.95061474
4144,4,97,2.39530001,2.23304412
4145,5,97,2.180915897,2.448625538
4146,6,97,2.441524895,2.980696041
4147,7,97,2.482122919,3.752011157
4148,8,97,2.511851942,3.423530294
4149,9,97,2.261162358,1.825123089
4150,10,97,2.204059225,1.99877316
4151,1,98,2.132164901,2.839913453
4152,2,98,1.937610233,1.93645381
4153,3,98,2.064274994,1.951593551
4154,4,98,2.397712959,2.239867877
4155,5,98,2.184350046,2.45942655
4156,6,98,2.451196782,2.989517568
4157,7,98,2.481075716,3.75578846
4158,8,98,2.516968283,3.428861906
4159,9,98,2.258866149,1.823787043
4160,10,98,2.205206829,1.997448367
4161,1,99,2.131741378,2.84797543
4162,2,99,1.950202607,1.947399929
4163,3,99,2.067255997,1.954975051
4164,4,99,2.401501223,2.244806182
4165,5,99,2.190554929,2.464963376
4166,6,99,2.449854589,2.984384074
4167,7,99,2.484013359,3.760925992
4168,8,99,2.521543252,3.427002745
4169,9,99,2.25509602,1.822177835
4170,10,99,2.209971818,1.997620377
4171,1,100,2.130417896,2.851062217
4172,2,100,1.955197354,1.95246526
4173,3,100,2.072220143,1.955540644
4174,4,100,2.40365153,2.251895742
4175,5,100,2.188269994,2.468057432
4176,6,100,2.44757785,2.986413914
4177,7,100,2.483286983,3.764288917
4178,8,100,2.5227156,3.430296621
4179,9,100,2.254048857,1.821664068
4180,10,100,2.213075781,2.002328626
4181,1,101,2.130653791,2.856657556
4182,2,101,1.955628851,1.959855372
4183,3,101,2.078389584,1.964448946
4184,4,101,2.405963064,2.263599484
4185,5,101,2.189102754,2.475037493
4186,6,101,2.454136915,2.98972465
4187,7,101,2.491210716,3.768366172
4188,8,101,2.524889906,3.429661067
4189,9,101,2.249630344,1.81925033
4190,10,101,2.215186285,2.000043045
4191,1,102,2.133391644,2.862420264
4192,2,102,1.956022813,1.960644464
4193,3,102,2.083347053,1.968804803
4194,4,102,2.411802296,2.26532085
4195,5,102,2.191142127,2.478749666
4196,6,102,2.451638166,2.990906581
4197,7,102,2.494267193,3.769204005
4198,8,102,2.524857725,3.41429994
4199,9,102,2.253576744,1.823107961
4200,10,102,2.217592282,1.999604057
4201,1,103,2.137288871,2.869951787
4202,2,103,1.960322874,1.968215627
4203,3,103,2.086418076,1.971577284
4204,4,103,2.40956035,2.262529192
4205,5,103,2.189159352,2.490754402
4206,6,103,2.453840111,2.984278567
4207,7,103,2.498580334,3.773922295
4208,8,103,2.520647779,3.410180621
4209,9,103,2.255283628,1.825116389
4210,10,103,2.215077493,1.996311122
4211,1,104,2.135544109,2.875332565
4212,2,104,1.960602484,1.975969349
4213,3,104,2.086797372,1.97073944
4214,4,104,2.409069915,2.271519723
4215,5,104,2.197326394,2.498589865
4216,6,104,2.457343342,2.983423196
4217,7,104,2.506466065,3.776221259
4218,8,104,2.520281291,3.410090194
4219,9,104,2.256536753,1.823136623
4220,10,104,2.215633332,1.998723533
4221,1,105,2.131767768,2.883937256
4222,2,105,1.962048037,1.979437759
4223,3,105,2.088192731,1.975756793
4224,4,105,2.408874676,2.278280921
4225,5,105,2.20143477,2.504375766
4226,6,105,2.458538603,2.986046174
4227,7,105,2.507641094,3.765202556
4228,8,105,2.523965028,3.415244264
4229,9,105,2.258407502,1.822837161
4230,10,105,2.215147212,2.002957491
4231,1,106,2.131045911,2.887042947
4232,2,106,1.962991849,1.981715469
4233,3,106,2.090761417,1.975414688
4234,4,106,2.415542272,2.284302504
4235,5,106,2.206685396,2.511569223
4236,6,106,2.457338803,2.987717273
4237,7,106,2.508169906,3.759336884
4238,8,106,2.52133393,3.410757631
4239,9,106,2.260745492,1.821359182
4240,10,106,2.214201171,1.99886191
