,Series,k,Mean,stdDev,
1,1,1,3.066188518,3.600871024,
2,2,1,2.983358137,3.62002123,
3,3,1,3.105440985,3.42213987,
4,4,1,2.954828575,3.937893223,
5,5,1,2.513716605,2.338157903,
6,6,1,2.295868613,2.763742936,
7,7,1,2.700914011,3.566305707,
8,8,1,3.709595921,5.117036869,
9,9,1,2.765220082,2.226329195,
10,10,1,2.924560592,3.464631091,2.901969204
11,1,2,2.758714569,3.158535703,
12,2,2,2.624459834,2.607595733,
13,3,2,2.594338176,2.941311624,
14,4,2,2.519965452,3.021688969,
15,5,2,2.079431967,1.723069519,
16,6,2,1.92884644,2.088706298,
17,7,2,2.67806941,3.483514208,
18,8,2,3.030852362,3.432780929,
19,9,2,2.469932929,2.038087434,
20,10,2,2.649052993,2.960932189,2.533366413
21,1,3,2.6051871,3.056621712,
22,2,3,2.43740456,2.574924002,
23,3,3,2.552276056,2.906622682,
24,4,3,2.272244842,2.556042211,
25,5,3,2.018359344,1.684325165,
26,6,3,1.775199297,1.963884494,
27,7,3,2.663542988,3.267388885,
28,8,3,2.82430419,2.958211925,
29,9,3,2.441381332,1.988766468,
30,10,3,2.713358463,3.145124246,2.430325817
31,1,4,2.655794722,3.080714826,
32,2,4,2.342378491,2.21372488,
33,3,4,2.463384837,2.83952064,
34,4,4,2.282425881,2.653508737,
35,5,4,2.039474015,1.658434104,
36,6,4,1.748667376,1.891826963,
37,7,4,2.593241531,3.210367014,
38,8,4,2.633160721,2.545441794,
39,9,4,2.411306404,2.073836258,
40,10,4,2.645422393,2.862398387,2.381525637
41,1,5,2.685164066,3.077537832,
42,2,5,2.260885227,2.009431121,
43,3,5,2.399046866,2.767768582,
44,4,5,2.251149206,2.525432421,
45,5,5,1.96990681,1.7220244,
46,6,5,1.830142819,1.819026653,
47,7,5,2.609320206,3.3087704,
48,8,5,2.565392589,2.421390639,
49,9,5,2.433008501,2.134234341,
50,10,5,2.673904803,2.874918374,2.367792109
51,1,6,2.631129855,3.062976794,
52,2,6,2.274380382,1.921942059,
53,3,6,2.365252096,2.846121526,
54,4,6,2.333778376,2.744002445,
55,5,6,1.965759036,1.707720619,
56,6,6,1.865838656,1.930381846,
57,7,6,2.554382877,3.192943326,
58,8,6,2.540233695,2.480821954,
59,9,6,2.451460088,2.157854794,
60,10,6,2.627644373,2.881616625,2.360985943
61,1,7,2.58134284,3.067852684,
62,2,7,2.284133175,1.964441936,
63,3,7,2.34823442,2.808585911,
64,4,7,2.265320096,2.619237228,
65,5,7,1.948286479,1.705262152,
66,6,7,1.842710563,1.884843625,
67,7,7,2.537601107,3.145891121,
68,8,7,2.526775945,2.48349833,
69,9,7,2.528641695,2.25550721,
70,10,7,2.61453455,2.942443908,2.347758087
71,1,8,2.609582712,3.117139864,
72,2,8,2.279050003,1.991893148,
73,3,8,2.254356413,2.791595951,
74,4,8,2.140699975,2.545481041,
75,5,8,1.904776925,1.679903165,
76,6,8,1.827790822,1.87279052,
77,7,8,2.520498272,3.195859647,
78,8,8,2.541982317,2.509894296,
79,9,8,2.518111905,2.245454173,
80,10,8,2.595831584,2.92935925,2.319268093
81,1,9,2.597196599,3.08354519,
82,2,9,2.221079005,1.913201488,
83,3,9,2.200689875,2.766495724,
84,4,9,2.102461032,2.51171705,
85,5,9,1.888510219,1.657675711,
86,6,9,1.84362374,1.774895518,
87,7,9,2.505964762,3.204697016,
88,8,9,2.518380382,2.436335166,
89,9,9,2.564578551,2.334601941,
90,10,9,2.626368771,3.010949252,2.306885294
91,1,10,2.557103925,3.048873083,
92,2,10,2.249041765,1.915932672,
93,3,10,2.176421028,2.75427071,
94,4,10,2.067409531,2.450951989,
95,5,10,1.861068935,1.565596143,
96,6,10,1.88857969,1.78530482,
97,7,10,2.479678881,3.149501597,
98,8,10,2.451738908,2.338710721,
99,9,10,2.57319812,2.366288487,
100,10,10,2.639571078,2.95082217,2.294381186
101,1,11,2.537128861,2.983272821,
102,2,11,2.21581751,1.857827897,
103,3,11,2.18142038,2.76121739,
104,4,11,2.025806726,2.340817757,
105,5,11,1.821414734,1.445363658,
106,6,11,1.930228148,1.767575702,
107,7,11,2.493227304,3.170437974,
108,8,11,2.401373633,2.228091211,
109,9,11,2.552076808,2.301659415,
110,10,11,2.648670661,2.9297337,2.280716476
111,1,12,2.525647951,2.939019014,
112,2,12,2.189406726,1.836604928,
113,3,12,2.151733424,2.751088391,
114,4,12,2.021486497,2.346528584,
115,5,12,1.760431996,1.459617844,
116,6,12,1.913971144,1.750603275,
117,7,12,2.466125934,3.11674665,
118,8,12,2.397932741,2.160789234,
119,9,12,2.550382769,2.261908423,
120,10,12,2.619815999,2.941017338,2.259693518
121,1,13,2.472405234,2.915995608,
122,2,13,2.185152676,1.789084926,
123,3,13,2.173547979,2.712280427,
124,4,13,1.961283075,2.2562933,
125,5,13,1.75479423,1.486236528,
126,6,13,1.867914228,1.710249578,
127,7,13,2.481564882,3.125449501,
128,8,13,2.344362312,2.113874665,
129,9,13,2.517970707,2.155954052,
130,10,13,2.571819764,2.907666612,2.233081509
131,1,14,2.489679369,2.927148082,
132,2,14,2.192907765,1.827902838,
133,3,14,2.149827473,2.732524856,
134,4,14,1.953130468,2.238967794,
135,5,14,1.729608055,1.472171554,
136,6,14,1.841258823,1.718908226,
137,7,14,2.411109965,3.10450121,
138,8,14,2.363049884,2.097782029,
139,9,14,2.511244374,2.142863407,
140,10,14,2.571139652,2.891086634,2.221295583
141,1,15,2.47767791,2.897905568,
142,2,15,2.186658298,1.816520604,
143,3,15,2.137618334,2.703563646,
144,4,15,1.97156542,2.249088696,
145,5,15,1.770893892,1.458937354,
146,6,15,1.833524196,1.747363135,
147,7,15,2.397756853,3.115906255,
148,8,15,2.308645264,2.057386226,
149,9,15,2.4938559,2.088140252,
150,10,15,2.526512671,2.848326641,2.210470874
151,1,16,2.462978467,2.907656671,
152,2,16,2.168031418,1.806913134,
153,3,16,2.142099048,2.693755707,
154,4,16,1.973830346,2.220813277,
155,5,16,1.770591235,1.469864956,
156,6,16,1.812314666,1.740706605,
157,7,16,2.418496324,3.123511055,
158,8,16,2.307809983,2.075682236,
159,9,16,2.515999174,2.064082975,
160,10,16,2.486051871,2.83925561,2.205820253
161,1,17,2.456377002,2.917167508,
162,2,17,2.194574046,1.868584372,
163,3,17,2.111639781,2.688623566,
164,4,17,1.979513998,2.200428274,
165,5,17,1.705608792,1.387200502,
166,6,17,1.799306199,1.77532106,
167,7,17,2.414693077,3.147541859,
168,8,17,2.310610491,2.041457697,
169,9,17,2.507208012,2.03744533,
170,10,17,2.479790997,2.84005794,2.19593224
171,1,18,2.445553957,2.904011334,
172,2,18,2.232622628,1.88433809,
173,3,18,2.098691952,2.6585519,
174,4,18,1.985686468,2.23501866,
175,5,18,1.684198292,1.36547843,
176,6,18,1.798217812,1.756652372,
177,7,18,2.387137365,3.077391503,
178,8,18,2.319461015,2.06883346,
179,9,18,2.492745334,1.982303806,
180,10,18,2.441178698,2.843204678,2.188549352
181,1,19,2.461689244,2.91554033,
182,2,19,2.208556534,1.853907262,
183,3,19,2.069714615,2.648312534,
184,4,19,2.002192134,2.250646297,
185,5,19,1.655617373,1.290118334,
186,6,19,1.804351398,1.772083188,
187,7,19,2.388528669,3.092187332,
188,8,19,2.299290556,2.069811127,
189,9,19,2.481058435,1.959331,
190,10,19,2.427976133,2.843305052,2.179897509
191,1,20,2.451121408,2.911067241,
192,2,20,2.237585782,1.865899557,
193,3,20,2.07060127,2.656636504,
194,4,20,1.988980505,2.287267429,
195,5,20,1.635137966,1.268588273,
196,6,20,1.828652937,1.817394168,
197,7,20,2.383246484,3.106513921,
198,8,20,2.278489534,2.056409219,
199,9,20,2.462254315,1.964536851,
200,10,20,2.421564517,2.856638415,2.175763472
201,1,21,2.419175914,2.87302513,
202,2,21,2.202597101,1.835712127,
203,3,21,2.063256962,2.681153848,
204,4,21,2.012772056,2.293951711,
205,5,21,1.620614714,1.245186763,
206,6,21,1.834131867,1.831113234,
207,7,21,2.377879474,3.103151063,
208,8,21,2.277680799,2.095455746,
209,9,21,2.47413278,1.948218469,
210,10,21,2.398060586,2.828989198,2.168030225
211,1,22,2.416122431,2.879099961,
212,2,22,2.205753767,1.836552126,
213,3,22,2.056786311,2.677810175,
214,4,22,1.977977284,2.286527396,
215,5,22,1.613952877,1.263154266,
216,6,22,1.830528616,1.811236692,
217,7,22,2.381941623,3.101242776,
218,8,22,2.250940496,2.073040749,
219,9,22,2.487486182,1.963936072,
220,10,22,2.36539626,2.832580378,2.158688585
221,1,23,2.395038077,2.886144911,
222,2,23,2.239856322,1.846706621,
223,3,23,2.038076612,2.69366293,
224,4,23,1.98033154,2.26813012,
225,5,23,1.590465962,1.257733082,
226,6,23,1.804992234,1.794616063,
227,7,23,2.363783665,3.110977843,
228,8,23,2.247595959,2.072555262,
229,9,23,2.492937821,1.966074309,
230,10,23,2.359875275,2.831424554,2.151295347
231,1,24,2.385408807,2.893623941,
232,2,24,2.242767398,1.825757642,
233,3,24,2.013912777,2.687220543,
234,4,24,1.977108085,2.280939605,
235,5,24,1.559667653,1.268380643,
236,6,24,1.80348958,1.829460686,
237,7,24,2.35385993,3.137301009,
238,8,24,2.246057924,2.093681614,
239,9,24,2.484527638,1.983872352,
240,10,24,2.346705152,2.829190961,2.141350494
241,1,25,2.386486672,2.878903417,
242,2,25,2.246990843,1.834998233,
243,3,25,2.020999574,2.695697954,
244,4,25,1.970056146,2.271939491,
245,5,25,1.550020316,1.271036442,
246,6,25,1.815152741,1.821259808,
247,7,25,2.36521679,3.149948976,
248,8,25,2.233212658,2.086753678,
249,9,25,2.483817046,1.984757782,
250,10,25,2.336842863,2.811143245,2.140879565
251,1,26,2.382475023,2.892097436,
252,2,26,2.236683135,1.852053169,
253,3,26,2.018564614,2.705093764,
254,4,26,1.973725695,2.289490395,
255,5,26,1.554654871,1.267408704,
256,6,26,1.793881304,1.82518276,
257,7,26,2.363474983,3.148712883,
258,8,26,2.239384048,2.08568645,
259,9,26,2.490287147,1.989314736,
260,10,26,2.346802666,2.802520315,2.139993349
261,1,27,2.377039981,2.903276391,
262,2,27,2.242951605,1.867275855,
263,3,27,2.011780294,2.697889824,
264,4,27,1.97548101,2.29752554,
265,5,27,1.558589622,1.274955517,
266,6,27,1.799441262,1.842518425,
267,7,27,2.359950588,3.161943884,
268,8,27,2.20386768,2.046082854,
269,9,27,2.494015591,2.003413862,
270,10,27,2.354232435,2.818742093,2.137735007
271,1,28,2.379818931,2.910733173,
272,2,28,2.222317152,1.865112533,
273,3,28,2.012188235,2.702538792,
274,4,28,1.966788145,2.290586687,
275,5,28,1.572217866,1.291999468,
276,6,28,1.799211167,1.876362283,
277,7,28,2.370227011,3.162041354,
278,8,28,2.190891231,2.048151344,
279,9,28,2.509032371,2.013348895,
280,10,28,2.339409922,2.819607164,2.136210203
281,1,29,2.364016214,2.92696958,
282,2,29,2.236013302,1.874605199,
283,3,29,1.995750172,2.704542511,
284,4,29,1.963242201,2.304427958,
285,5,29,1.574049415,1.302455535,
286,6,29,1.800460171,1.892986005,
287,7,29,2.351040575,3.150879797,
288,8,29,2.183290396,2.055972427,
289,9,29,2.50528727,1.979918996,
290,10,29,2.342137135,2.829467283,2.131528685
291,1,30,2.368749226,2.9370557,
292,2,30,2.243774499,1.87815617,
293,3,30,1.990101446,2.724573309,
294,4,30,1.966454765,2.332991976,
295,5,30,1.586040998,1.318588974,
296,6,30,1.790011747,1.916720293,
297,7,30,2.34855691,3.150347347,
298,8,30,2.187162436,2.082690263,
299,9,30,2.506916164,1.994579614,
300,10,30,2.34591783,2.848893138,2.133368602
301,1,31,2.361272642,2.93206032,
302,2,31,2.254901804,1.867283598,
303,3,31,1.974412948,2.721274262,
304,4,31,1.951704915,2.347233398,
305,5,31,1.570644923,1.310521872,
306,6,31,1.801034007,1.927720501,
307,7,31,2.347208751,3.156545288,
308,8,31,2.174740754,2.097472402,
309,9,31,2.51679621,1.988559843,
310,10,31,2.348668221,2.864175838,2.130138517
311,1,32,2.35979959,2.94988107,
312,2,32,2.24950997,1.896207129,
313,3,32,1.982765399,2.714281182,
314,4,32,1.923272858,2.34115623,
315,5,32,1.564630437,1.308907485,
316,6,32,1.819085744,1.948234764,
317,7,32,2.342012306,3.165679105,
318,8,32,2.162972907,2.089574301,
319,9,32,2.519481225,2.003778787,
320,10,32,2.336253409,2.875456892,2.125978385
321,1,33,2.370646111,2.962636576,
322,2,33,2.241571394,1.896286124,
323,3,33,1.981331185,2.712952038,
324,4,33,1.919459424,2.337699654,
325,5,33,1.579516372,1.315638727,
326,6,33,1.83689033,1.957677583,
327,7,33,2.324804439,3.168232737,
328,8,33,2.157673781,2.093108184,
329,9,33,2.51152448,2.019140602,
330,10,33,2.340659916,2.896906665,2.126407743
331,1,34,2.377669021,2.982995498,
332,2,34,2.243803237,1.920089835,
333,3,34,1.98236645,2.710321476,
334,4,34,1.919719831,2.358649755,
335,5,34,1.5767774,1.300132029,
336,6,34,1.828427146,1.961728059,
337,7,34,2.322641931,3.169908902,
338,8,34,2.162901797,2.10667583,
339,9,34,2.500086902,2.042039333,
340,10,34,2.322832821,2.900364896,2.123722654
341,1,35,2.373195302,2.982581618,
342,2,35,2.242907606,1.932489716,
343,3,35,1.987328437,2.716631198,
344,4,35,1.909034428,2.337674706,
345,5,35,1.584762709,1.291963481,
346,6,35,1.828715675,1.968142106,
347,7,35,2.330633342,3.182880854,
348,8,35,2.165980979,2.146060771,
349,9,35,2.49575274,2.060591403,
350,10,35,2.311165701,2.914974242,2.122947692
351,1,36,2.367409205,2.997804058,
352,2,36,2.2371541,1.934513965,
353,3,36,1.990758097,2.717931157,
354,4,36,1.898797105,2.354517301,
355,5,36,1.580506819,1.308011621,
356,6,36,1.829715344,1.973148395,
357,7,36,2.334981156,3.187125761,
358,8,36,2.179548309,2.158426431,
359,9,36,2.473446669,2.044557136,
360,10,36,2.316550213,2.927817481,2.120886702
361,1,37,2.368075544,2.983621391,
362,2,37,2.227550143,1.940620438,
363,3,37,1.982150706,2.715662354,
364,4,37,1.906474273,2.369004131,
365,5,37,1.588850948,1.311630011,
366,6,37,1.841311126,1.994365781,
367,7,37,2.334165065,3.193766049,
368,8,37,2.175088365,2.170299212,
369,9,37,2.48524084,2.060707027,
370,10,37,2.320443798,2.926214486,2.122935081
371,1,38,2.362447659,2.988687632,
372,2,38,2.224449328,1.938218413,
373,3,38,1.980993134,2.718251046,
374,4,38,1.892806949,2.38624563,
375,5,38,1.587380069,1.328735491,
376,6,38,1.856072365,2.003176559,
377,7,38,2.322260827,3.202824271,
378,8,38,2.175326431,2.174244193,
379,9,38,2.48438393,2.071800327,
380,10,38,2.319353932,2.93346791,2.120547462
381,1,39,2.368159728,2.984368829,
382,2,39,2.232943117,1.95526394,
383,3,39,1.984828361,2.713700217,
384,4,39,1.882756335,2.408243797,
385,5,39,1.592069946,1.329365974,
386,6,39,1.864784814,2.01099842,
387,7,39,2.322861519,3.205867486,
388,8,39,2.154495816,2.168992303,
389,9,39,2.494194528,2.088933651,
390,10,39,2.321321729,2.93824565,2.121841589
391,1,40,2.360792084,2.997818839,
392,2,40,2.230472707,1.965193885,
393,3,40,1.992702786,2.714209994,
394,4,40,1.885240708,2.418262395,
395,5,40,1.606111049,1.329232478,
396,6,40,1.874203783,2.026932724,
397,7,40,2.324120066,3.208256161,
398,8,40,2.166930274,2.182195742,
399,9,40,2.492968688,2.112262254,
400,10,40,2.315450192,2.937707038,2.124899234
401,1,41,2.364915016,3.012895053,
402,2,41,2.221804855,1.946359991,
403,3,41,1.991667622,2.718257611,
404,4,41,1.893552958,2.436699074,
405,5,41,1.606506062,1.325990229,
406,6,41,1.868148856,2.020768251,
407,7,41,2.330589797,3.17537013,
408,8,41,2.150680693,2.185943479,
409,9,41,2.501865871,2.126610167,
410,10,41,2.274137563,2.948542062,2.120386929
411,1,42,2.364673157,3.022956417,
412,2,42,2.216353711,1.944564642,
413,3,42,1.998404599,2.718402097,
414,4,42,1.899414691,2.433681357,
415,5,42,1.606185665,1.34254405,
416,6,42,1.870821864,2.030078362,
417,7,42,2.330304492,3.181261532,
418,8,42,2.151026642,2.185111018,
419,9,42,2.510756003,2.14223218,
420,10,42,2.280170167,2.958148028,2.122811099
421,1,43,2.375737059,3.026900711,
422,2,43,2.225346832,1.945003496,
423,3,43,1.99564961,2.71274434,
424,4,43,1.901659059,2.434299967,
425,5,43,1.600105501,1.350957033,
426,6,43,1.878239458,2.043359884,
427,7,43,2.333412328,3.19430397,
428,8,43,2.158609688,2.192959873,
429,9,43,2.520279748,2.167477732,
430,10,43,2.288599892,2.959317568,2.127763917
431,1,44,2.381478264,3.043533843,
432,2,44,2.241837936,1.950137875,
433,3,44,1.998670493,2.709154987,
434,4,44,1.907634825,2.442414822,
435,5,44,1.59426025,1.375067177,
436,6,44,1.884526576,2.034034736,
437,7,44,2.33964772,3.206595611,
438,8,44,2.17334041,2.193881795,
439,9,44,2.525188967,2.172022717,
440,10,44,2.294857164,2.95880072,2.134144261
441,1,45,2.384456588,3.057918135,
442,2,45,2.244476305,1.96798691,
443,3,45,1.995517968,2.709354134,
444,4,45,1.913618598,2.466316917,
445,5,45,1.597138701,1.388545212,
446,6,45,1.887780622,2.039730254,
447,7,45,2.33803484,3.214918995,
448,8,45,2.170979585,2.171442825,
449,9,45,2.523954472,2.17778558,
450,10,45,2.289297903,2.971902208,2.134525558
451,1,46,2.393369777,3.054528761,
452,2,46,2.248333177,1.973151587,
453,3,46,2.00031887,2.712558277,
454,4,46,1.919449495,2.476797576,
455,5,46,1.600348145,1.392132603,
456,6,46,1.891085811,2.049816343,
457,7,46,2.342611861,3.222101018,
458,8,46,2.180299743,2.178789798,
459,9,46,2.523199426,2.179042477,
460,10,46,2.278114849,2.979705166,2.137713115
461,1,47,2.397297563,3.045683088,
462,2,47,2.248530961,1.970501028,
463,3,47,2.000132051,2.720093285,
464,4,47,1.91876973,2.473212168,
465,5,47,1.593868806,1.396746549,
466,6,47,1.898374443,2.061361839,
467,7,47,2.3413582,3.229997831,
468,8,47,2.191254249,2.189518946,
469,9,47,2.528478368,2.198047453,
470,10,47,2.277380347,2.995423949,2.139544472
471,1,48,2.401928382,3.048299225,
472,2,48,2.25846164,1.978656265,
473,3,48,2.001382966,2.718904735,
474,4,48,1.922401883,2.474246979,
475,5,48,1.610541525,1.397669891,
476,6,48,1.896471279,2.05603072,
477,7,48,2.350077603,3.233935122,
478,8,48,2.19864908,2.192203515,
479,9,48,2.54527444,2.214139712,
480,10,48,2.261508095,3.010802076,2.144669689
481,1,49,2.400851029,3.064923703,
482,2,49,2.257035754,1.988498167,
483,3,49,1.997254115,2.720204938,
484,4,49,1.920894653,2.479272358,
485,5,49,1.620343644,1.403484442,
486,6,49,1.902385171,2.073532872,
487,7,49,2.346925007,3.234484939,
488,8,49,2.213494151,2.203042655,
489,9,49,2.546688761,2.213433034,
490,10,49,2.262186356,3.022035336,2.146805864
491,1,50,2.416041188,3.076239216,
492,2,50,2.256581459,1.98959276,
493,3,50,1.998651566,2.713464629,
494,4,50,1.918442797,2.482479843,
495,5,50,1.621152714,1.412518178,
496,6,50,1.905352602,2.092677891,
497,7,50,2.334806956,3.22932311,
498,8,50,2.204149327,2.21609641,
499,9,50,2.559851196,2.223377996,
500,10,50,2.263728216,3.038958278,2.147875802
501,1,51,2.430016328,3.083600251,
502,2,51,2.256170984,1.993073934,
503,3,51,1.995178761,2.71174311,
504,4,51,1.914373826,2.473276461,
505,5,51,1.61889218,1.42823376,
506,6,51,1.913387681,2.088777387,
507,7,51,2.336802982,3.230388579,
508,8,51,2.213958445,2.228636816,
509,9,51,2.559342747,2.237174789,
510,10,51,2.268303784,3.039917601,2.150642772
511,1,52,2.442050693,3.095765725,
512,2,52,2.257607028,1.995707831,
513,3,52,2.010057496,2.716910528,
514,4,52,1.917183111,2.48083841,
515,5,52,1.616964244,1.421540916,
516,6,52,1.920451529,2.083399432,
517,7,52,2.336487512,3.240908961,
518,8,52,2.205461434,2.23631554,
519,9,52,2.56585261,2.249377518,
520,10,52,2.274504758,3.027632553,2.154662041
521,1,53,2.430889616,3.099664998,
522,2,53,2.260213348,1.990525236,
523,3,53,2.0169366,2.715301227,
524,4,53,1.913146049,2.4958634,
525,5,53,1.613194639,1.433451526,
526,6,53,1.921450763,2.097516739,
527,7,53,2.330124422,3.247543505,
528,8,53,2.210287511,2.248421375,
529,9,53,2.57342685,2.251224108,
530,10,53,2.281171509,3.040938122,2.155084131
531,1,54,2.429801581,3.104715825,
532,2,54,2.257529245,1.989939597,
533,3,54,2.010686373,2.711834426,
534,4,54,1.91207487,2.503309667,
535,5,54,1.617454281,1.434747739,
536,6,54,1.919581282,2.098684788,
537,7,54,2.327010678,3.24189495,
538,8,54,2.207875394,2.260666063,
539,9,54,2.590477845,2.251156871,
540,10,54,2.288342792,3.046827572,2.156083434
541,1,55,2.429818586,3.113030186,
542,2,55,2.257918382,1.998259669,
543,3,55,2.009282301,2.707805065,
544,4,55,1.919948335,2.497682804,
545,5,55,1.620517134,1.413244838,
546,6,55,1.916800888,2.110307714,
547,7,55,2.329611645,3.247054313,
548,8,55,2.213588918,2.262259134,
549,9,55,2.599517615,2.263794119,
550,10,55,2.28972307,3.048589915,2.158672687
551,1,56,2.43376785,3.100926442,
552,2,56,2.259160169,1.995663223,
553,3,56,2.009096752,2.710803799,
554,4,56,1.931113383,2.489137501,
555,5,56,1.63039971,1.407347114,
556,6,56,1.920943294,2.116776872,
557,7,56,2.328697181,3.25409329,
558,8,56,2.220375356,2.268469018,
559,9,56,2.610232326,2.270532493,
560,10,56,2.294157378,3.049162036,2.16379434
561,1,57,2.436569895,3.112719767,
562,2,57,2.263668986,1.997170704,
563,3,57,2.009523857,2.702763274,
564,4,57,1.945251242,2.49878754,
565,5,57,1.633542576,1.410369782,
566,6,57,1.922848373,2.116558934,
567,7,57,2.331674552,3.256392077,
568,8,57,2.230503062,2.283640619,
569,9,57,2.616168222,2.286281823,
570,10,57,2.299059842,3.056411233,2.168881061
571,1,58,2.432215664,3.116071625,
572,2,58,2.26224245,2.001314754,
573,3,58,2.003863521,2.710100197,
574,4,58,1.950552602,2.486017998,
575,5,58,1.631279335,1.416242822,
576,6,58,1.928585812,2.133646434,
577,7,58,2.322921677,3.258600442,
578,8,58,2.237196471,2.28949131,
579,9,58,2.618336022,2.287387918,
580,10,58,2.303112122,3.063553212,2.169030568
581,1,59,2.435030038,3.124273972,
582,2,59,2.264760742,2.009638245,
583,3,59,2.001207266,2.714531179,
584,4,59,1.958426043,2.494878861,
585,5,59,1.628908995,1.426448255,
586,6,59,1.935409969,2.139927493,
587,7,59,2.328384533,3.270777092,
588,8,59,2.242314625,2.297452975,
589,9,59,2.618794083,2.283158148,
590,10,59,2.306509962,3.076478988,2.171974626
591,1,60,2.438362002,3.111595397,
592,2,60,2.263171175,2.021621307,
593,3,60,2.00857074,2.722309542,
594,4,60,1.960876891,2.504671843,
595,5,60,1.632282429,1.436851801,
596,6,60,1.941018114,2.147175979,
597,7,60,2.325302368,3.271665552,
598,8,60,2.243231537,2.272153212,
599,9,60,2.627770983,2.298309013,
600,10,60,2.305097317,3.072807689,2.174568356
601,1,61,2.433237123,3.118363071,
602,2,61,2.266374457,2.039522909,
603,3,61,2.008216195,2.719581391,
604,4,61,1.956122843,2.513377309,
605,5,61,1.637464722,1.432614153,
606,6,61,1.946568824,2.14958946,
607,7,61,2.321383743,3.276717342,
608,8,61,2.244863215,2.279072435,
609,9,61,2.633715787,2.300438303,
610,10,61,2.31383846,3.080105264,2.176178537
611,1,62,2.430515754,3.124800245,
612,2,62,2.267135334,2.043693319,
613,3,62,2.008250443,2.714921301,
614,4,62,1.96156382,2.526339788,
615,5,62,1.643125153,1.435830165,
616,6,62,1.950622798,2.156957916,
617,7,62,2.322855051,3.276817127,
618,8,62,2.253598751,2.286686228,
619,9,62,2.648562964,2.306109307,
620,10,62,2.326065515,3.090783369,2.181229558
621,1,63,2.436241362,3.124184966,
622,2,63,2.270679216,2.034615989,
623,3,63,2.016785679,2.709602442,
624,4,63,1.964989272,2.534685043,
625,5,63,1.651884765,1.433761236,
626,6,63,1.942554707,2.172323052,
627,7,63,2.325039174,3.277313523,
628,8,63,2.254203716,2.282105358,
629,9,63,2.652320017,2.313548841,
630,10,63,2.336185459,3.092353772,2.185088336
631,1,64,2.439111001,3.135489813,
632,2,64,2.270501597,2.041508133,
633,3,64,2.020954739,2.705811525,
634,4,64,1.972290342,2.541366618,
635,5,64,1.660111642,1.438294747,
636,6,64,1.947467901,2.176792724,
637,7,64,2.321097425,3.279927484,
638,8,64,2.265242053,2.286669105,
639,9,64,2.655251123,2.323981887,
640,10,64,2.339782512,3.105329826,2.189181033
641,1,65,2.445530837,3.134361989,
642,2,65,2.279180552,2.049997813,
643,3,65,2.023266108,2.707244538,
644,4,65,1.970685591,2.537107715,
645,5,65,1.66900407,1.441171481,
646,6,65,1.952108108,2.186419714,
647,7,65,2.322182395,3.28420446,
648,8,65,2.273326136,2.292418809,
649,9,65,2.657390025,2.330739278,
650,10,65,2.338878365,3.110549114,2.193155219
651,1,66,2.458859889,3.141611822,
652,2,66,2.282146772,2.052064343,
653,3,66,2.031609857,2.706205342,
654,4,66,1.966496732,2.541717095,
655,5,66,1.674015781,1.438741169,
656,6,66,1.961330693,2.197626421,
657,7,66,2.323203629,3.281073162,
658,8,66,2.274822172,2.304254855,
659,9,66,2.661177069,2.336008571,
660,10,66,2.344978802,3.12056962,2.19786414
661,1,67,2.467299857,3.149448434,
662,2,67,2.285977631,2.060879982,
663,3,67,2.032037913,2.696784893,
664,4,67,1.973237439,2.540294864,
665,5,67,1.678714351,1.443071087,
666,6,67,1.967704394,2.199193239,
667,7,67,2.32875915,3.283834332,
668,8,67,2.271734681,2.304944819,
669,9,67,2.65712223,2.337985721,
670,10,67,2.338548416,3.112175564,2.200113606
671,1,68,2.468516545,3.15375097,
672,2,68,2.2890561,2.062146824,
673,3,68,2.033058741,2.701152624,
674,4,68,1.97103491,2.546405075,
675,5,68,1.679178754,1.444804184,
676,6,68,1.9753459,2.214941313,
677,7,68,2.334576312,3.284811422,
678,8,68,2.275058245,2.315666464,
679,9,68,2.665371189,2.341167844,
680,10,68,2.339374868,3.11379823,2.203057156
681,1,69,2.47676786,3.155820073,
682,2,69,2.298337858,2.060716852,
683,3,69,2.038128095,2.702784536,
684,4,69,1.981351052,2.551595629,
685,5,69,1.687256615,1.450528563,
686,6,69,1.978275001,2.220256737,
687,7,69,2.343160223,3.289018583,
688,8,69,2.283944859,2.315364328,
689,9,69,2.671548973,2.346438829,
690,10,69,2.340183446,3.114784293,2.209895398
691,1,70,2.478582293,3.160743177,
692,2,70,2.303905293,2.054679886,
693,3,70,2.03486153,2.707656393,
694,4,70,1.992814893,2.559696205,
695,5,70,1.683894849,1.439151766,
696,6,70,1.981357637,2.228539688,
697,7,70,2.344657064,3.29656553,
698,8,70,2.291861625,2.319241471,
699,9,70,2.670821223,2.349330792,
700,10,70,2.338310036,3.122774593,2.212106644
701,1,71,2.484559947,3.16580312,
702,2,71,2.30409288,2.067682164,
703,3,71,2.042770157,2.707441537,
704,4,71,1.991684625,2.566991633,
705,5,71,1.681370577,1.433165775,
706,6,71,1.983121336,2.236671224,
707,7,71,2.344762546,3.302361831,
708,8,71,2.298263976,2.331576344,
709,9,71,2.673553384,2.359217717,
710,10,71,2.344204132,3.132338309,2.214838356
711,1,72,2.49091559,3.175873585,
712,2,72,2.306128856,2.07445303,
713,3,72,2.046398832,2.705953246,
714,4,72,1.989914378,2.567970044,
715,5,72,1.683737571,1.437659765,
716,6,72,1.980361911,2.23940333,
717,7,72,2.346854604,3.300657373,
718,8,72,2.305813977,2.345341539,
719,9,72,2.67391778,2.366851599,
720,10,72,2.347485012,3.129094903,2.217152851
721,1,73,2.496754517,3.180743664,
722,2,73,2.314491169,2.071789287,
723,3,73,2.045569625,2.704510373,
724,4,73,1.993238844,2.564787722,
725,5,73,1.686496092,1.440279394,
726,6,73,1.983307549,2.240423939,
727,7,73,2.344507596,3.302952411,
728,8,73,2.315794961,2.347466502,
729,9,73,2.674349489,2.37495482,
730,10,73,2.350817042,3.13071586,2.220532688
731,1,74,2.49711018,3.186475156,
732,2,74,2.312278747,2.073044435,
733,3,74,2.047783212,2.698847189,
734,4,74,2.002496508,2.575538491,
735,5,74,1.686314309,1.449631637,
736,6,74,1.988580052,2.252859457,
737,7,74,2.349327368,3.306729985,
738,8,74,2.324152766,2.352065573,
739,9,74,2.675115716,2.377913091,
740,10,74,2.36169385,3.137929384,2.224485271
741,1,75,2.500898268,3.176423157,
742,2,75,2.309469838,2.075741812,
743,3,75,2.05138976,2.688877675,
744,4,75,2.01329991,2.578101583,
745,5,75,1.68719223,1.452420085,
746,6,75,1.9920437,2.261981178,
747,7,75,2.354545062,3.314559812,
748,8,75,2.327861892,2.354523868,
749,9,75,2.676311493,2.379027997,
750,10,75,2.358485139,3.144204598,2.227149729
751,1,76,2.503215965,3.184008215,
752,2,76,2.308646076,2.081046895,
753,3,76,2.056304364,2.68616028,
754,4,76,2.012790753,2.582774337,
755,5,76,1.687336264,1.457610021,
756,6,76,1.99250978,2.261917294,
757,7,76,2.352054384,3.317597739,
758,8,76,2.328956046,2.36097126,
759,9,76,2.68068356,2.387188196,
760,10,76,2.364068905,3.152785353,2.22865661
761,1,77,2.509682446,3.186457816,
762,2,77,2.313796861,2.083294121,
763,3,77,2.056992675,2.682959884,
764,4,77,2.012261152,2.586120132,
765,5,77,1.690170058,1.466722056,
766,6,77,1.994114128,2.255986798,
767,7,77,2.35446566,3.324173672,
768,8,77,2.33929043,2.373308378,
769,9,77,2.684263597,2.394490215,
770,10,77,2.367918191,3.149112092,2.23229552
771,1,78,2.513543244,3.193240122,
772,2,78,2.312695414,2.08482431,
773,3,78,2.055367752,2.679140093,
774,4,78,2.011207917,2.577489152,
775,5,78,1.695703259,1.468070998,
776,6,78,1.995196947,2.262723384,
777,7,78,2.352308115,3.325855368,
778,8,78,2.342092882,2.370412471,
779,9,78,2.685494695,2.403895849,
780,10,78,2.367124722,3.148690361,2.233073495
781,1,79,2.511990856,3.200700563,
782,2,79,2.315689709,2.092650143,
783,3,79,2.055925049,2.664405521,
784,4,79,2.017836834,2.57951546,
785,5,79,1.693713016,1.470150974,
786,6,79,1.9997631,2.275520211,
787,7,79,2.350061109,3.331368076,
788,8,79,2.353052451,2.382142192,
789,9,79,2.689434394,2.41231979,
790,10,79,2.375504517,3.15496016,2.236297104
791,1,80,2.517474437,3.198073516,
792,2,80,2.316118989,2.100170706,
793,3,80,2.054722591,2.662186194,
794,4,80,2.022413311,2.586204976,
795,5,80,1.697051482,1.472843528,
796,6,80,1.997551514,2.271831893,
797,7,80,2.353833692,3.339583589,
798,8,80,2.356195066,2.387627342,
799,9,80,2.691743075,2.414626233,
800,10,80,2.376740968,3.165408977,2.238384513
801,1,81,2.524989686,3.196683385,
802,2,81,2.321853743,2.093659975,
803,3,81,2.056749513,2.665775389,
804,4,81,2.022968738,2.592877094,
805,5,81,1.697039967,1.473946164,
806,6,81,2.003856935,2.283472756,
807,7,81,2.357807964,3.345031212,
808,8,81,2.362355692,2.388686038,
809,9,81,2.700505559,2.419090179,
810,10,81,2.377126851,3.166610008,2.242525465
811,1,82,2.532071758,3.19747361,
812,2,82,2.320834333,2.095355623,
813,3,82,2.052887074,2.670407177,
814,4,82,2.026169172,2.591641963,
815,5,82,1.701763157,1.470413687,
816,6,82,2.008898599,2.278940667,
817,7,82,2.365255466,3.351531191,
818,8,82,2.360624212,2.3892915,
819,9,82,2.701193625,2.423197083,
820,10,82,2.37655201,3.169555497,2.244624941
821,1,83,2.534736854,3.199098164,
822,2,83,2.319830526,2.094769651,
823,3,83,2.051848147,2.674266212,
824,4,83,2.03272271,2.591310352,
825,5,83,1.700470323,1.479526676,
826,6,83,2.006552629,2.290893379,
827,7,83,2.36699646,3.352873604,
828,8,83,2.359432907,2.387544593,
829,9,83,2.704000221,2.421807433,
830,10,83,2.380494798,3.175752064,2.245708557
831,1,84,2.534225696,3.199340849,
832,2,84,2.317131452,2.095090402,
833,3,84,2.058345824,2.673164403,
834,4,84,2.039531161,2.588100576,
835,5,84,1.709584652,1.478691066,
836,6,84,2.016489394,2.287294532,
837,7,84,2.365505492,3.357275746,
838,8,84,2.360489449,2.39266478,
839,9,84,2.706138767,2.429659617,
840,10,84,2.384476784,3.182091948,2.249191867
841,1,85,2.536335107,3.207227421,
842,2,85,2.31933248,2.099415284,
843,3,85,2.061667716,2.669533293,
844,4,85,2.041654844,2.598828186,
845,5,85,1.711895008,1.486922602,
846,6,85,2.016444491,2.276891282,
847,7,85,2.366052999,3.351024989,
848,8,85,2.364751421,2.400373849,
849,9,85,2.707671238,2.44000527,
850,10,85,2.386075229,3.182668947,2.251188053
851,1,86,2.543742817,3.21534078,
852,2,86,2.328676753,2.101402891,
853,3,86,2.063821104,2.667788401,
854,4,86,2.048660474,2.606554318,
855,5,86,1.714427254,1.494855874,
856,6,86,2.017599396,2.27723416,
857,7,86,2.364262755,3.350630333,
858,8,86,2.369253501,2.40371498,
859,9,86,2.710878484,2.452848983,
860,10,86,2.377989187,3.187171455,2.253931172
861,1,87,2.548218098,3.220415691,
862,2,87,2.328775659,2.091882923,
863,3,87,2.056023317,2.665402166,
864,4,87,2.050066432,2.605833246,
865,5,87,1.716186441,1.502820096,
866,6,87,2.012235655,2.27244477,
867,7,87,2.36661908,3.357616746,
868,8,87,2.376513293,2.409891129,
869,9,87,2.708477315,2.45880371,
870,10,87,2.378689634,3.190271776,2.254180492
871,1,88,2.552018952,3.215337197,
872,2,88,2.330970308,2.08818532,
873,3,88,2.061035245,2.665693726,
874,4,88,2.054035788,2.616644994,
875,5,88,1.715277706,1.506002747,
876,6,88,2.014834355,2.274262893,
877,7,88,2.367628253,3.359929113,
878,8,88,2.376836106,2.414993371,
879,9,88,2.702872423,2.459980318,
880,10,88,2.382649102,3.198162457,2.255815824
881,1,89,2.553339558,3.218534001,
882,2,89,2.32834262,2.090286616,
883,3,89,2.065583532,2.664878088,
884,4,89,2.053729248,2.618054379,
885,5,89,1.722610552,1.506731629,
886,6,89,2.018656735,2.284985379,
887,7,89,2.366550061,3.361796682,
888,8,89,2.385963008,2.423131921,
889,9,89,2.70648513,2.464451407,
890,10,89,2.385810084,3.207093243,2.258707053
891,1,90,2.559780513,3.22378479,
892,2,90,2.326586828,2.090797263,
893,3,90,2.06152246,2.664216055,
894,4,90,2.055473391,2.617025741,
895,5,90,1.717700259,1.501652818,
896,6,90,2.024127381,2.29184219,
897,7,90,2.370425622,3.362917376,
898,8,90,2.390718414,2.429666078,
899,9,90,2.712548703,2.475874742,
900,10,90,2.388359693,3.206428155,2.260724326
901,1,91,2.566536916,3.230803844,
902,2,91,2.331350634,2.091898968,
903,3,91,2.068602309,2.659316305,
904,4,91,2.060638623,2.615828531,
905,5,91,1.722528486,1.50738154,
906,6,91,2.029927979,2.301210273,
907,7,91,2.375412552,3.365507399,
908,8,91,2.396943126,2.436962042,
909,9,91,2.710017279,2.478994017,
910,10,91,2.388163803,3.212347868,2.265012171
911,1,92,2.567762801,3.236195886,
912,2,92,2.338306192,2.093666338,
913,3,92,2.071314185,2.658904414,
914,4,92,2.062829738,2.6147422,
915,5,92,1.732153763,1.512300811,
916,6,92,2.035234593,2.310667034,
917,7,92,2.366734753,3.370148617,
918,8,92,2.399268716,2.440843108,
919,9,92,2.709966594,2.479727638,
920,10,92,2.391328318,3.212886003,2.267489965
921,1,93,2.568285967,3.241781915,
922,2,93,2.340354073,2.096882828,
923,3,93,2.07014833,2.661863034,
924,4,93,2.069379352,2.618725188,
925,5,93,1.733238826,1.516375828,
926,6,93,2.045681733,2.314914466,
927,7,93,2.368122003,3.373377067,
928,8,93,2.401681333,2.446481231,
929,9,93,2.704165454,2.483879948,
930,10,93,2.392315715,3.21663227,2.269337279
931,1,94,2.574171958,3.247285418,
932,2,94,2.341222985,2.094589604,
933,3,94,2.072800097,2.665042724,
934,4,94,2.074544734,2.61900055,
935,5,94,1.737022153,1.526096483,
936,6,94,2.044937816,2.317396623,
937,7,94,2.370450572,3.377953876,
938,8,94,2.40422238,2.451402202,
939,9,94,2.705176981,2.488128195,
940,10,94,2.393081618,3.215614634,2.271763129
941,1,95,2.572242185,3.255785152,
942,2,95,2.342822963,2.094048271,
943,3,95,2.073783768,2.670557951,
944,4,95,2.082175228,2.623468149,
945,5,95,1.739516613,1.528173984,
946,6,95,2.056206033,2.322994921,
947,7,95,2.367073331,3.377760721,
948,8,95,2.40227803,2.455669322,
949,9,95,2.710879842,2.491971195,
950,10,95,2.396939719,3.21651232,2.274391771
951,1,96,2.579087486,3.262364822,
952,2,96,2.343576092,2.092392808,
953,3,96,2.077054785,2.673316862,
954,4,96,2.083277261,2.627214473,
955,5,96,1.742736558,1.531484211,
956,6,96,2.05736313,2.332842653,
957,7,96,2.365376467,3.382136838,
958,8,96,2.401245524,2.45928674,
959,9,96,2.711891731,2.494516297,
960,10,96,2.398971332,3.224148892,2.276058036
961,1,97,2.582437322,3.267934947,
962,2,97,2.341706489,2.090685468,
963,3,97,2.075185071,2.672507572,
964,4,97,2.086832931,2.63305809,
965,5,97,1.742502454,1.534075863,
966,6,97,2.063292977,2.340875588,
967,7,97,2.370215184,3.386785373,
968,8,97,2.405074466,2.46091144,
969,9,97,2.709358282,2.498266331,
970,10,97,2.398360246,3.221578483,2.277496542
971,1,98,2.584132393,3.264674653,
972,2,98,2.344186552,2.09210158,
973,3,98,2.07581864,2.670875019,
974,4,98,2.094725345,2.635578721,
975,5,98,1.74699223,1.537102694,
976,6,98,2.062347114,2.345354225,
977,7,98,2.367485721,3.389998676,
978,8,98,2.409100163,2.471115296,
979,9,98,2.71335863,2.500527398,
980,10,98,2.399994648,3.22580346,2.279814144
981,1,99,2.588285185,3.272762046,
982,2,99,2.344679069,2.08905062,
983,3,99,2.075066772,2.669513744,
984,4,99,2.101353864,2.639227571,
985,5,99,1.741143885,1.539229447,
986,6,99,2.068951366,2.34820775,
987,7,99,2.367534719,3.388095335,
988,8,99,2.414124911,2.481569402,
989,9,99,2.714508205,2.503524663,
990,10,99,2.403868648,3.231737901,2.281951663
991,1,100,2.592678273,3.275135463,
992,2,100,2.340314478,2.085213679,
993,3,100,2.075463796,2.670183768,
994,4,100,2.106000314,2.643535127,
995,5,100,1.746946672,1.538354573,
996,6,100,2.071390589,2.35653472,
997,7,100,2.364728842,3.389974382,
998,8,100,2.423050525,2.491652889,
999,9,100,2.71697602,2.508485339,
1000,10,100,2.405471093,3.231874681,2.28430206
1001,1,101,2.593161738,3.277335548,
1002,2,101,2.340620842,2.084545299,
1003,3,101,2.079839442,2.671983139,
1004,4,101,2.112033469,2.643150099,
1005,5,101,1.748049602,1.544373433,
1006,6,101,2.074435684,2.36096332,
1007,7,101,2.36645268,3.387748449,
1008,8,101,2.430613731,2.493300559,
1009,9,101,2.716077365,2.514194666,
1010,10,101,2.407994827,3.232882867,2.286927938
1011,1,102,2.59912204,3.263431457,
1012,2,102,2.340908679,2.088405625,
1013,3,102,2.078544522,2.675469801,
1014,4,102,2.110715153,2.64021579,
1015,5,102,1.750484736,1.547912514,
1016,6,102,2.078088369,2.369544781,
1017,7,102,2.362634307,3.390730456,
1018,8,102,2.434828798,2.497916133,
1019,9,102,2.718646293,2.516684516,
1020,10,102,2.413055007,3.235320761,2.288702791
1021,1,103,2.601238811,3.261005165,
1022,2,103,2.345644523,2.088008528,
1023,3,103,2.082065381,2.670651601,
1024,4,103,2.117188226,2.642120456,
1025,5,103,1.752165861,1.551109838,
1026,6,103,2.07774722,2.375054208,
1027,7,103,2.358272519,3.386191799,
1028,8,103,2.440658748,2.502885638,
1029,9,103,2.72545806,2.525220999,
1030,10,103,2.418055843,3.237260047,2.291849519
1031,1,104,2.606582894,3.263450757,
1032,2,104,2.340043179,2.087872074,
1033,3,104,2.080720061,2.670485148,
1034,4,104,2.122879191,2.644779509,
1035,5,104,1.755475034,1.556275453,
1036,6,104,2.076052772,2.380875317,
1037,7,104,2.36023149,3.378226145,
1038,8,104,2.44631936,2.508629375,
1039,9,104,2.718781578,2.529440353,
1040,10,104,2.420018571,3.235074964,2.292710413
1041,1,105,2.609525721,3.267595775,
1042,2,105,2.341946581,2.092945302,
1043,3,105,2.08064499,2.673095344,
1044,4,105,2.127921447,2.64720731,
1045,5,105,1.760287976,1.562395117,
1046,6,105,2.075852673,2.385449338,
1047,7,105,2.363988087,3.382594031,
1048,8,105,2.457088398,2.509996219,
1049,9,105,2.716166713,2.531082177,
1050,10,105,2.424984039,3.236825611,2.295840662
1051,1,106,2.614356484,3.27544335,
1052,2,106,2.341192105,2.08990974,
1053,3,106,2.077599253,2.665431938,
1054,4,106,2.130898429,2.650933679,
1055,5,106,1.767157527,1.567103761,
1056,6,106,2.07786448,2.389238463,
1057,7,106,2.369261866,3.389616859,
1058,8,106,2.459253325,2.512997883,
1059,9,106,2.717706412,2.53626778,
1060,10,106,2.425647361,3.23957838,2.298093724
