Country_Name,Country Code,Indicator Name,Indicator Code,1960,1961,1962,1963,1964,1965,1966,1967,1968,1969,1970,1971,1972,1973,1974,1975,1976,1977,1978,1979,1980,1981,1982,1983,1984,1985,1986,1987,1988,1989,1990,1991,1992,1993,1994,1995,1996,1997,1998,1999,2000,2001,2002,2003,2004,2005,2006,2007,2008,2009,2010,2011,2012,2013,2014,2015,2016,2017,2018
Aruba,ABW,"Current health expenditure per capita, PPP (current international $)",SH.XPD.CHEX.PP.CD,,,,,,,,,,,,,,,,,,,,,,,,,,,,,,,,,,,,,,,,,,,,,,,,,,,,,,,,,,,
Afghanistan,AFG,"Current health expenditure per capita, PPP (current international $)",SH.XPD.CHEX.PP.CD,,,,,,,,,,,,,,,,,,,,,,,,,,,,,,,,,,,,,,,,,,,79.75099792,80.9199733,87.67627214,98.61208341,111.2714724,104.657881,127.603992,143.8496268,132.2712785,138.8226143,143.9653194,164.1601158,176.9308628,183.9278576,162.7811582,,
Angola,AGO,"Current health expenditure per capita, PPP (current international $)",SH.XPD.CHEX.PP.CD,,,,,,,,,,,,,,,,,,,,,,,,,,,,,,,,,,,,,,,,,64.92659894,157.3879079,106.7301539,120.9708349,142.0312197,131.3318636,142.14258,164.6941379,200.7237666,204.6536183,158.1730054,167.915247,162.4892803,191.4402533,184.4985674,195.7573466,185.8204006,,
Albania,ALB,"Current health expenditure per capita, PPP (current international $)",SH.XPD.CHEX.PP.CD,,,,,,,,,,,,,,,,,,,,,,,,,,,,,,,,,,,,,,,,,258.2832662,274.9111802,293.3874837,310.0347026,347.713561,363.8490378,381.3466937,437.9444767,451.2494775,443.3147054,478.3147366,567.7738287,611.4662102,665.1191555,770.3358128,758.2315307,759.6669842,,
Andorra,AND,"Current health expenditure per capita, PPP (current international $)",SH.XPD.CHEX.PP.CD,,,,,,,,,,,,,,,,,,,,,,,,,,,,,,,,,,,,,,,,,3049.006182,3143.035127,3284.229419,3277.250934,3350.193786,3741.403935,3974.614953,4098.119984,3983.909073,3966.130048,3937.487418,4010.317432,4414.711486,4652.242023,4963.498214,5097.379868,4978.706602,,
Arab World,ARB,"Current health expenditure per capita, PPP (current international $)",SH.XPD.CHEX.PP.CD,,,,,,,,,,,,,,,,,,,,,,,,,,,,,,,,,,,,,,,,,396.2113197,435.9486996,439.4555542,432.402854,446.0407437,446.4776492,478.4760696,515.4367809,520.4085715,638.619651,598.6598123,619.6403758,656.8251849,739.0469268,808.801032,891.3817608,1014.559222,,
United Arab Emirates,ARE,"Current health expenditure per capita, PPP (current international $)",SH.XPD.CHEX.PP.CD,,,,,,,,,,,,,,,,,,,,,,,,,,,,,,,,,,,,,,,,,1934.221631,1999.637308,2157.534851,2185.122197,2094.959651,1907.345437,1890.686428,1916.530881,2017.784573,2395.976862,2187.486005,2141.987861,2085.184881,2323.235498,2451.976896,2518.953468,2546.187603,,
Argentina,ARG,"Current health expenditure per capita, PPP (current international $)",SH.XPD.CHEX.PP.CD,,,,,,,,,,,,,,,,,,,,,,,,,,,,,,,,,,,,,,,,,1085.406934,1068.850437,847.4582346,867.0964626,869.2403656,1054.158183,1152.433128,1284.805319,1357.239137,1497.086996,1578.882089,1647.832709,1645.788348,1689.139315,1631.143137,1808.946147,1531.038361,,
Armenia,ARM,"Current health expenditure per capita, PPP (current international $)",SH.XPD.CHEX.PP.CD,,,,,,,,,,,,,,,,,,,,,,,,,,,,,,,,,,,,,,,,,150.806546,170.8438488,171.8884088,198.1690718,331.7422584,335.5278496,313.3811065,359.6635269,315.6161549,296.5154758,345.7124182,265.2431296,513.4231255,661.3710618,854.6818227,883.0218072,876.8568566,,
American Samoa,ASM,"Current health expenditure per capita, PPP (current international $)",SH.XPD.CHEX.PP.CD,,,,,,,,,,,,,,,,,,,,,,,,,,,,,,,,,,,,,,,,,,,,,,,,,,,,,,,,,,,
Antigua and Barbuda,ATG,"Current health expenditure per capita, PPP (current international $)",SH.XPD.CHEX.PP.CD,,,,,,,,,,,,,,,,,,,,,,,,,,,,,,,,,,,,,,,,,579.3271372,627.441935,628.011241,688.1332741,682.6059356,817.7916301,956.0700957,1070.269172,1133.729689,919.2216888,1025.919862,1060.582266,998.6341268,1047.913251,1193.903464,1012.121609,976.3886597,,
Australia,AUS,"Current health expenditure per capita, PPP (current international $)",SH.XPD.CHEX.PP.CD,,,,,,,,,,,,,,,,,,,,,,,,,,,,,,,,,,,,,,,,,2147.538586,2269.455785,2428.973537,2548.363533,2747.115811,2833.417198,3007.780296,3177.694039,3295.701095,3555.068694,3596.379911,3770.496478,3792.066196,4179.088649,4305.781431,4423.480424,4529.887082,,
Austria,AUT,"Current health expenditure per capita, PPP (current international $)",SH.XPD.CHEX.PP.CD,,,,,,,,,,,,,,,,,,,,,,,,,,,,,,,,,,,,,,,,,2706.797312,2764.059563,2935.818715,3073.284674,3289.252247,3381.659809,3592.603843,3759.954102,4024.802579,4188.49746,4303.687127,4465.659366,4750.58155,4945.449742,5082.537056,5194.065652,5295.181772,,
Azerbaijan,AZE,"Current health expenditure per capita, PPP (current international $)",SH.XPD.CHEX.PP.CD,,,,,,,,,,,,,,,,,,,,,,,,,,,,,,,,,,,,,,,,,134.2959371,144.0441285,161.366436,291.8536629,400.8245909,521.2645253,555.3233209,578.8759756,547.9771226,804.8156457,769.3924345,731.5627554,808.3088044,884.440994,982.5921853,1220.147713,1193.05883,,
Burundi,BDI,"Current health expenditure per capita, PPP (current international $)",SH.XPD.CHEX.PP.CD,,,,,,,,,,,,,,,,,,,,,,,,,,,,,,,,,,,,,,,,,36.91669343,39.0102965,40.65328958,38.73557744,49.2708221,54.30778421,67.35785763,74.54211018,67.37743226,77.70989876,84.60976803,72.96622383,64.64938486,63.76696377,43.30175016,38.13249141,50.25423113,,
Belgium,BEL,"Current health expenditure per capita, PPP (current international $)",SH.XPD.CHEX.PP.CD,,,,,,,,,,,,,,,,,,,,,,,,,,,,,,,,,,,,,,,,,2225.130449,2354.432079,2524.578588,2813.86702,2926.742227,2998.061358,3147.550954,3289.826794,3550.148745,3814.100302,3965.672809,4143.999728,4300.805844,4487.719002,4623.648916,4604.543954,4667.882287,,
Benin,BEN,"Current health expenditure per capita, PPP (current international $)",SH.XPD.CHEX.PP.CD,,,,,,,,,,,,,,,,,,,,,,,,,,,,,,,,,,,,,,,,,55.87373611,61.09458574,59.10136265,60.40756299,63.68171538,62.02448714,65.30399935,67.22420381,65.1510334,68.38219402,72.87557651,76.87787084,88.1992013,78.21596287,76.84985041,84.47116607,83.47636765,,
Burkina Faso,BFA,"Current health expenditure per capita, PPP (current international $)",SH.XPD.CHEX.PP.CD,,,,,,,,,,,,,,,,,,,,,,,,,,,,,,,,,,,,,,,,,28.28363904,29.56552475,31.07485245,35.11216204,49.11584213,50.10642226,60.55804038,74.25167406,69.98747121,77.01776556,82.18229471,76.60246618,75.81807732,99.37187767,93.67117725,99.02623501,115.6043314,,
Bangladesh,BGD,"Current health expenditure per capita, PPP (current international $)",SH.XPD.CHEX.PP.CD,,,,,,,,,,,,,,,,,,,,,,,,,,,,,,,,,,,,,,,,,27.61859734,28.5975474,32.37300016,34.47801294,37.4020307,41.77014433,46.31398115,51.7996813,53.83967657,58.00287523,64.1650749,70.98592192,75.75353212,77.89919804,83.18020527,88.04646301,90.59840433,,
Bulgaria,BGR,"Current health expenditure per capita, PPP (current international $)",SH.XPD.CHEX.PP.CD,,,,,,,,,,,,,,,,,,,,,,,,,,,,,,,,,,,,,,,,,373.4296,469.7248165,549.1356782,602.9598142,631.3979895,706.3641801,740.9923012,785.4869229,898.3372255,932.5406154,1058.474564,1115.260502,1227.33128,1301.960934,1485.731743,1481.014609,1577.942762,,
Bahrain,BHR,"Current health expenditure per capita, PPP (current international $)",SH.XPD.CHEX.PP.CD,,,,,,,,,,,,,,,,,,,,,,,,,,,,,,,,,,,,,,,,,1269.056835,1340.618449,1363.653826,1445.970611,1299.022486,1221.821476,1199.212411,1330.761638,1332.032771,1598.644111,1527.628802,1436.973836,1712.749894,1903.864057,2035.264474,2326.821277,1866.29732,,
"Bahamas, The",BHS,"Current health expenditure per capita, PPP (current international $)",SH.XPD.CHEX.PP.CD,,,,,,,,,,,,,,,,,,,,,,,,,,,,,,,,,,,,,,,,,1045.809164,1073.373558,1130.388928,1174.236782,1270.837107,1325.751626,1590.328299,1667.959818,1701.876042,1657.243736,1695.865243,1750.178603,1417.65364,1400.848895,1379.43786,1344.115541,1435.567513,,
Bosnia and Herzegovina,BIH,"Current health expenditure per capita, PPP (current international $)",SH.XPD.CHEX.PP.CD,,,,,,,,,,,,,,,,,,,,,,,,,,,,,,,,,,,,,,,,,350.1540768,347.2287717,368.3342257,435.7079512,536.4303064,569.0763141,655.5848488,755.482218,854.367727,811.6792826,839.4709054,908.088619,965.1703606,1025.665064,1065.309703,1077.502171,1123.425425,,
Belarus,BLR,"Current health expenditure per capita, PPP (current international $)",SH.XPD.CHEX.PP.CD,,,,,,,,,,,,,,,,,,,,,,,,,,,,,,,,,,,,,,,,,329.3894537,383.0195708,405.2998587,457.1626279,523.7375271,629.4489738,658.4307068,752.6633487,788.9192041,812.8295247,901.5217925,837.2218003,933.3422177,1039.277151,1017.373683,1113.258805,1151.408849,,
Belize,BLZ,"Current health expenditure per capita, PPP (current international $)",SH.XPD.CHEX.PP.CD,,,,,,,,,,,,,,,,,,,,,,,,,,,,,,,,,,,,,,,,,217.429075,243.0518356,230.4776721,276.0851974,277.9409682,295.4832286,306.5176655,340.0650096,354.7835179,401.426013,444.7786624,437.9025177,432.2229322,468.091226,475.9911394,515.5392568,541.4343274,,
Bermuda,BMU,"Current health expenditure per capita, PPP (current international $)",SH.XPD.CHEX.PP.CD,,,,,,,,,,,,,,,,,,,,,,,,,,,,,,,,,,,,,,,,,,,,,,,,,,,,,,,,,,,
Bolivia,BOL,"Current health expenditure per capita, PPP (current international $)",SH.XPD.CHEX.PP.CD,,,,,,,,,,,,,,,,,,,,,,,,,,,,,,,,,,,,,,,,,151.7121184,170.0425353,176.217637,192.5751257,189.4309252,207.4597407,203.5372925,216.3044733,225.9847895,259.588298,270.0461513,283.4838327,302.3910615,348.2350775,384.9599619,446.6858994,496.3061886,,
Brazil,BRA,"Current health expenditure per capita, PPP (current international $)",SH.XPD.CHEX.PP.CD,,,,,,,,,,,,,,,,,,,,,,,,,,,,,,,,,,,,,,,,,591.3838829,620.2506194,777.8760389,759.5927435,837.5163394,902.6215562,966.7950192,1034.284057,1075.826266,1115.304641,1384.37245,1464.737994,1545.776421,1634.554743,1751.744796,1788.717885,1777.470477,,
Barbados,BRB,"Current health expenditure per capita, PPP (current international $)",SH.XPD.CHEX.PP.CD,,,,,,,,,,,,,,,,,,,,,,,,,,,,,,,,,,,,,,,,,641.490614,661.7063868,716.2788815,848.694508,964.9530674,954.883235,1021.174565,1016.861568,1114.320254,1148.377586,1109.038562,1135.635886,1290.948969,1308.450643,1248.235969,1258.899827,1322.985509,,
Brunei Darussalam,BRN,"Current health expenditure per capita, PPP (current international $)",SH.XPD.CHEX.PP.CD,,,,,,,,,,,,,,,,,,,,,,,,,,,,,,,,,,,,,,,,,1836.088963,1889.431883,1944.744358,2057.305551,2047.489517,1828.515581,1656.804518,1712.74579,1635.697041,2040.802378,1798.080828,1536.666374,1545.576409,1553.338556,1534.500464,1896.281203,1812.413646,,
Bhutan,BTN,"Current health expenditure per capita, PPP (current international $)",SH.XPD.CHEX.PP.CD,,,,,,,,,,,,,,,,,,,,,,,,,,,,,,,,,,,,,,,,,116.6237796,137.5074804,136.7967101,134.2732265,159.2350817,152.2844374,175.4650646,188.4326699,168.7651904,185.6886327,201.4930634,206.2348452,236.8946663,255.019517,253.2417467,287.3170207,293.1100222,,
Botswana,BWA,"Current health expenditure per capita, PPP (current international $)",SH.XPD.CHEX.PP.CD,,,,,,,,,,,,,,,,,,,,,,,,,,,,,,,,,,,,,,,,,480.0484422,548.8913525,419.7810554,538.7991045,603.9473648,542.7887845,567.7737221,652.1119039,756.0836865,816.153106,784.2745535,856.5149996,923.6518431,869.9269767,889.4508076,976.3940517,931.3047144,,
Central African Republic,CAF,"Current health expenditure per capita, PPP (current international $)",SH.XPD.CHEX.PP.CD,,,,,,,,,,,,,,,,,,,,,,,,,,,,,,,,,,,,,,,,,31.28556197,27.15786756,31.11647046,29.82675723,29.4993116,34.61981917,34.39593096,38.81434447,33.51403762,36.60838971,32.55735154,34.58017531,37.08251037,29.9568045,30.76696928,42.08366354,29.9077719,,
Canada,CAN,"Current health expenditure per capita, PPP (current international $)",SH.XPD.CHEX.PP.CD,,,,,,,,,,,,,,,,,,,,,,,,,,,,,,,,,,,,,,,,,2417.958849,2607.783733,2745.737364,2915.229953,3075.143679,3277.816694,3491.38152,3652.673332,3794.129272,4082.164952,4204.983895,4228.137806,4297.28207,4455.623511,4529.355609,4617.734333,4718.296818,,
Central Europe and the Baltics,CEB,"Current health expenditure per capita, PPP (current international $)",SH.XPD.CHEX.PP.CD,,,,,,,,,,,,,,,,,,,,,,,,,,,,,,,,,,,,,,,,,562.6703018,630.3766175,706.9216796,778.9245679,843.6745253,900.1114491,979.6581812,1078.324765,1242.302992,1327.244794,1397.458244,1425.851285,1480.116772,1590.75177,1631.513644,1680.832169,1779.375529,,
Switzerland,CHE,"Current health expenditure per capita, PPP (current international $)",SH.XPD.CHEX.PP.CD,,,,,,,,,,,,,,,,,,,,,,,,,,,,,,,,,,,,,,,,,3528.692346,3779.533988,4029.769145,4138.426632,4326.703635,4403.752464,4623.081843,5009.855844,5376.248948,5625.286034,5711.542427,6082.649556,6430.86155,6843.090068,7158.109774,7611.309849,7867.394505,,
Channel Islands,CHI,"Current health expenditure per capita, PPP (current international $)",SH.XPD.CHEX.PP.CD,,,,,,,,,,,,,,,,,,,,,,,,,,,,,,,,,,,,,,,,,,,,,,,,,,,,,,,,,,,
Chile,CHL,"Current health expenditure per capita, PPP (current international $)",SH.XPD.CHEX.PP.CD,,,,,,,,,,,,,,,,,,,,,,,,,,,,,,,,,,,,,,,,,673.405616,714.6873013,751.5413524,796.3089638,816.4961666,841.6906509,951.9766879,1048.070161,1115.637477,1169.777052,1237.457566,1383.998226,1517.942806,1680.937524,1793.683728,1891.212772,2002.008384,,
China,CHN,"Current health expenditure per capita, PPP (current international $)",SH.XPD.CHEX.PP.CD,,,,,,,,,,,,,,,,,,,,,,,,,,,,,,,,,,,,,,,,,129.499478,134.3881885,152.8164249,172.2448405,188.1077296,210.1661836,229.2430525,248.9220398,292.0617933,357.1768886,384.1962227,438.563187,507.7869943,573.4788679,632.7551903,703.4950973,761.4878559,,
Cote d'Ivoire,CIV,"Current health expenditure per capita, PPP (current international $)",SH.XPD.CHEX.PP.CD,,,,,,,,,,,,,,,,,,,,,,,,,,,,,,,,,,,,,,,,,132.5234886,113.6447176,102.7527052,105.3681891,120.830867,127.8660504,142.3514938,157.0029878,157.1532638,162.5573253,162.0135006,151.8583825,164.7463165,151.2467308,162.287064,181.6623235,162.6449615,,
Cameroon,CMR,"Current health expenditure per capita, PPP (current international $)",SH.XPD.CHEX.PP.CD,,,,,,,,,,,,,,,,,,,,,,,,,,,,,,,,,,,,,,,,,82.18864291,89.80587802,96.33925691,101.5456097,99.53297852,104.3431124,107.2601916,113.9719074,123.7379367,122.0098972,129.2877637,100.913236,139.7515606,144.4740987,152.6785425,164.5964636,169.2888215,,
"Congo, Dem. Rep.",COD,"Current health expenditure per capita, PPP (current international $)",SH.XPD.CHEX.PP.CD,,,,,,,,,,,,,,,,,,,,,,,,,,,,,,,,,,,,,,,,,6.59557302,11.15298091,11.10097578,16.63085425,20.44561123,20.87681569,22.8765706,24.07130495,29.20597964,26.45019524,24.13578014,22.27400184,23.79593922,25.2625461,30.39708591,32.28092372,34.48820942,,
"Congo, Rep.",COG,"Current health expenditure per capita, PPP (current international $)",SH.XPD.CHEX.PP.CD,,,,,,,,,,,,,,,,,,,,,,,,,,,,,,,,,,,,,,,,,60.15283046,87.13896261,71.11416244,80.21570255,82.44774138,79.21946457,79.76023204,86.82559153,99.55328803,102.9443646,102.9310431,99.02711539,132.6188852,136.3031076,145.2480482,201.4979318,263.2898074,,
Colombia,COL,"Current health expenditure per capita, PPP (current international $)",SH.XPD.CHEX.PP.CD,,,,,,,,,,,,,,,,,,,,,,,,,,,,,,,,,,,,,,,,,360.6742533,375.4066306,371.6646713,411.6044957,400.1774422,455.965958,517.563541,560.0660065,611.3616309,656.2007463,668.1331072,666.356406,685.4713482,739.3934221,777.7517651,832.6895424,829.8029221,,
Comoros,COM,"Current health expenditure per capita, PPP (current international $)",SH.XPD.CHEX.PP.CD,,,,,,,,,,,,,,,,,,,,,,,,,,,,,,,,,,,,,,,,,142.4119572,131.1895244,135.6995868,130.5332904,128.5237248,131.5644685,130.4864567,128.5716681,124.4692527,120.0256835,120.8203819,134.0178074,120.139738,123.0180652,121.3009542,120.4390761,115.8463352,,
Cabo Verde,CPV,"Current health expenditure per capita, PPP (current international $)",SH.XPD.CHEX.PP.CD,,,,,,,,,,,,,,,,,,,,,,,,,,,,,,,,,,,,,,,,,147.3162145,161.9279204,170.0719395,168.177103,184.1017509,198.2294285,227.6725863,222.3583249,204.6023375,218.1627358,255.5708664,257.9625012,310.2115544,323.7678585,329.9593063,339.5523941,347.6412499,,
Costa Rica,CRI,"Current health expenditure per capita, PPP (current international $)",SH.XPD.CHEX.PP.CD,,,,,,,,,,,,,,,,,,,,,,,,,,,,,,,,,,,,,,,,,516.2307757,529.1036509,579.4314054,615.5273751,618.6134019,657.2638862,745.6052106,823.8889984,926.5465869,960.104913,1033.405575,1083.478014,1095.533865,1115.176293,1181.233002,1233.474792,1248.547928,,
Caribbean small states,CSS,"Current health expenditure per capita, PPP (current international $)",SH.XPD.CHEX.PP.CD,,,,,,,,,,,,,,,,,,,,,,,,,,,,,,,,,,,,,,,,,457.9537663,448.9266021,493.2181197,509.1100054,576.6057365,590.3975462,625.7584207,676.2421332,675.9584435,761.1904255,757.2981097,753.869013,762.6100864,813.0506813,842.9744354,925.4273229,950.4204528,,
Cuba,CUB,"Current health expenditure per capita, PPP (current international $)",SH.XPD.CHEX.PP.CD,,,,,,,,,,,,,,,,,,,,,,,,,,,,,,,,,,,,,,,,,546.6297447,637.6486174,709.8141622,755.3547935,746.625588,1067.138882,1287.359914,1834.036869,1962.311157,2174.479394,2022.148739,2148.003596,1867.262928,2203.534355,2674.966489,3135.224186,2457.668045,,
Curacao,CUW,"Current health expenditure per capita, PPP (current international $)",SH.XPD.CHEX.PP.CD,,,,,,,,,,,,,,,,,,,,,,,,,,,,,,,,,,,,,,,,,,,,,,,,,,,,,,,,,,,
Cayman Islands,CYM,"Current health expenditure per capita, PPP (current international $)",SH.XPD.CHEX.PP.CD,,,,,,,,,,,,,,,,,,,,,,,,,,,,,,,,,,,,,,,,,,,,,,,,,,,,,,,,,,,
Cyprus,CYP,"Current health expenditure per capita, PPP (current international $)",SH.XPD.CHEX.PP.CD,,,,,,,,,,,,,,,,,,,,,,,,,,,,,,,,,,,,,,,,,1136.597111,1229.903502,1330.56625,1349.739962,1379.965151,1478.571638,1606.797205,1725.738514,2123.970047,2220.867342,2114.456327,2216.835972,2138.53134,2104.33717,2048.668896,2147.982971,2270.831744,,
Czech Republic,CZE,"Current health expenditure per capita, PPP (current international $)",SH.XPD.CHEX.PP.CD,,,,,,,,,,,,,,,,,,,,,,,,,,,,,,,,,,,,,,,,,923.4961336,1032.847929,1127.055913,1273.357397,1328.828872,1402.737204,1475.479808,1578.248426,1777.905144,2015.933483,1920.945153,2010.957419,2042.604651,2379.507428,2472.175561,2425.848982,2484.633529,,
Germany,DEU,"Current health expenditure per capita, PPP (current international $)",SH.XPD.CHEX.PP.CD,,,,,,,,,,,,,,,,,,,,,,,,,,,,,,,,,,,,,,,,,2683.875058,2814.297832,2966.561364,3098.194102,3166.231246,3267.628748,3460.885403,3630.839169,3856.736039,4119.802029,4315.036421,4577.56358,4696.398604,4944.612396,5173.843181,5328.899379,5463.330652,,
Djibouti,DJI,"Current health expenditure per capita, PPP (current international $)",SH.XPD.CHEX.PP.CD,,,,,,,,,,,,,,,,,,,,,,,,,,,,,,,,,,,,,,,,,70.27892062,68.64195588,89.72631697,103.0048016,89.63720989,91.1160028,104.6033721,108.7767755,106.1917833,109.4123732,108.0045951,128.1900245,131.4808951,122.0276583,130.6431718,146.6987696,122.0756057,,
Dominica,DMA,"Current health expenditure per capita, PPP (current international $)",SH.XPD.CHEX.PP.CD,,,,,,,,,,,,,,,,,,,,,,,,,,,,,,,,,,,,,,,,,329.8974719,345.0703394,349.4655229,375.0022307,386.6751212,405.9740662,437.1851852,488.3290378,543.7882069,565.4853497,559.5421827,579.0516686,596.835303,562.3944507,598.1128726,577.6188423,580.6576705,,
Denmark,DNK,"Current health expenditure per capita, PPP (current international $)",SH.XPD.CHEX.PP.CD,,,,,,,,,,,,,,,,,,,,,,,,,,,,,,,,,,,,,,,,,2326.697589,2494.526866,2670.24316,2744.50367,2969.070531,3109.049098,3426.189839,3642.819917,3938.907703,4314.309239,4457.952572,4516.298029,4597.623079,4762.361091,4886.551363,5021.768695,5092.980309,,
Dominican Republic,DOM,"Current health expenditure per capita, PPP (current international $)",SH.XPD.CHEX.PP.CD,,,,,,,,,,,,,,,,,,,,,,,,,,,,,,,,,,,,,,,,,312.2789595,324.8862546,351.4664057,306.1701629,310.4972876,361.4879983,372.1196918,406.9130256,474.3063297,512.4068661,608.3922416,642.0576498,689.2087895,717.066915,788.4911238,860.5814557,936.82159,,
Algeria,DZA,"Current health expenditure per capita, PPP (current international $)",SH.XPD.CHEX.PP.CD,,,,,,,,,,,,,,,,,,,,,,,,,,,,,,,,,,,,,,,,,282.3849958,323.0236092,332.4113453,346.4605704,360.6678408,354.9576641,380.2268379,452.5979509,511.0440685,656.1070661,645.2878278,684.2653448,804.3331601,827.8487864,929.9595488,1020.546414,998.1537539,,
East Asia & Pacific (excluding high income),EAP,"Current health expenditure per capita, PPP (current international $)",SH.XPD.CHEX.PP.CD,,,,,,,,,,,,,,,,,,,,,,,,,,,,,,,,,,,,,,,,,125.3800031,132.5320645,146.1675419,164.9308195,178.7453535,201.5367512,220.5020931,241.1519175,273.4142425,322.5347873,347.8961479,390.3405686,445.0749234,496.2862263,547.4617291,600.2909127,647.3767173,,
Early-demographic dividend,EAR,"Current health expenditure per capita, PPP (current international $)",SH.XPD.CHEX.PP.CD,,,,,,,,,,,,,,,,,,,,,,,,,,,,,,,,,,,,,,,,,178.6129955,192.7355707,191.4171577,202.4604061,212.2918876,231.2064711,248.6854989,268.1835253,276.3618397,302.8680209,312.5437503,325.8928171,340.8456339,367.2713757,393.7298427,417.3706595,431.7556505,,
East Asia & Pacific,EAS,"Current health expenditure per capita, PPP (current international $)",SH.XPD.CHEX.PP.CD,,,,,,,,,,,,,,,,,,,,,,,,,,,,,,,,,,,,,,,,,277.9798168,295.737492,314.899498,340.7459946,363.4895747,395.3917705,425.4811891,457.3894102,499.2845864,557.7550924,596.3967541,672.2195457,735.9341671,799.1611359,851.9565738,915.7160514,975.2112902,,
Europe & Central Asia (excluding high income),ECA,"Current health expenditure per capita, PPP (current international $)",SH.XPD.CHEX.PP.CD,,,,,,,,,,,,,,,,,,,,,,,,,,,,,,,,,,,,,,,,,313.1529265,345.2358484,386.172016,424.6386794,460.0433842,518.174509,611.7702323,669.7493197,776.0508728,833.4904189,823.1774485,854.8503435,921.1045683,974.0092669,997.0400959,998.9868038,1027.567046,,
Europe & Central Asia,ECS,"Current health expenditure per capita, PPP (current international $)",SH.XPD.CHEX.PP.CD,,,,,,,,,,,,,,,,,,,,,,,,,,,,,,,,,,,,,,,,,1185.653461,1276.851579,1377.463978,1453.53957,1535.566516,1631.128547,1785.505299,1889.765898,2057.749355,2173.532934,2215.056738,2298.804548,2370.130226,2514.24718,2579.843231,2625.625407,2698.025823,,
Ecuador,ECU,"Current health expenditure per capita, PPP (current international $)",SH.XPD.CHEX.PP.CD,,,,,,,,,,,,,,,,,,,,,,,,,,,,,,,,,,,,,,,,,194.1354903,228.7703454,283.5464282,355.6213408,397.9933928,427.54487,461.2608855,490.6673924,518.8529988,572.3555918,652.5927691,780.7759233,891.4158707,944.7819931,990.0636785,983.0623625,942.8866596,,
"Egypt, Arab Rep.",EGY,"Current health expenditure per capita, PPP (current international $)",SH.XPD.CHEX.PP.CD,,,,,,,,,,,,,,,,,,,,,,,,,,,,,,,,,,,,,,,,,303.1081191,345.6041185,359.6900966,352.141202,343.6669212,368.7403087,392.4278433,389.2013578,419.8118467,426.1277512,421.7659298,450.0645187,455.4581469,472.6958373,488.3057519,496.9782118,516.3431545,,
Euro area,EMU,"Current health expenditure per capita, PPP (current international $)",SH.XPD.CHEX.PP.CD,,,,,,,,,,,,,,,,,,,,,,,,,,,,,,,,,,,,,,,,,2150.12213,2285.866998,2432.642048,2529.629656,2641.957222,2783.856479,3002.524399,3145.986884,3370.710996,3541.17231,3631.712567,3756.767887,3831.127251,3977.42981,4079.601646,4152.164163,4272.50756,,
Eritrea,ERI,"Current health expenditure per capita, PPP (current international $)",SH.XPD.CHEX.PP.CD,,,,,,,,,,,,,,,,,,,,,,,,,,,,,,,,,,,,,,,,,60.04663208,66.50362228,77.06417962,79.22687365,76.44098556,77.04547153,76.6749499,60.17627743,51.7988059,59.49316057,47.8200536,63.54467075,47.31835421,48.4406607,49.59230973,50.63569127,55.33103421,,
Spain,ESP,"Current health expenditure per capita, PPP (current international $)",SH.XPD.CHEX.PP.CD,,,,,,,,,,,,,,,,,,,,,,,,,,,,,,,,,,,,,,,,,1471.072627,1562.433962,1673.402865,1902.860073,2012.973618,2144.078536,2411.12651,2579.310264,2791.107224,2918.820792,2888.51094,2920.111074,2900.339612,2935.834905,3039.959984,3175.133883,3259.802775,,
Estonia,EST,"Current health expenditure per capita, PPP (current international $)",SH.XPD.CHEX.PP.CD,,,,,,,,,,,,,,,,,,,,,,,,,,,,,,,,,,,,,,,,,485.0034108,492.0686109,546.9086157,636.1516146,732.6299114,816.0717039,944.5648677,1102.406961,1302.368069,1339.972947,1366.382783,1426.65963,1513.566096,1649.68035,1769.952956,1860.325048,1987.718156,,
Ethiopia,ETH,"Current health expenditure per capita, PPP (current international $)",SH.XPD.CHEX.PP.CD,,,,,,,,,,,,,,,,,,,,,,,,,,,,,,,,,,,,,,,,,21.38136861,24.85786658,24.8497232,25.01552143,25.03196468,26.75752868,30.64339969,38.76986514,38.00699723,41.79607621,57.52184849,51.96457247,56.89214312,55.90914384,60.53177588,64.90913139,69.52478888,,
European Union,EUU,"Current health expenditure per capita, PPP (current international $)",SH.XPD.CHEX.PP.CD,,,,,,,,,,,,,,,,,,,,,,,,,,,,,,,,,,,,,,,,,1774.768264,1906.551194,2045.33851,2147.811336,2261.173171,2380.484257,2572.459991,2704.96929,2914.091586,3070.600283,3158.196968,3273.428498,3345.787492,3559.431287,3656.694062,3733.344981,3846.30005,,
Fragile and conflict affected situations,FCS,"Current health expenditure per capita, PPP (current international $)",SH.XPD.CHEX.PP.CD,,,,,,,,,,,,,,,,,,,,,,,,,,,,,,,,,,,,,,,,,86.61141341,92.29875371,93.38593597,106.2044402,122.6218578,119.0972642,127.0031081,143.2041918,144.7009605,165.4197807,157.3936207,150.2177366,145.2400199,156.6282866,177.550262,188.454106,162.2268541,,
Finland,FIN,"Current health expenditure per capita, PPP (current international $)",SH.XPD.CHEX.PP.CD,,,,,,,,,,,,,,,,,,,,,,,,,,,,,,,,,,,,,,,,,1824.530974,1936.810056,2097.081365,2214.917783,2418.792244,2552.570071,2745.060441,2944.995587,3227.209698,3353.191646,3437.298045,3640.06043,3774.767004,3921.287797,3932.672457,4097.13097,4112.054234,,
Fiji,FJI,"Current health expenditure per capita, PPP (current international $)",SH.XPD.CHEX.PP.CD,,,,,,,,,,,,,,,,,,,,,,,,,,,,,,,,,,,,,,,,,196.2162088,173.0512838,185.8535178,190.570409,225.4483807,233.2913072,250.0851246,257.3620147,244.6991875,267.2591296,266.6031949,254.9647384,271.5458014,281.2708085,317.0649298,320.0539774,313.1713121,,
France,FRA,"Current health expenditure per capita, PPP (current international $)",SH.XPD.CHEX.PP.CD,,,,,,,,,,,,,,,,,,,,,,,,,,,,,,,,,,,,,,,,,2515.777374,2687.983472,2876.459712,2854.729268,2971.714198,3135.555896,3380.538735,3526.144188,3696.23512,3926.011881,4046.62684,4216.567654,4286.779142,4545.623227,4676.111503,4666.180695,4782.288549,,
Faroe Islands,FRO,"Current health expenditure per capita, PPP (current international $)",SH.XPD.CHEX.PP.CD,,,,,,,,,,,,,,,,,,,,,,,,,,,,,,,,,,,,,,,,,,,,,,,,,,,,,,,,,,,
"Micronesia, Fed. Sts.",FSM,"Current health expenditure per capita, PPP (current international $)",SH.XPD.CHEX.PP.CD,,,,,,,,,,,,,,,,,,,,,,,,,,,,,,,,,,,,,,,,,191.7905571,217.9894759,207.5025161,261.7962,285.6046299,333.3482604,320.1633144,337.0199761,362.235642,391.4039884,418.9052322,440.671404,407.800796,396.0174177,377.5622363,424.7784221,431.5863848,,
Gabon,GAB,"Current health expenditure per capita, PPP (current international $)",SH.XPD.CHEX.PP.CD,,,,,,,,,,,,,,,,,,,,,,,,,,,,,,,,,,,,,,,,,436.0759931,452.7175441,472.379999,509.8764593,483.7240202,433.4850304,450.4958873,484.3569684,410.4058993,554.8816655,372.4534801,406.5109506,398.423795,485.1695786,445.0110614,480.2949881,555.6279022,,
United Kingdom,GBR,"Current health expenditure per capita, PPP (current international $)",SH.XPD.CHEX.PP.CD,,,,,,,,,,,,,,,,,,,,,,,,,,,,,,,,,,,,,,,,,1570.206986,1741.602036,1901.563518,2063.354937,2244.638346,2339.624872,2537.408077,2633.360687,2795.590631,2960.599577,3052.572565,3094.727402,3154.484762,3854.727518,3974.453374,4087.728534,4177.815131,,
Georgia,GEO,"Current health expenditure per capita, PPP (current international $)",SH.XPD.CHEX.PP.CD,,,,,,,,,,,,,,,,,,,,,,,,,,,,,,,,,,,,,,,,,179.0505803,193.3247045,228.3130053,267.9612656,296.5632745,338.49355,364.1318934,414.3454042,496.1997294,552.466408,584.2642782,570.297219,625.807913,669.2959652,725.8054674,717.1269015,797.1759528,,
Ghana,GHA,"Current health expenditure per capita, PPP (current international $)",SH.XPD.CHEX.PP.CD,,,,,,,,,,,,,,,,,,,,,,,,,,,,,,,,,,,,,,,,,115.6114729,136.2478614,123.6942858,129.836776,141.0211808,196.1612109,128.7193787,135.8011147,151.2999895,173.0774458,183.7673377,214.5524554,203.9429889,241.1035582,229.1612799,251.4542761,189.3748859,,
Gibraltar,GIB,"Current health expenditure per capita, PPP (current international $)",SH.XPD.CHEX.PP.CD,,,,,,,,,,,,,,,,,,,,,,,,,,,,,,,,,,,,,,,,,,,,,,,,,,,,,,,,,,,
Guinea,GIN,"Current health expenditure per capita, PPP (current international $)",SH.XPD.CHEX.PP.CD,,,,,,,,,,,,,,,,,,,,,,,,,,,,,,,,,,,,,,,,,56.14195402,61.25277593,73.45433125,62.79407923,59.61285613,60.6023131,41.03075119,44.6871024,42.54428729,43.88694117,47.35104067,61.60188426,60.09905764,61.30920463,87.36866226,108.7792313,107.7236555,,
"Gambia, The",GMB,"Current health expenditure per capita, PPP (current international $)",SH.XPD.CHEX.PP.CD,,,,,,,,,,,,,,,,,,,,,,,,,,,,,,,,,,,,,,,,,44.46332497,47.92038093,46.10939422,54.73169243,60.16075603,66.99993747,75.32348043,81.22741042,87.77441439,89.15423566,92.46372498,95.23778469,97.51035394,101.3705443,86.53161148,79.50438266,74.31114618,,
Guinea-Bissau,GNB,"Current health expenditure per capita, PPP (current international $)",SH.XPD.CHEX.PP.CD,,,,,,,,,,,,,,,,,,,,,,,,,,,,,,,,,,,,,,,,,75.20610061,66.08953799,55.86503279,62.9521257,77.86275748,76.1118954,79.06193088,90.40132204,91.08656077,88.51148983,87.10318663,80.12087692,69.81681618,69.82342719,99.96532383,100.4242849,97.97199975,,
Equatorial Guinea,GNQ,"Current health expenditure per capita, PPP (current international $)",SH.XPD.CHEX.PP.CD,,,,,,,,,,,,,,,,,,,,,,,,,,,,,,,,,,,,,,,,,223.0267263,338.1049753,406.2320641,487.1487239,527.7314771,389.7396464,431.1156438,494.012089,492.9361186,632.564749,506.1645598,463.4935597,524.2165006,584.5379242,582.8118217,767.6874496,838.744272,,
Greece,GRC,"Current health expenditure per capita, PPP (current international $)",SH.XPD.CHEX.PP.CD,,,,,,,,,,,,,,,,,,,,,,,,,,,,,,,,,,,,,,,,,1417.551418,1679.973154,1864.497651,1958.99673,2021.193053,2304.753519,2560.837397,2656.497258,2899.78634,2877.8088,2694.119307,2374.4089,2237.585195,2188.329136,2126.93603,2180.174112,2261.15653,,
Grenada,GRD,"Current health expenditure per capita, PPP (current international $)",SH.XPD.CHEX.PP.CD,,,,,,,,,,,,,,,,,,,,,,,,,,,,,,,,,,,,,,,,,390.196914,410.1196799,461.0607478,465.7695271,466.0812344,558.0638496,608.2689598,645.2358406,654.3592063,652.8622252,667.112804,674.0307041,641.4928677,645.3984471,659.350881,660.7986758,745.1027805,,
Greenland,GRL,"Current health expenditure per capita, PPP (current international $)",SH.XPD.CHEX.PP.CD,,,,,,,,,,,,,,,,,,,,,,,,,,,,,,,,,,,,,,,,,,,,,,,,,,,,,,,,,,,
Guatemala,GTM,"Current health expenditure per capita, PPP (current international $)",SH.XPD.CHEX.PP.CD,,,,,,,,,,,,,,,,,,,,,,,,,,,,,,,,,,,,,,,,,244.7633917,316.4212549,322.9152814,337.8118954,345.8265908,353.7164749,389.3955464,402.5530508,405.0360593,405.7766485,399.7822395,401.0871072,413.4788334,427.9471207,447.0697645,428.3512704,462.405855,,
Guam,GUM,"Current health expenditure per capita, PPP (current international $)",SH.XPD.CHEX.PP.CD,,,,,,,,,,,,,,,,,,,,,,,,,,,,,,,,,,,,,,,,,,,,,,,,,,,,,,,,,,,
Guyana,GUY,"Current health expenditure per capita, PPP (current international $)",SH.XPD.CHEX.PP.CD,,,,,,,,,,,,,,,,,,,,,,,,,,,,,,,,,,,,,,,,,157.0373242,172.8385348,187.4359558,201.4107202,208.6374324,224.2328758,181.0717767,201.8513269,216.9624762,245.9609006,264.514136,301.3445771,314.9742012,345.473718,374.1708756,333.9914065,332.6745536,,
High income,HIC,"Current health expenditure per capita, PPP (current international $)",SH.XPD.CHEX.PP.CD,,,,,,,,,,,,,,,,,,,,,,,,,,,,,,,,,,,,,,,,,2548.460325,2740.469315,2938.605336,3123.11996,3301.663313,3482.909547,3711.593974,3905.871655,4093.472224,4300.631826,4437.00145,4634.061811,4784.947415,4989.910341,5186.123935,5413.319174,5600.073457,,
"Hong Kong SAR, China",HKG,"Current health expenditure per capita, PPP (current international $)",SH.XPD.CHEX.PP.CD,,,,,,,,,,,,,,,,,,,,,,,,,,,,,,,,,,,,,,,,,,,,,,,,,,,,,,,,,,,
Honduras,HND,"Current health expenditure per capita, PPP (current international $)",SH.XPD.CHEX.PP.CD,,,,,,,,,,,,,,,,,,,,,,,,,,,,,,,,,,,,,,,,,169.4908789,164.3334672,178.4457085,200.6127525,215.506177,252.7415513,285.7261628,307.5155501,334.9537977,335.2403914,335.7194117,352.4286832,363.1016052,358.4860232,356.0683399,356.4359574,400.3364097,,
Heavily indebted poor countries (HIPC),HPC,"Current health expenditure per capita, PPP (current international $)",SH.XPD.CHEX.PP.CD,,,,,,,,,,,,,,,,,,,,,,,,,,,,,,,,,,,,,,,,,57.72175637,61.76110969,64.70027603,70.26640094,77.57535972,85.614984,91.67286676,99.30343885,100.2695153,104.7086093,106.3663606,108.8075813,108.6664299,117.5930171,119.1290593,126.5078296,127.5193337,,
Croatia,HRV,"Current health expenditure per capita, PPP (current international $)",SH.XPD.CHEX.PP.CD,,,,,,,,,,,,,,,,,,,,,,,,,,,,,,,,,,,,,,,,,811.058655,838.6095943,785.9367785,860.9194474,954.9171546,1056.773005,1215.974129,1443.096383,1604.324857,1633.043425,1600.187826,1612.719025,1644.4838,1485.164822,1553.501477,1620.400444,1705.207618,,
Haiti,HTI,"Current health expenditure per capita, PPP (current international $)",SH.XPD.CHEX.PP.CD,,,,,,,,,,,,,,,,,,,,,,,,,,,,,,,,,,,,,,,,,95.24477033,90.61531232,81.90196438,79.45809763,78.67586183,76.62179,79.37869897,88.95387699,91.81284291,96.32448864,119.874586,159.8424282,155.7449306,122.0431103,135.771225,94.46340136,95.4432869,,
Hungary,HUN,"Current health expenditure per capita, PPP (current international $)",SH.XPD.CHEX.PP.CD,,,,,,,,,,,,,,,,,,,,,,,,,,,,,,,,,,,,,,,,,802.5579974,901.5931611,1032.775809,1253.901071,1260.251389,1364.599359,1427.862157,1372.556287,1467.767781,1495.432287,1618.653949,1720.489068,1722.257965,1773.085215,1808.397504,1859.518082,1963.16263,,
IBRD only,IBD,"Current health expenditure per capita, PPP (current international $)",SH.XPD.CHEX.PP.CD,,,,,,,,,,,,,,,,,,,,,,,,,,,,,,,,,,,,,,,,,207.9736742,223.7710057,240.6027579,257.1061767,276.4950651,302.1308919,330.9730735,359.4952728,392.7578511,436.0263525,463.2929694,494.8594131,534.7191886,577.9820491,614.8770516,651.4056741,682.3197352,,
IDA & IBRD total,IBT,"Current health expenditure per capita, PPP (current international $)",SH.XPD.CHEX.PP.CD,,,,,,,,,,,,,,,,,,,,,,,,,,,,,,,,,,,,,,,,,178.4141474,191.5547262,204.1219936,219.9440684,236.6680539,258.0498391,281.9866462,305.6919275,331.4349569,365.6033751,382.2338691,405.9978068,436.4316932,471.6403661,501.0552369,529.3061446,552.4268885,,
IDA total,IDA,"Current health expenditure per capita, PPP (current international $)",SH.XPD.CHEX.PP.CD,,,,,,,,,,,,,,,,,,,,,,,,,,,,,,,,,,,,,,,,,65.25724393,69.76977204,70.83930426,85.09950809,94.02705287,102.2169387,111.0693744,120.4409072,123.0613474,129.3952909,116.4318255,118.3054199,122.5603207,131.574959,141.9007879,149.210474,152.0105311,,
IDA blend,IDB,"Current health expenditure per capita, PPP (current international $)",SH.XPD.CHEX.PP.CD,,,,,,,,,,,,,,,,,,,,,,,,,,,,,,,,,,,,,,,,,89.2594032,95.34688302,91.56209516,122.5466612,136.8553845,147.8676757,162.6338491,176.5196224,179.2527991,186.955042,144.6595226,143.9387225,154.0568676,166.7463451,176.3104653,186.8908279,192.2536825,,
Indonesia,IDN,"Current health expenditure per capita, PPP (current international $)",SH.XPD.CHEX.PP.CD,,,,,,,,,,,,,,,,,,,,,,,,,,,,,,,,,,,,,,,,,90.05398189,107.3249296,105.7038341,124.7283434,125.3042981,160.4021901,177.9075916,206.2432566,201.0241202,210.5616056,244.6561669,261.1947276,273.496111,295.4586335,328.4716195,331.6426852,362.7219413,,
IDA only,IDX,"Current health expenditure per capita, PPP (current international $)",SH.XPD.CHEX.PP.CD,,,,,,,,,,,,,,,,,,,,,,,,,,,,,,,,,,,,,,,,,52.78975022,56.48060283,60.37632504,66.20665793,72.43095092,79.19946053,85.05943388,92.12857126,94.65526246,100.2527641,101.7015682,104.9002116,106.0642847,112.7368849,123.4717797,129.0337452,129.8634134,,
Isle of Man,IMN,"Current health expenditure per capita, PPP (current international $)",SH.XPD.CHEX.PP.CD,,,,,,,,,,,,,,,,,,,,,,,,,,,,,,,,,,,,,,,,,,,,,,,,,,,,,,,,,,,
India,IND,"Current health expenditure per capita, PPP (current international $)",SH.XPD.CHEX.PP.CD,,,,,,,,,,,,,,,,,,,,,,,,,,,,,,,,,,,,,,,,,82.29379314,91.60866764,94.42574933,96.58795918,104.0415013,110.6632499,117.6524465,126.4183541,131.8524296,140.9026977,145.6305946,150.4965205,163.687114,196.8648792,205.8939434,221.7634084,241.4830553,,
Not classified,INX,"Current health expenditure per capita, PPP (current international $)",SH.XPD.CHEX.PP.CD,,,,,,,,,,,,,,,,,,,,,,,,,,,,,,,,,,,,,,,,,,,,,,,,,,,,,,,,,,,
Ireland,IRL,"Current health expenditure per capita, PPP (current international $)",SH.XPD.CHEX.PP.CD,,,,,,,,,,,,,,,,,,,,,,,,,,,,,,,,,,,,,,,,,1794.824909,2102.664317,2369.668958,2560.300138,2823.625526,3128.888173,3373.345033,3697.23262,4059.450493,4377.576524,4562.289136,4845.087066,5006.696519,4966.169214,4960.704719,5132.812597,5299.653967,,
"Iran, Islamic Rep.",IRN,"Current health expenditure per capita, PPP (current international $)",SH.XPD.CHEX.PP.CD,,,,,,,,,,,,,,,,,,,,,,,,,,,,,,,,,,,,,,,,,493.0428212,551.6756852,546.6798085,644.7658271,682.2950518,748.951001,787.5943743,827.271729,873.4448821,1080.575513,1176.765622,1195.991669,1114.831966,1006.874621,1205.038566,1329.564222,1563.751678,,
Iraq,IRQ,"Current health expenditure per capita, PPP (current international $)",SH.XPD.CHEX.PP.CD,,,,,,,,,,,,,,,,,,,,,,,,,,,,,,,,,,,,,,,,,,,,181.6567755,355.0691304,281.0836074,260.1944674,338.7787649,356.2967083,448.615158,402.5382308,370.1734887,400.7412549,438.878764,431.9382859,493.7178706,,,
Iceland,ISL,"Current health expenditure per capita, PPP (current international $)",SH.XPD.CHEX.PP.CD,,,,,,,,,,,,,,,,,,,,,,,,,,,,,,,,,,,,,,,,,2679.549322,2819.86276,3096.640004,3266.275259,3388.751306,3442.395338,3497.079779,3597.325519,3742.77359,3705.236866,3384.48803,3369.76854,3448.201515,3651.883788,3804.822561,3971.073892,4245.108988,,
Israel,ISR,"Current health expenditure per capita, PPP (current international $)",SH.XPD.CHEX.PP.CD,,,,,,,,,,,,,,,,,,,,,,,,,,,,,,,,,,,,,,,,,1773.803468,1893.438858,1898.585552,1779.019983,1866.235957,1856.573592,1859.304722,1973.340648,1975.142077,2008.238482,2086.81552,2195.664564,2326.754655,2500.528741,2542.893711,2750.48431,2843.044007,,
Italy,ITA,"Current health expenditure per capita, PPP (current international $)",SH.XPD.CHEX.PP.CD,,,,,,,,,,,,,,,,,,,,,,,,,,,,,,,,,,,,,,,,,2049.102289,2172.365067,2263.524452,2291.604979,2419.89882,2516.80315,2739.295888,2784.823492,3040.12281,3102.577171,3142.168355,3211.95626,3253.368727,3264.292663,3250.845442,3288.745489,3427.306466,,
Jamaica,JAM,"Current health expenditure per capita, PPP (current international $)",SH.XPD.CHEX.PP.CD,,,,,,,,,,,,,,,,,,,,,,,,,,,,,,,,,,,,,,,,,364.941435,344.4489626,322.738786,318.3369199,380.3027577,332.3350085,353.7388268,419.1485321,428.1057952,391.1449424,391.6519865,398.1859858,407.9364408,435.4105429,443.8070074,487.7806742,535.6645833,,
Jordan,JOR,"Current health expenditure per capita, PPP (current international $)",SH.XPD.CHEX.PP.CD,,,,,,,,,,,,,,,,,,,,,,,,,,,,,,,,,,,,,,,,,552.580487,599.6607779,618.0127897,607.3453957,653.7317871,694.3756289,677.1495003,742.4613258,816.9362066,896.6659448,778.6222451,768.5785095,729.8368931,666.0239786,673.4435528,568.2245546,494.7536463,,
Japan,JPN,"Current health expenditure per capita, PPP (current international $)",SH.XPD.CHEX.PP.CD,,,,,,,,,,,,,,,,,,,,,,,,,,,,,,,,,,,,,,,,,1908.826467,2014.360208,2096.977893,2195.211332,2316.655762,2452.82505,2572.660361,2711.702715,2842.508974,2994.538648,3192.886455,3778.225151,3988.276071,4177.475231,4214.538386,4397.891233,4592.428208,,
Kazakhstan,KAZ,"Current health expenditure per capita, PPP (current international $)",SH.XPD.CHEX.PP.CD,,,,,,,,,,,,,,,,,,,,,,,,,,,,,,,,,,,,,,,,,324.3759378,314.5248073,363.5934769,413.8011233,493.0022324,541.5500652,532.6694052,469.3694982,551.0328949,637.7534066,534.426619,569.5846616,686.3246263,636.171625,674.5007148,764.4020897,858.76985,,
Kenya,KEN,"Current health expenditure per capita, PPP (current international $)",SH.XPD.CHEX.PP.CD,,,,,,,,,,,,,,,,,,,,,,,,,,,,,,,,,,,,,,,,,88.9276322,94.17206782,97.80392769,103.1992624,111.6793873,117.9464505,124.1799065,135.3099603,135.7157318,136.9449777,148.3777284,148.5977725,148.7878706,153.2464888,153.7997113,147.6614074,143.5442376,,
Kyrgyz Republic,KGZ,"Current health expenditure per capita, PPP (current international $)",SH.XPD.CHEX.PP.CD,,,,,,,,,,,,,,,,,,,,,,,,,,,,,,,,,,,,,,,,,72.25327954,74.77807888,81.04844676,111.72237,130.1894405,159.9269968,187.7144517,172.3343607,176.8217418,190.9546425,190.8970995,207.8772414,249.2939988,266.0665391,281.5547389,252.7782406,240.2266108,,
Cambodia,KHM,"Current health expenditure per capita, PPP (current international $)",SH.XPD.CHEX.PP.CD,,,,,,,,,,,,,,,,,,,,,,,,,,,,,,,,,,,,,,,,,71.33775863,83.00325021,91.08075684,94.92415722,108.0820812,120.1596899,120.624238,107.7400938,155.5079348,177.4783062,170.8497128,199.4970778,207.8130666,214.9312401,219.5792701,217.0747341,228.5708677,,
Kiribati,KIR,"Current health expenditure per capita, PPP (current international $)",SH.XPD.CHEX.PP.CD,,,,,,,,,,,,,,,,,,,,,,,,,,,,,,,,,,,,,,,,,137.5340649,194.3254824,194.4793886,177.9070405,205.4192081,202.7059189,204.9916944,207.3527287,250.6059989,237.4701812,158.894123,150.1081378,156.3270291,177.5330614,190.560061,164.2225428,249.8413143,,
St. Kitts and Nevis,KNA,"Current health expenditure per capita, PPP (current international $)",SH.XPD.CHEX.PP.CD,,,,,,,,,,,,,,,,,,,,,,,,,,,,,,,,,,,,,,,,,769.2667992,744.2096858,775.0300349,811.5925358,805.6855746,938.1678195,1030.682836,1015.004388,1238.536307,1213.534673,1208.393982,1242.741362,1188.035753,1222.128263,1294.697686,1323.099947,1479.570854,,
"Korea, Rep.",KOR,"Current health expenditure per capita, PPP (current international $)",SH.XPD.CHEX.PP.CD,,,,,,,,,,,,,,,,,,,,,,,,,,,,,,,,,,,,,,,,,717.2871068,891.5230005,906.1767052,989.4402459,1056.030304,1170.708088,1339.813419,1497.731874,1629.588084,1729.952822,1895.747556,1975.735217,2076.392329,2156.588774,2307.222909,2502.25111,2711.738257,,
Kuwait,KWT,"Current health expenditure per capita, PPP (current international $)",SH.XPD.CHEX.PP.CD,,,,,,,,,,,,,,,,,,,,,,,,,,,,,,,,,,,,,,,,,1393.900566,2002.335996,2040.342984,2182.776222,2082.555885,1978.933817,1990.152841,1946.891836,1740.258067,3070.093277,2031.457183,2027.975091,2034.511937,1982.18867,2385.942381,2927.440047,2899.260238,,
Latin America & Caribbean (excluding high income),LAC,"Current health expenditure per capita, PPP (current international $)",SH.XPD.CHEX.PP.CD,,,,,,,,,,,,,,,,,,,,,,,,,,,,,,,,,,,,,,,,,508.6345493,536.861477,582.1116511,599.7715511,641.3525033,702.8594322,760.8130949,832.3713208,862.8486694,915.081182,1017.834747,1071.956315,1109.573092,1165.188144,1222.784683,1261.973987,1244.144757,,
Lao PDR,LAO,"Current health expenditure per capita, PPP (current international $)",SH.XPD.CHEX.PP.CD,,,,,,,,,,,,,,,,,,,,,,,,,,,,,,,,,,,,,,,,,87.25645338,95.52102972,91.47389279,117.8730224,101.0699048,103.1371992,101.3632572,117.7439151,108.2715721,145.925458,126.7462211,89.53276028,101.3773582,127.0471662,131.6328105,150.3693478,154.6294593,,
Lebanon,LBN,"Current health expenditure per capita, PPP (current international $)",SH.XPD.CHEX.PP.CD,,,,,,,,,,,,,,,,,,,,,,,,,,,,,,,,,,,,,,,,,1061.024492,1055.8159,929.1193165,857.8921204,858.7734115,832.7763798,983.2633927,1082.978818,1092.209712,1068.553063,1199.786242,1278.582549,1226.298597,1156.544615,1160.689147,1112.756008,1147.374774,,
Liberia,LBR,"Current health expenditure per capita, PPP (current international $)",SH.XPD.CHEX.PP.CD,,,,,,,,,,,,,,,,,,,,,,,,,,,,,,,,,,,,,,,,,37.08006665,30.25431703,26.04732988,21.56395604,58.41128603,64.87622202,61.36052751,84.52792235,76.71525353,97.02995921,93.73927114,103.7038898,103.8386762,106.7692155,117.6840487,132.6585879,133.1485972,,
Libya,LBY,"Current health expenditure per capita, PPP (current international $)",SH.XPD.CHEX.PP.CD,,,,,,,,,,,,,,,,,,,,,,,,,,,,,,,,,,,,,,,,,696.5004532,808.9870972,852.3102804,846.4044735,693.5560504,603.7733609,605.2764001,610.6843875,561.9900468,969.9547985,958.1326669,627.2824557,,,,,,,
St. Lucia,LCA,"Current health expenditure per capita, PPP (current international $)",SH.XPD.CHEX.PP.CD,,,,,,,,,,,,,,,,,,,,,,,,,,,,,,,,,,,,,,,,,473.1588436,499.4339986,532.6134903,548.1629785,542.2973284,564.4150204,622.5482675,640.8105791,683.8677892,638.9208591,658.0383538,717.8923743,714.5014509,708.5092989,706.3298573,675.1191095,677.4015625,,
Latin America & Caribbean,LCN,"Current health expenditure per capita, PPP (current international $)",SH.XPD.CHEX.PP.CD,,,,,,,,,,,,,,,,,,,,,,,,,,,,,,,,,,,,,,,,,517.9948533,546.4231442,590.7635081,609.1589015,649.8808711,709.6265834,769.7343111,842.4278584,874.3930244,927.7837159,1028.900012,1085.478971,1126.513268,1185.951185,1245.736876,1287.645222,1277.168061,,
Least developed countries: UN classification,LDC,"Current health expenditure per capita, PPP (current international $)",SH.XPD.CHEX.PP.CD,,,,,,,,,,,,,,,,,,,,,,,,,,,,,,,,,,,,,,,,,44.05081976,50.25427975,53.25073758,58.94505717,65.24266407,69.75748121,77.51234837,84.5090072,87.3292103,92.31914992,92.5993782,94.68101285,95.72553219,103.8517601,114.5600431,119.5138132,121.1089944,,
Low income,LIC,"Current health expenditure per capita, PPP (current international $)",SH.XPD.CHEX.PP.CD,,,,,,,,,,,,,,,,,,,,,,,,,,,,,,,,,,,,,,,,,47.39199025,51.87378611,56.47964587,61.65445412,67.00026059,71.09360586,78.08928597,82.43205438,82.990497,85.16557447,89.38016535,88.91993024,88.59518681,90.17025235,94.6118538,93.78100857,93.19950598,,
Liechtenstein,LIE,"Current health expenditure per capita, PPP (current international $)",SH.XPD.CHEX.PP.CD,,,,,,,,,,,,,,,,,,,,,,,,,,,,,,,,,,,,,,,,,,,,,,,,,,,,,,,,,,,
Sri Lanka,LKA,"Current health expenditure per capita, PPP (current international $)",SH.XPD.CHEX.PP.CD,,,,,,,,,,,,,,,,,,,,,,,,,,,,,,,,,,,,,,,,,220.7919782,218.0210336,227.2825241,212.735572,253.2344346,264.6180027,289.3182888,312.6950791,338.3428661,369.0762871,323.204386,341.7113783,345.9696737,406.6380359,407.5235667,463.7359234,491.4933648,,
Lower middle income,LMC,"Current health expenditure per capita, PPP (current international $)",SH.XPD.CHEX.PP.CD,,,,,,,,,,,,,,,,,,,,,,,,,,,,,,,,,,,,,,,,,94.48795894,105.6018155,106.7456491,117.9161407,126.7478781,139.566103,150.8305862,163.3731995,168.203305,178.4449507,178.9047484,186.042371,198.6063411,223.0909997,233.3908902,246.5926179,262.1140688,,
Low & middle income,LMY,"Current health expenditure per capita, PPP (current international $)",SH.XPD.CHEX.PP.CD,,,,,,,,,,,,,,,,,,,,,,,,,,,,,,,,,,,,,,,,,173.1864823,186.0575802,198.2873052,214.1421221,230.5260077,252.5093797,276.0966912,299.8412015,324.4836919,358.4010284,374.1379846,397.4746317,426.8232809,461.9181882,491.8986919,520.3063796,541.1196229,,
Lesotho,LSO,"Current health expenditure per capita, PPP (current international $)",SH.XPD.CHEX.PP.CD,,,,,,,,,,,,,,,,,,,,,,,,,,,,,,,,,,,,,,,,,84.8732335,95.46691781,87.81905057,87.23700704,88.47673238,84.38736429,99.77952494,141.1624044,156.5234566,188.7905636,184.8957693,223.546442,234.9687836,252.7923891,251.0451872,243.9311985,242.7299997,,
Late-demographic dividend,LTE,"Current health expenditure per capita, PPP (current international $)",SH.XPD.CHEX.PP.CD,,,,,,,,,,,,,,,,,,,,,,,,,,,,,,,,,,,,,,,,,230.9929152,246.394816,282.2539299,302.1745159,327.5921023,358.9736737,398.2653939,434.2772433,491.6009834,557.9693378,598.0435753,649.501338,717.4042863,781.2335658,839.6205562,897.275832,943.1791751,,
Lithuania,LTU,"Current health expenditure per capita, PPP (current international $)",SH.XPD.CHEX.PP.CD,,,,,,,,,,,,,,,,,,,,,,,,,,,,,,,,,,,,,,,,,521.7250359,565.4989846,641.8254833,742.120809,713.1574898,811.5751043,956.6473435,1093.086925,1298.431275,1325.740346,1351.242777,1472.81972,1542.22849,1629.12785,1738.948879,1853.699283,1978.269356,,
Luxembourg,LUX,"Current health expenditure per capita, PPP (current international $)",SH.XPD.CHEX.PP.CD,,,,,,,,,,,,,,,,,,,,,,,,,,,,,,,,,,,,,,,,,3286.174678,3606.586589,3978.726418,4216.246957,4739.694168,4942.736432,5270.474714,5276.552935,5724.765786,6090.198268,6083.701681,5694.88313,6091.070444,6339.808181,6612.947429,6420.317415,6374.203539,,
Latvia,LVA,"Current health expenditure per capita, PPP (current international $)",SH.XPD.CHEX.PP.CD,,,,,,,,,,,,,,,,,,,,,,,,,,,,,,,,,,,,,,,,,434.210357,518.9256478,578.2634083,602.3466173,756.6474765,807.5801574,899.9953664,1041.566807,1085.892285,1027.906775,1068.948685,1093.87057,1146.012893,1217.72399,1296.144268,1393.638929,1589.692045,,
"Macao SAR, China",MAC,"Current health expenditure per capita, PPP (current international $)",SH.XPD.CHEX.PP.CD,,,,,,,,,,,,,,,,,,,,,,,,,,,,,,,,,,,,,,,,,,,,,,,,,,,,,,,,,,,
St. Martin (French part),MAF,"Current health expenditure per capita, PPP (current international $)",SH.XPD.CHEX.PP.CD,,,,,,,,,,,,,,,,,,,,,,,,,,,,,,,,,,,,,,,,,,,,,,,,,,,,,,,,,,,
Morocco,MAR,"Current health expenditure per capita, PPP (current international $)",SH.XPD.CHEX.PP.CD,,,,,,,,,,,,,,,,,,,,,,,,,,,,,,,,,,,,,,,,,142.9198512,161.0070997,178.8014998,196.4347355,217.2306117,230.7266392,262.3143654,302.4925086,315.6893086,360.786297,375.6808262,389.1362924,403.5693946,415.0100768,430.1911866,426.9096324,465.6996018,,
Monaco,MCO,"Current health expenditure per capita, PPP (current international $)",SH.XPD.CHEX.PP.CD,,,,,,,,,,,,,,,,,,,,,,,,,,,,,,,,,,,,,,,,,1629.194894,1744.302418,1852.747142,2101.666264,2214.765468,2300.995931,2331.022796,2399.929588,2608.069643,2687.758958,2795.950424,2888.501113,3005.17324,3250.542085,3468.001841,3406.496395,3019.134645,,
Moldova,MDA,"Current health expenditure per capita, PPP (current international $)",SH.XPD.CHEX.PP.CD,,,,,,,,,,,,,,,,,,,,,,,,,,,,,,,,,,,,,,,,,111.1288367,124.7023017,162.404242,167.8202883,237.3060519,281.0857185,335.9351689,372.1856249,407.3895966,482.6694025,465.6907307,455.9382794,461.8686135,485.2376096,515.7983536,514.257167,480.3830005,,
Madagascar,MDG,"Current health expenditure per capita, PPP (current international $)",SH.XPD.CHEX.PP.CD,,,,,,,,,,,,,,,,,,,,,,,,,,,,,,,,,,,,,,,,,61.643618,68.7816495,61.12500944,54.24420719,64.8522264,68.37171381,73.08905609,71.7556092,66.10046391,66.41475515,72.23226745,68.13010317,55.47505728,59.72373599,73.46174226,80.71873523,90.42908953,,
Maldives,MDV,"Current health expenditure per capita, PPP (current international $)",SH.XPD.CHEX.PP.CD,,,,,,,,,,,,,,,,,,,,,,,,,,,,,,,,,,,,,,,,,784.4094607,568.8372912,635.6002096,604.4935922,707.8376092,728.936442,841.3615092,935.2628763,1404.433343,1124.310065,998.3759486,1003.383793,1113.946527,1107.084875,1144.392247,1298.722179,1628.542879,,
Middle East & North Africa,MEA,"Current health expenditure per capita, PPP (current international $)",SH.XPD.CHEX.PP.CD,,,,,,,,,,,,,,,,,,,,,,,,,,,,,,,,,,,,,,,,,481.6425224,531.1113067,532.9525795,535.3695101,555.0866935,566.7941874,598.4505141,634.1165882,648.215186,790.6933126,779.2120488,800.9554805,827.4652345,885.6774712,991.1309123,1087.868176,1287.686506,,
Mexico,MEX,"Current health expenditure per capita, PPP (current international $)",SH.XPD.CHEX.PP.CD,,,,,,,,,,,,,,,,,,,,,,,,,,,,,,,,,,,,,,,,,480.4635816,524.4019644,552.867287,636.9909567,685.1027055,721.914257,759.9238382,807.3005599,786.6571276,818.5138363,854.5689153,886.0812513,943.3450639,978.9305664,968.0139215,974.4987939,971.8231599,,
Marshall Islands,MHL,"Current health expenditure per capita, PPP (current international $)",SH.XPD.CHEX.PP.CD,,,,,,,,,,,,,,,,,,,,,,,,,,,,,,,,,,,,,,,,,577.232523,528.6517067,491.948719,501.1818215,586.2958091,757.8026129,825.9408293,731.7302979,697.8154588,664.1513237,658.0522126,668.7076963,690.161819,749.7519502,729.0816152,884.4030612,934.4448806,,
Middle income,MIC,"Current health expenditure per capita, PPP (current international $)",SH.XPD.CHEX.PP.CD,,,,,,,,,,,,,,,,,,,,,,,,,,,,,,,,,,,,,,,,,183.6769575,197.4111603,211.1490761,228.1232346,245.7671214,269.6986212,295.1725722,321.1407176,348.5375282,386.0540216,403.3288449,429.5654676,462.5343428,500.3476001,533.6430905,565.8720715,588.1457075,,
North Macedonia,MKD,"Current health expenditure per capita, PPP (current international $)",SH.XPD.CHEX.PP.CD,,,,,,,,,,,,,,,,,,,,,,,,,,,,,,,,,,,,,,,,,543.3908303,505.7274385,566.1260824,585.7535831,594.9089287,598.5169493,635.3692075,608.9220865,685.5255239,713.1588026,757.9134648,756.9119444,783.0932932,850.285714,840.9907528,875.8286575,934.575011,,
Mali,MLI,"Current health expenditure per capita, PPP (current international $)",SH.XPD.CHEX.PP.CD,,,,,,,,,,,,,,,,,,,,,,,,,,,,,,,,,,,,,,,,,59.15977598,57.02227094,58.7529048,67.60172495,76.74452285,78.14948841,85.9536433,88.25445308,83.49829717,83.29823117,81.20706466,76.85625532,80.91113867,97.43437107,88.04684223,84.02325289,81.18253226,,
Malta,MLT,"Current health expenditure per capita, PPP (current international $)",SH.XPD.CHEX.PP.CD,,,,,,,,,,,,,,,,,,,,,,,,,,,,,,,,,,,,,,,,,1199.602357,1295.764697,1516.914495,1657.631265,1738.693039,1940.511162,2055.952929,2049.97564,2094.444934,2119.762588,2287.969647,2455.707406,2664.364676,2986.362467,3166.836672,3389.006631,3511.136456,,
Myanmar,MMR,"Current health expenditure per capita, PPP (current international $)",SH.XPD.CHEX.PP.CD,,,,,,,,,,,,,,,,,,,,,,,,,,,,,,,,,,,,,,,,,21.91583821,24.18336141,31.00041016,34.08767194,39.12857017,42.69902803,46.53939774,50.82631127,59.74084872,68.29677799,67.66923883,65.76457086,82.19587814,97.38026795,252.734435,279.6689088,291.0885467,,
Middle East & North Africa (excluding high income),MNA,"Current health expenditure per capita, PPP (current international $)",SH.XPD.CHEX.PP.CD,,,,,,,,,,,,,,,,,,,,,,,,,,,,,,,,,,,,,,,,,334.6367954,373.8176676,381.128425,390.7584519,414.2965772,428.7710883,451.0145528,483.0773297,510.6399264,599.0526009,613.7926436,621.9286406,622.6412594,637.2492793,700.9037548,741.6658499,904.7033217,,
Montenegro,MNE,"Current health expenditure per capita, PPP (current international $)",SH.XPD.CHEX.PP.CD,,,,,,,,,,,,,,,,,,,,,,,,,,,,,,,,,,,,,,,,,,,,,,,,,,,,,,,,,1333.9299,,
Mongolia,MNG,"Current health expenditure per capita, PPP (current international $)",SH.XPD.CHEX.PP.CD,,,,,,,,,,,,,,,,,,,,,,,,,,,,,,,,,,,,,,,,,228.98823,200.5459907,240.1860065,179.5906075,204.5903529,202.1951178,198.4660786,239.7229205,289.35038,278.4586045,253.3898055,288.2927452,350.5850821,418.5619659,445.5133202,471.8075028,466.6912181,,
Northern Mariana Islands,MNP,"Current health expenditure per capita, PPP (current international $)",SH.XPD.CHEX.PP.CD,,,,,,,,,,,,,,,,,,,,,,,,,,,,,,,,,,,,,,,,,,,,,,,,,,,,,,,,,,,
Mozambique,MOZ,"Current health expenditure per capita, PPP (current international $)",SH.XPD.CHEX.PP.CD,,,,,,,,,,,,,,,,,,,,,,,,,,,,,,,,,,,,,,,,,16.83303301,24.46412081,27.08169878,29.65120911,30.23354362,41.85951439,43.99036804,42.29415807,37.33293143,42.01504722,45.49039644,42.12972307,52.12397622,57.17583323,66.6991115,61.70759636,61.64512077,,
Mauritania,MRT,"Current health expenditure per capita, PPP (current international $)",SH.XPD.CHEX.PP.CD,,,,,,,,,,,,,,,,,,,,,,,,,,,,,,,,,,,,,,,,,97.31678301,102.3030053,113.7401721,117.8000764,112.133223,118.7293903,107.4991099,117.922804,123.5785714,123.2515437,108.3736401,106.7703204,117.9226841,133.8745974,158.2624037,177.0806661,163.9174489,,
Mauritius,MUS,"Current health expenditure per capita, PPP (current international $)",SH.XPD.CHEX.PP.CD,,,,,,,,,,,,,,,,,,,,,,,,,,,,,,,,,,,,,,,,,270.5557227,287.9066828,323.2221752,346.0706594,387.2768259,428.0360896,452.9446115,478.1143296,571.8839677,627.9044813,716.5864181,714.240343,745.9963399,856.6392223,1059.698592,1147.854245,1206.739779,,
Malawi,MWI,"Current health expenditure per capita, PPP (current international $)",SH.XPD.CHEX.PP.CD,,,,,,,,,,,,,,,,,,,,,,,,,,,,,,,,,,,,,,,,,39.9028792,33.43098862,24.62999616,32.01581165,41.39321273,45.29759486,54.21796892,65.58015612,78.3226508,79.74556085,73.28798924,78.7732543,89.78486704,127.2775885,111.5561843,108.6948598,115.156902,,
Malaysia,MYS,"Current health expenditure per capita, PPP (current international $)",SH.XPD.CHEX.PP.CD,,,,,,,,,,,,,,,,,,,,,,,,,,,,,,,,,,,,,,,,,356.0670333,380.9705012,398.6443695,461.6958158,485.8709762,485.9450485,578.7608984,628.2985998,641.6877309,667.33802,667.7106736,739.3666875,815.928077,858.4546989,961.6522658,1037.658054,1052.54758,,
North America,NAC,"Current health expenditure per capita, PPP (current international $)",SH.XPD.CHEX.PP.CD,,,,,,,,,,,,,,,,,,,,,,,,,,,,,,,,,,,,,,,,,4349.797082,4684.488063,5074.192237,5459.354396,5802.050351,6139.259804,6491.857702,6828.706456,7062.881416,7341.591985,7586.042205,7774.604184,8025.949919,8220.871083,8600.320232,9032.885755,9351.852668,,
Namibia,NAM,"Current health expenditure per capita, PPP (current international $)",SH.XPD.CHEX.PP.CD,,,,,,,,,,,,,,,,,,,,,,,,,,,,,,,,,,,,,,,,,499.9412494,503.4332105,534.0022059,600.5925489,680.0610122,801.694839,855.8843663,833.8796626,776.9922995,644.7322935,784.8149261,847.3033387,839.2001712,827.039702,831.2168612,1046.708828,969.2581347,,
New Caledonia,NCL,"Current health expenditure per capita, PPP (current international $)",SH.XPD.CHEX.PP.CD,,,,,,,,,,,,,,,,,,,,,,,,,,,,,,,,,,,,,,,,,,,,,,,,,,,,,,,,,,,
Niger,NER,"Current health expenditure per capita, PPP (current international $)",SH.XPD.CHEX.PP.CD,,,,,,,,,,,,,,,,,,,,,,,,,,,,,,,,,,,,,,,,,34.12834709,37.79232094,39.46909578,38.71373261,41.3898645,50.36605631,55.39244639,53.02047019,54.81891976,53.84991485,51.93978528,53.2942447,51.32686352,53.94741945,55.7300991,68.30457835,61.43025084,,
Nigeria,NGA,"Current health expenditure per capita, PPP (current international $)",SH.XPD.CHEX.PP.CD,,,,,,,,,,,,,,,,,,,,,,,,,,,,,,,,,,,,,,,,,87.06565227,103.6189004,82.31369022,179.6104308,211.279852,212.9363839,238.4339601,255.9103426,266.2874423,293.752491,164.4821354,173.0124397,181.2336233,192.6284008,198.8526733,215.7272389,213.7372371,,
Nicaragua,NIC,"Current health expenditure per capita, PPP (current international $)",SH.XPD.CHEX.PP.CD,,,,,,,,,,,,,,,,,,,,,,,,,,,,,,,,,,,,,,,,,142.8643119,146.0664524,153.4005806,143.4992127,170.0982314,185.190146,201.2595779,245.2302182,259.5246551,271.4442157,256.6332251,300.1044147,338.6181931,350.1249733,390.4924018,418.1570618,484.5322902,,
Netherlands,NLD,"Current health expenditure per capita, PPP (current international $)",SH.XPD.CHEX.PP.CD,,,,,,,,,,,,,,,,,,,,,,,,,,,,,,,,,,,,,,,,,2237.905549,2454.541236,2711.071359,2855.923316,3023.329196,3457.746182,3730.897081,4021.303901,4370.681273,4519.975959,4645.033713,4857.288849,5100.304079,5311.220869,5289.130363,5160.339644,5251.241578,,
Norway,NOR,"Current health expenditure per capita, PPP (current international $)",SH.XPD.CHEX.PP.CD,,,,,,,,,,,,,,,,,,,,,,,,,,,,,,,,,,,,,,,,,2856.471331,3040.199879,3429.115817,3561.953537,3763.165704,3995.396616,4300.555017,4524.679191,4945.300013,5054.906202,5195.667773,5492.077114,5774.39197,6012.884331,6192.903594,6268.112398,6203.454703,,
Nepal,NPL,"Current health expenditure per capita, PPP (current international $)",SH.XPD.CHEX.PP.CD,,,,,,,,,,,,,,,,,,,,,,,,,,,,,,,,,,,,,,,,,46.81989184,55.89416139,57.73666319,59.00506405,65.65323996,67.58753566,63.84370718,69.51014,77.39001126,82.48461377,96.79902349,103.1472244,110.7007387,119.2423471,137.6953081,153.2670833,155.9695883,,
Nauru,NRU,"Current health expenditure per capita, PPP (current international $)",SH.XPD.CHEX.PP.CD,,,,,,,,,,,,,,,,,,,,,,,,,,,,,,,,,,,,,,,,,740.7251991,746.7770451,732.1604194,725.8204132,598.7519751,509.4691941,579.3609948,868.4997568,1348.577461,585.3995362,708.8596509,660.8363854,713.9852137,616.748506,901.2923442,1183.382957,1246.30218,,
New Zealand,NZL,"Current health expenditure per capita, PPP (current international $)",SH.XPD.CHEX.PP.CD,,,,,,,,,,,,,,,,,,,,,,,,,,,,,,,,,,,,,,,,,1606.230405,1694.586941,1834.47075,1852.765582,1985.424898,2123.634939,2396.36911,2439.990468,2709.593924,2940.24788,2984.613167,3088.916758,3141.435962,3335.738338,3467.661107,3509.57187,3664.721546,,
OECD members,OED,"Current health expenditure per capita, PPP (current international $)",SH.XPD.CHEX.PP.CD,,,,,,,,,,,,,,,,,,,,,,,,,,,,,,,,,,,,,,,,,2309.524368,2482.338749,2664.107849,2833.752553,3001.563319,3170.324502,3382.148413,3563.960231,3737.649272,3908.646841,4044.025564,4221.816848,4354.587004,4533.460523,4693.496959,4874.676288,5040.76468,,
Oman,OMN,"Current health expenditure per capita, PPP (current international $)",SH.XPD.CHEX.PP.CD,,,,,,,,,,,,,,,,,,,,,,,,,,,,,,,,,,,,,,,,,1067.667966,1134.128774,1155.803452,1119.92774,1066.216467,955.1644742,900.902115,983.4378799,868.7391187,1250.096375,1218.872889,1074.25382,1117.475737,1208.63975,1497.212629,1815.504829,2826.846956,,
Other small states,OSS,"Current health expenditure per capita, PPP (current international $)",SH.XPD.CHEX.PP.CD,,,,,,,,,,,,,,,,,,,,,,,,,,,,,,,,,,,,,,,,,478.633256,512.1794107,515.5816976,589.9982334,618.9816691,620.0935255,658.8515372,703.7378546,740.3597756,823.4568848,806.3817496,820.3337071,865.7056286,935.9773891,1002.426445,1157.820659,1161.224889,,
Pakistan,PAK,"Current health expenditure per capita, PPP (current international $)",SH.XPD.CHEX.PP.CD,,,,,,,,,,,,,,,,,,,,,,,,,,,,,,,,,,,,,,,,,86.16286251,82.57426753,88.48998564,79.5903787,83.0360632,104.2957224,115.2221061,126.7953459,119.9914301,108.8838756,108.9848117,101.0392367,104.9437897,120.2428077,131.2221287,134.3635841,144.1238241,,
Panama,PAN,"Current health expenditure per capita, PPP (current international $)",SH.XPD.CHEX.PP.CD,,,,,,,,,,,,,,,,,,,,,,,,,,,,,,,,,,,,,,,,,589.6938857,587.722876,609.9586095,605.829746,691.9906858,655.3292924,761.8893096,923.9841378,1003.103261,1025.583481,1103.03812,1131.183014,1233.213737,1333.362994,1468.881679,1558.531347,1750.298851,,
Peru,PER,"Current health expenditure per capita, PPP (current international $)",SH.XPD.CHEX.PP.CD,,,,,,,,,,,,,,,,,,,,,,,,,,,,,,,,,,,,,,,,,235.0748211,260.1638992,287.8343217,301.5240481,298.7553842,303.2129551,330.7702297,358.1174137,401.1504286,447.1090059,463.6220524,479.4405984,529.2868804,572.6322383,621.8345592,652.5113978,680.9994927,,
Philippines,PHL,"Current health expenditure per capita, PPP (current international $)",SH.XPD.CHEX.PP.CD,,,,,,,,,,,,,,,,,,,,,,,,,,,,,,,,,,,,,,,,,105.6279803,101.6595714,97.1665548,119.0090579,126.9919408,165.9690387,178.9498529,191.3283571,205.4456245,222.7041119,236.4955455,240.0503438,266.815349,291.3373277,286.3536468,316.3457164,342.286822,,
Palau,PLW,"Current health expenditure per capita, PPP (current international $)",SH.XPD.CHEX.PP.CD,,,,,,,,,,,,,,,,,,,,,,,,,,,,,,,,,,,,,,,,,948.490699,893.502706,988.8579095,1021.859868,1292.508578,1196.60833,1251.010645,1331.99103,1226.309911,1190.970749,1409.129902,1352.789703,1553.228748,1592.917605,1716.54167,1679.022261,1891.917323,,
Papua New Guinea,PNG,"Current health expenditure per capita, PPP (current international $)",SH.XPD.CHEX.PP.CD,,,,,,,,,,,,,,,,,,,,,,,,,,,,,,,,,,,,,,,,,67.50078977,78.8732176,87.15713143,83.09404015,92.95822528,88.64914683,60.27077107,66.5779153,58.29440431,66.85495441,65.90378608,72.38426318,87.74422124,101.8178308,137.5472739,112.5763765,92.26734054,,
Poland,POL,"Current health expenditure per capita, PPP (current international $)",SH.XPD.CHEX.PP.CD,,,,,,,,,,,,,,,,,,,,,,,,,,,,,,,,,,,,,,,,,564.2499952,630.8694799,715.9719547,730.4923206,783.0546563,806.7966912,878.0979387,985.643087,1167.312178,1268.031393,1353.132398,1424.492023,1477.885467,1575.04727,1599.481235,1686.15661,1784.396984,,
Pre-demographic dividend,PRE,"Current health expenditure per capita, PPP (current international $)",SH.XPD.CHEX.PP.CD,,,,,,,,,,,,,,,,,,,,,,,,,,,,,,,,,,,,,,,,,65.79345517,75.69515795,71.56508402,102.8791673,124.2580504,125.0362884,137.1048993,149.9945075,153.8920295,166.1143956,132.9223521,134.3339945,136.4267138,148.5224711,149.8232786,161.2452356,145.9505871,,
Puerto Rico,PRI,"Current health expenditure per capita, PPP (current international $)",SH.XPD.CHEX.PP.CD,,,,,,,,,,,,,,,,,,,,,,,,,,,,,,,,,,,,,,,,,,,,,,,,,,,,,,,,,,,
"Korea, Dem. People’s Rep.",PRK,"Current health expenditure per capita, PPP (current international $)",SH.XPD.CHEX.PP.CD,,,,,,,,,,,,,,,,,,,,,,,,,,,,,,,,,,,,,,,,,,,,,,,,,,,,,,,,,,,
Portugal,PRT,"Current health expenditure per capita, PPP (current international $)",SH.XPD.CHEX.PP.CD,,,,,,,,,,,,,,,,,,,,,,,,,,,,,,,,,,,,,,,,,1587.797525,1648.642155,1747.259802,1857.553863,1999.038774,2146.888661,2255.055375,2332.345103,2491.86194,2615.697772,2684.038643,2548.804749,2466.533209,2528.685092,2587.090809,2645.322703,2778.415587,,
Paraguay,PRY,"Current health expenditure per capita, PPP (current international $)",SH.XPD.CHEX.PP.CD,,,,,,,,,,,,,,,,,,,,,,,,,,,,,,,,,,,,,,,,,277.5747867,263.2148702,223.5601486,246.3745524,262.2531296,271.423906,307.7004599,332.7707409,363.6139214,392.2518849,444.6577686,504.9974299,567.3886495,593.3793986,682.9362857,719.394587,767.7671156,,
West Bank and Gaza,PSE,"Current health expenditure per capita, PPP (current international $)",SH.XPD.CHEX.PP.CD,,,,,,,,,,,,,,,,,,,,,,,,,,,,,,,,,,,,,,,,,,,,,,,,,,,,,,,,,,,
Pacific island small states,PSS,"Current health expenditure per capita, PPP (current international $)",SH.XPD.CHEX.PP.CD,,,,,,,,,,,,,,,,,,,,,,,,,,,,,,,,,,,,,,,,,167.5652744,164.2174321,173.717799,177.9680614,205.954733,225.2534112,237.1327814,238.3313717,239.4189211,239.5526785,240.594918,239.7589585,240.9510341,251.9353905,268.5469569,272.0267987,278.3427232,,
Post-demographic dividend,PST,"Current health expenditure per capita, PPP (current international $)",SH.XPD.CHEX.PP.CD,,,,,,,,,,,,,,,,,,,,,,,,,,,,,,,,,,,,,,,,,2541.53454,2737.387506,2944.751445,3139.688317,3326.858036,3524.096704,3762.289456,3968.490553,4166.913416,4364.182067,4520.06919,4725.83409,4877.730794,5087.188128,5281.465102,5502.743863,5691.538958,,
French Polynesia,PYF,"Current health expenditure per capita, PPP (current international $)",SH.XPD.CHEX.PP.CD,,,,,,,,,,,,,,,,,,,,,,,,,,,,,,,,,,,,,,,,,,,,,,,,,,,,,,,,,,,
Qatar,QAT,"Current health expenditure per capita, PPP (current international $)",SH.XPD.CHEX.PP.CD,,,,,,,,,,,,,,,,,,,,,,,,,,,,,,,,,,,,,,,,,1724.640953,2027.338144,2237.597011,3188.993919,3087.575757,2511.725239,2397.967173,2209.337443,1840.339393,2435.685517,2193.774572,2069.549525,2230.909125,2634.970694,3084.887222,3952.476129,3926.121037,,
Romania,ROU,"Current health expenditure per capita, PPP (current international $)",SH.XPD.CHEX.PP.CD,,,,,,,,,,,,,,,,,,,,,,,,,,,,,,,,,,,,,,,,,245.9908973,281.8121083,326.2674401,404.5975114,490.5678541,529.2299542,583.7733275,679.2209146,838.9413216,874.794564,977.4452468,839.4568653,891.6528226,1026.398051,1035.607942,1063.185684,1152.175449,,
Russian Federation,RUS,"Current health expenditure per capita, PPP (current international $)",SH.XPD.CHEX.PP.CD,,,,,,,,,,,,,,,,,,,,,,,,,,,,,,,,,,,,,,,,,367.6057295,414.3258374,475.8830331,512.1977856,521.9407155,604.0281165,760.3366204,844.9024938,1056.879571,1169.828839,1089.469201,1159.927505,1269.752678,1329.742542,1355.600949,1328.253037,1329.29242,,
Rwanda,RWA,"Current health expenditure per capita, PPP (current international $)",SH.XPD.CHEX.PP.CD,,,,,,,,,,,,,,,,,,,,,,,,,,,,,,,,,,,,,,,,,28.33158566,28.17023247,30.04231169,69.81493684,77.32227417,85.58536915,95.19843928,104.6569676,108.8432207,114.1187307,124.2638778,120.5775819,129.7599524,120.1640011,117.3759757,119.3613243,130.380629,,
South Asia,SAS,"Current health expenditure per capita, PPP (current international $)",SH.XPD.CHEX.PP.CD,,,,,,,,,,,,,,,,,,,,,,,,,,,,,,,,,,,,,,,,,79.03787956,85.99635323,89.1373656,89.86087718,96.88883539,104.8800997,112.2321176,120.8925175,125.3981812,132.0920926,135.6486525,139.4797974,150.5183395,178.5530802,187.5362911,201.2624776,217.3307807,,
Saudi Arabia,SAU,"Current health expenditure per capita, PPP (current international $)",SH.XPD.CHEX.PP.CD,,,,,,,,,,,,,,,,,,,,,,,,,,,,,,,,,,,,,,,,,1437.82391,1500.112418,1370.961445,1414.58068,1372.431815,1386.172761,1512.203238,1514.700032,1332.25692,1847.278382,1623.386589,1801.129364,2032.863259,2289.32912,2751.377445,3252.426234,3117.233527,,
Sudan,SDN,"Current health expenditure per capita, PPP (current international $)",SH.XPD.CHEX.PP.CD,,,,,,,,,,,,,,,,,,,,,,,,,,,,,,,,,,,,,,,,,87.26968705,96.21328669,102.1159126,127.3438954,145.2412199,165.5862627,208.8437596,278.0972999,263.2891031,291.8772085,243.6406081,265.5792895,220.1694813,272.0129372,234.1847992,288.4135835,297.8559082,,
Senegal,SEN,"Current health expenditure per capita, PPP (current international $)",SH.XPD.CHEX.PP.CD,,,,,,,,,,,,,,,,,,,,,,,,,,,,,,,,,,,,,,,,,68.56492844,77.3972481,80.55200344,90.63527281,101.1693171,86.45768272,89.5085153,83.10535805,89.22540454,97.81934928,104.2309872,109.352301,114.8713247,126.9754503,133.5607814,136.6757348,141.6948615,,
Singapore,SGP,"Current health expenditure per capita, PPP (current international $)",SH.XPD.CHEX.PP.CD,,,,,,,,,,,,,,,,,,,,,,,,,,,,,,,,,,,,,,,,,1413.460604,1323.538391,1447.651952,1610.337925,1540.514485,1594.675031,1689.918877,1783.055482,2036.46945,2107.019115,2278.868977,2380.778362,2629.383837,3045.213336,3326.289361,3696.753054,4083.751681,,
Solomon Islands,SLB,"Current health expenditure per capita, PPP (current international $)",SH.XPD.CHEX.PP.CD,,,,,,,,,,,,,,,,,,,,,,,,,,,,,,,,,,,,,,,,,65.51007531,84.7472984,90.64224942,95.71977409,111.7265938,149.8934725,146.6588028,144.2268324,142.0335355,130.3955518,128.5813184,147.1436635,120.3524819,123.2831244,126.9364171,117.3645727,117.7578748,,
Sierra Leone,SLE,"Current health expenditure per capita, PPP (current international $)",SH.XPD.CHEX.PP.CD,,,,,,,,,,,,,,,,,,,,,,,,,,,,,,,,,,,,,,,,,121.5943477,73.36341667,93.72365413,94.41886062,100.0399936,104.4820792,102.1093025,106.3315369,109.6994628,125.1871638,128.58581,165.5138995,151.2775239,198.1356623,351.6405857,286.0707044,244.0434511,,
El Salvador,SLV,"Current health expenditure per capita, PPP (current international $)",SH.XPD.CHEX.PP.CD,,,,,,,,,,,,,,,,,,,,,,,,,,,,,,,,,,,,,,,,,409.7797519,412.5199056,414.0986396,411.6445491,424.8791583,445.3304322,441.4282586,443.0792559,447.8410789,478.85011,494.5490826,512.3434705,515.4446424,550.8003688,562.237701,573.4180515,599.5487168,,
San Marino,SMR,"Current health expenditure per capita, PPP (current international $)",SH.XPD.CHEX.PP.CD,,,,,,,,,,,,,,,,,,,,,,,,,,,,,,,,,,,,,,,,,2705.519144,2858.93733,2641.950245,2453.529478,2734.063575,2789.633327,3064.182256,3320.189973,3720.787462,3855.111889,3750.739312,3885.695045,3950.28887,3874.374805,3801.333262,3564.179975,3831.99806,,
Somalia,SOM,"Current health expenditure per capita, PPP (current international $)",SH.XPD.CHEX.PP.CD,,,,,,,,,,,,,,,,,,,,,,,,,,,,,,,,,,,,,,,,,,,,,,,,,,,,,,,,,,,
Serbia,SRB,"Current health expenditure per capita, PPP (current international $)",SH.XPD.CHEX.PP.CD,,,,,,,,,,,,,,,,,,,,,,,,,,,,,,,,,,,,,,,,,371.7867192,421.6577585,548.1241544,584.7016963,664.5924468,759.0380356,864.7476942,1050.084199,1197.108806,1170.050323,1218.021417,1250.039874,1296.61309,1359.004883,1352.353712,1303.449059,1322.563548,,
Sub-Saharan Africa (excluding high income),SSA,"Current health expenditure per capita, PPP (current international $)",SH.XPD.CHEX.PP.CD,,,,,,,,,,,,,,,,,,,,,,,,,,,,,,,,,,,,,,,,,100.9634305,110.8277585,104.7560314,129.42741,142.9615286,149.9326362,161.288961,172.6382066,177.3493859,187.8292717,167.0962188,171.421469,174.9091719,184.6691727,188.5441489,199.7404484,197.9105525,,
South Sudan,SSD,"Current health expenditure per capita, PPP (current international $)",SH.XPD.CHEX.PP.CD,,,,,,,,,,,,,,,,,,,,,,,,,,,,,,,,,,,,,,,,,,,,,,,,,,,,,,,,,,,
Sub-Saharan Africa,SSF,"Current health expenditure per capita, PPP (current international $)",SH.XPD.CHEX.PP.CD,,,,,,,,,,,,,,,,,,,,,,,,,,,,,,,,,,,,,,,,,101.0375316,110.8933688,104.8192485,129.4883701,143.0114353,149.9817325,161.3396336,172.6860299,177.3824363,187.8596224,167.1529321,171.4769175,174.9861809,184.7306069,188.6067815,199.8047152,197.9983145,,
Small states,SST,"Current health expenditure per capita, PPP (current international $)",SH.XPD.CHEX.PP.CD,,,,,,,,,,,,,,,,,,,,,,,,,,,,,,,,,,,,,,,,,451.9288698,473.1351587,487.4606943,544.3436884,582.0009979,587.3482494,623.882723,667.418836,694.4379441,773.095465,760.3028621,770.2297542,805.9932511,869.1260997,925.8931847,1058.491439,1068.343273,,
Sao Tome and Principe,STP,"Current health expenditure per capita, PPP (current international $)",SH.XPD.CHEX.PP.CD,,,,,,,,,,,,,,,,,,,,,,,,,,,,,,,,,,,,,,,,,197.3181375,192.9665164,181.0309382,221.9936036,217.9568561,228.6577974,181.6838082,184.0143605,172.7167792,176.222506,176.9775644,181.9881443,179.2815707,228.8275117,205.4434301,167.6038376,196.8968792,,
Suriname,SUR,"Current health expenditure per capita, PPP (current international $)",SH.XPD.CHEX.PP.CD,,,,,,,,,,,,,,,,,,,,,,,,,,,,,,,,,,,,,,,,,690.7454878,571.4707201,717.982552,718.9030274,853.0898613,872.5205722,761.9794559,721.6727583,737.6022926,760.284305,772.779347,802.9401054,823.2845478,876.4369603,907.2875536,1054.426917,907.6043907,,
Slovak Republic,SVK,"Current health expenditure per capita, PPP (current international $)",SH.XPD.CHEX.PP.CD,,,,,,,,,,,,,,,,,,,,,,,,,,,,,,,,,,,,,,,,,602.1265629,661.2098913,733.1546796,771.5342572,984.5814933,1096.344674,1294.609902,1521.879872,1651.42534,1835.808789,1949.604757,1918.635913,2035.447932,2101.071735,1999.391673,2028.355297,2172.16039,,
Slovenia,SVN,"Current health expenditure per capita, PPP (current international $)",SH.XPD.CHEX.PP.CD,,,,,,,,,,,,,,,,,,,,,,,,,,,,,,,,,,,,,,,,,1405.624293,1495.708061,1624.022339,1708.445307,1806.648036,1910.003128,2013.862026,2076.513912,2338.096575,2360.458014,2387.38829,2472.896696,2533.160303,2621.224223,2625.702118,2676.208687,2772.229776,,
Sweden,SWE,"Current health expenditure per capita, PPP (current international $)",SH.XPD.CHEX.PP.CD,,,,,,,,,,,,,,,,,,,,,,,,,,,,,,,,,,,,,,,,,2172.67242,2386.356448,2562.328784,2668.832624,2776.379801,2817.270424,3065.183975,3288.328378,3493.242642,3562.251932,3546.880687,4689.288393,4910.949434,5093.689633,5210.925768,5299.966773,5386.734023,,
Eswatini,SWZ,"Current health expenditure per capita, PPP (current international $)",SH.XPD.CHEX.PP.CD,,,,,,,,,,,,,,,,,,,,,,,,,,,,,,,,,,,,,,,,,213.3442172,215.9582903,228.3829807,265.2744064,290.1820813,344.9220053,393.0089672,415.5981958,487.7755529,479.0609384,605.831278,614.8766069,563.4152921,598.8106755,618.0095299,627.2769568,663.2525798,,
Sint Maarten (Dutch part),SXM,"Current health expenditure per capita, PPP (current international $)",SH.XPD.CHEX.PP.CD,,,,,,,,,,,,,,,,,,,,,,,,,,,,,,,,,,,,,,,,,,,,,,,,,,,,,,,,,,,
Seychelles,SYC,"Current health expenditure per capita, PPP (current international $)",SH.XPD.CHEX.PP.CD,,,,,,,,,,,,,,,,,,,,,,,,,,,,,,,,,,,,,,,,,684.0238967,640.3811631,612.8626309,638.2686204,572.361848,581.8107468,609.7597821,605.2756379,477.7783627,470.2280673,702.4975959,723.6424922,955.348906,812.7610093,836.3909353,867.6939169,1122.563754,,
Syrian Arab Republic,SYR,"Current health expenditure per capita, PPP (current international $)",SH.XPD.CHEX.PP.CD,,,,,,,,,,,,,,,,,,,,,,,,,,,,,,,,,,,,,,,,,144.8544121,152.781498,171.975806,186.1690135,175.1729519,171.6056699,167.4524739,171.0473441,160.983829,175.2858223,169.4649826,184.8743046,159.7160936,,,,,,
Turks and Caicos Islands,TCA,"Current health expenditure per capita, PPP (current international $)",SH.XPD.CHEX.PP.CD,,,,,,,,,,,,,,,,,,,,,,,,,,,,,,,,,,,,,,,,,,,,,,,,,,,,,,,,,,,
Chad,TCD,"Current health expenditure per capita, PPP (current international $)",SH.XPD.CHEX.PP.CD,,,,,,,,,,,,,,,,,,,,,,,,,,,,,,,,,,,,,,,,,48.61965063,51.86215917,75.4896272,64.42830752,85.08241692,77.57403893,78.10136847,71.55695975,67.98132307,75.60816042,76.76163087,72.96403793,71.71871456,99.89789352,99.96864279,99.64996053,94.95477954,,
East Asia & Pacific (IDA & IBRD countries),TEA,"Current health expenditure per capita, PPP (current international $)",SH.XPD.CHEX.PP.CD,,,,,,,,,,,,,,,,,,,,,,,,,,,,,,,,,,,,,,,,,125.3887755,132.5402177,146.1766031,164.9400372,178.7572723,201.5472696,220.5127709,241.1629177,273.4235558,322.5430254,347.9059628,390.349303,445.0848483,496.295958,547.4720398,600.3003792,647.387596,,
Europe & Central Asia (IDA & IBRD countries),TEC,"Current health expenditure per capita, PPP (current international $)",SH.XPD.CHEX.PP.CD,,,,,,,,,,,,,,,,,,,,,,,,,,,,,,,,,,,,,,,,,340.4946902,375.4153005,419.3437148,456.0279218,493.4917946,548.9887043,641.2229722,705.1763289,818.5430031,879.3231105,876.7383153,911.3801502,975.8913594,1030.197116,1053.409662,1062.712126,1097.142406,,
Togo,TGO,"Current health expenditure per capita, PPP (current international $)",SH.XPD.CHEX.PP.CD,,,,,,,,,,,,,,,,,,,,,,,,,,,,,,,,,,,,,,,,,38.05205552,37.39818244,38.15290281,44.00359956,43.98234223,44.44428828,48.0482466,51.89028383,52.23588691,60.2481495,74.82199954,76.04465566,78.67716308,87.96544002,89.80630554,91.80855556,99.90314053,,
Thailand,THA,"Current health expenditure per capita, PPP (current international $)",SH.XPD.CHEX.PP.CD,,,,,,,,,,,,,,,,,,,,,,,,,,,,,,,,,,,,,,,,,225.8800192,231.0554994,272.1445922,287.1949194,301.4856874,324.2541995,342.0712541,379.2388188,423.9492957,441.6163013,447.9589788,482.968737,518.3798223,527.8511036,577.6794024,598.1894628,635.021796,,
Tajikistan,TJK,"Current health expenditure per capita, PPP (current international $)",SH.XPD.CHEX.PP.CD,,,,,,,,,,,,,,,,,,,,,,,,,,,,,,,,,,,,,,,,,40.33726581,46.45997959,50.25988395,59.66898228,67.51691723,79.12098557,82.02629689,98.2984896,112.502481,114.6048603,118.3538425,129.5934851,141.5962896,160.0974595,180.4661774,192.7181231,208.5064842,,
Turkmenistan,TKM,"Current health expenditure per capita, PPP (current international $)",SH.XPD.CHEX.PP.CD,,,,,,,,,,,,,,,,,,,,,,,,,,,,,,,,,,,,,,,,,291.279788,363.500699,315.3926419,399.3882683,530.0139889,552.5929946,550.0565266,389.4210644,501.7420772,430.835393,486.7106985,549.0229043,595.1194067,705.5107607,830.0700734,1005.454813,1116.859985,,
Latin America & the Caribbean (IDA & IBRD countries),TLA,"Current health expenditure per capita, PPP (current international $)",SH.XPD.CHEX.PP.CD,,,,,,,,,,,,,,,,,,,,,,,,,,,,,,,,,,,,,,,,,516.9860046,544.0624583,587.8112103,605.5802812,647.3071321,701.6812665,758.4603074,821.7038661,851.9707651,902.5666995,1009.028964,1064.488519,1112.059948,1166.433332,1218.74451,1253.15125,1254.107077,,
Timor-Leste,TLS,"Current health expenditure per capita, PPP (current international $)",SH.XPD.CHEX.PP.CD,,,,,,,,,,,,,,,,,,,,,,,,,,,,,,,,,,,,,,,,,,,29.58606548,33.29434365,43.68704276,57.46134805,64.64080968,67.4893665,92.55788544,102.6986953,106.3381888,122.0129512,128.6434899,131.7329891,131.0936662,138.0459775,121.6757726,,
Middle East & North Africa (IDA & IBRD countries),TMN,"Current health expenditure per capita, PPP (current international $)",SH.XPD.CHEX.PP.CD,,,,,,,,,,,,,,,,,,,,,,,,,,,,,,,,,,,,,,,,,334.6367954,373.8176676,381.128425,390.7584519,414.2965772,428.7710883,451.0145528,483.0773297,510.6399264,599.0526009,613.7926436,621.9286406,622.6412594,637.2492793,700.9037548,741.6658499,904.7033217,,
Tonga,TON,"Current health expenditure per capita, PPP (current international $)",SH.XPD.CHEX.PP.CD,,,,,,,,,,,,,,,,,,,,,,,,,,,,,,,,,,,,,,,,,110.4007756,136.697644,150.5191331,147.8030998,197.0775898,198.4223699,248.5456317,211.841092,280.0210887,188.4033365,241.6863498,200.0761024,261.034451,216.8485306,277.9722763,264.6586049,311.4281356,,
South Asia (IDA & IBRD),TSA,"Current health expenditure per capita, PPP (current international $)",SH.XPD.CHEX.PP.CD,,,,,,,,,,,,,,,,,,,,,,,,,,,,,,,,,,,,,,,,,79.03787956,85.99635323,89.1373656,89.86087718,96.88883539,104.8800997,112.2321176,120.8925175,125.3981812,132.0920926,135.6486525,139.4797974,150.5183395,178.5530802,187.5362911,201.2624776,217.3307807,,
Sub-Saharan Africa (IDA & IBRD countries),TSS,"Current health expenditure per capita, PPP (current international $)",SH.XPD.CHEX.PP.CD,,,,,,,,,,,,,,,,,,,,,,,,,,,,,,,,,,,,,,,,,101.0375316,110.8933688,104.8192485,129.4883701,143.0114353,149.9817325,161.3396336,172.6860299,177.3824363,187.8596224,167.1529321,171.4769175,174.9861809,184.7306069,188.6067815,199.8047152,197.9983145,,
Trinidad and Tobago,TTO,"Current health expenditure per capita, PPP (current international $)",SH.XPD.CHEX.PP.CD,,,,,,,,,,,,,,,,,,,,,,,,,,,,,,,,,,,,,,,,,625.6683261,631.7368739,807.0444547,829.9468735,942.5901578,1055.78643,1149.602445,1231.577879,1135.664964,1643.735557,1581.641113,1484.607269,1556.60468,1714.126024,1826.609262,2145.338746,2180.523437,,
Tunisia,TUN,"Current health expenditure per capita, PPP (current international $)",SH.XPD.CHEX.PP.CD,,,,,,,,,,,,,,,,,,,,,,,,,,,,,,,,,,,,,,,,,303.0647358,322.1109319,346.2527192,373.3066826,403.5476819,423.0491502,453.4026062,496.1216423,520.6209227,559.6045224,601.6541104,650.96285,700.0043062,750.6558889,771.7316644,802.0708307,806.3436155,,
Turkey,TUR,"Current health expenditure per capita, PPP (current international $)",SH.XPD.CHEX.PP.CD,,,,,,,,,,,,,,,,,,,,,,,,,,,,,,,,,,,,,,,,,442.8917639,454.1770439,475.9333675,485.831677,538.7986142,587.4547659,706.7664506,783.8532009,844.0768337,856.8280991,881.5021383,921.6809341,924.2220066,982.5822409,1044.636834,1028.214219,1089.245025,,
Tuvalu,TUV,"Current health expenditure per capita, PPP (current international $)",SH.XPD.CHEX.PP.CD,,,,,,,,,,,,,,,,,,,,,,,,,,,,,,,,,,,,,,,,,596.0504803,488.8543872,366.2612851,403.8227767,275.3638353,285.7115317,346.6718573,321.2353559,336.9590956,383.4894509,465.090721,454.3142881,438.202089,481.5831299,525.8547531,539.8839987,601.0271914,,
Tanzania,TZA,"Current health expenditure per capita, PPP (current international $)",SH.XPD.CHEX.PP.CD,,,,,,,,,,,,,,,,,,,,,,,,,,,,,,,,,,,,,,,,,48.29732989,60.80769087,71.34294538,86.31351663,99.87525877,99.78634054,125.8282901,122.9883226,103.4396845,96.92026018,105.4036479,114.4063865,112.1353322,111.2323973,102.2077776,97.59082965,111.9788427,,
Uganda,UGA,"Current health expenditure per capita, PPP (current international $)",SH.XPD.CHEX.PP.CD,,,,,,,,,,,,,,,,,,,,,,,,,,,,,,,,,,,,,,,,,66.04055835,74.38052935,87.04374022,88.95224407,103.1375474,131.8012617,154.546688,165.5879006,174.4466546,150.607937,167.8342009,162.4655006,134.1504744,126.0991833,121.170307,119.9585244,117.1106969,,
Ukraine,UKR,"Current health expenditure per capita, PPP (current international $)",SH.XPD.CHEX.PP.CD,,,,,,,,,,,,,,,,,,,,,,,,,,,,,,,,,,,,,,,,,210.1417072,246.0864204,278.2531177,342.1916101,373.7873671,410.428374,462.7627601,484.8153667,465.3303252,478.3848131,536.1033794,566.1138977,606.4154367,640.0024955,552.0471905,530.5142464,534.1910641,,
Upper middle income,UMC,"Current health expenditure per capita, PPP (current international $)",SH.XPD.CHEX.PP.CD,,,,,,,,,,,,,,,,,,,,,,,,,,,,,,,,,,,,,,,,,271.8548041,289.0310787,316.366971,339.0209426,366.6217259,403.0228644,444.3821203,485.7023627,538.2951813,606.3551675,644.6224201,693.4913182,751.446908,806.0296687,866.965905,922.7578475,964.4965408,,
Uruguay,URY,"Current health expenditure per capita, PPP (current international $)",SH.XPD.CHEX.PP.CD,,,,,,,,,,,,,,,,,,,,,,,,,,,,,,,,,,,,,,,,,1021.119491,1066.448224,986.9019796,1008.661603,939.8036809,973.5792874,1054.449164,1110.203494,1203.137528,1321.654094,1435.088392,1546.154953,1649.192505,1758.897433,1831.842028,1902.352379,1958.900218,,
United States,USA,"Current health expenditure per capita, PPP (current international $)",SH.XPD.CHEX.PP.CD,,,,,,,,,,,,,,,,,,,,,,,,,,,,,,,,,,,,,,,,,4559.888377,4910.552132,5328.066135,5736.8592,6099.514864,6451.471251,6819.389912,7175.472098,7420.259728,7698.896751,7957.729296,8165.461327,8438.337417,8638.820072,9053.431717,9524.35059,9869.742382,,
Uzbekistan,UZB,"Current health expenditure per capita, PPP (current international $)",SH.XPD.CHEX.PP.CD,,,,,,,,,,,,,,,,,,,,,,,,,,,,,,,,,,,,,,,,,105.4592536,115.2717854,116.7629088,123.7455898,125.4703874,135.9075945,145.5618383,161.0771469,171.8904573,197.5558282,218.0831267,241.1176013,292.1492732,315.4158402,323.8604268,373.8572391,416.9039816,,
St. Vincent and the Grenadines,VCT,"Current health expenditure per capita, PPP (current international $)",SH.XPD.CHEX.PP.CD,,,,,,,,,,,,,,,,,,,,,,,,,,,,,,,,,,,,,,,,,221.0330514,228.1472222,246.5053876,259.378589,265.9627892,276.8602317,286.6002509,309.2221711,339.0169135,357.7814875,364.0205463,352.6122561,392.6895028,399.8542254,399.0464858,390.0753485,409.1400582,,
"Venezuela, RB",VEN,"Current health expenditure per capita, PPP (current international $)",SH.XPD.CHEX.PP.CD,,,,,,,,,,,,,,,,,,,,,,,,,,,,,,,,,,,,,,,,,571.556635,639.9990961,547.3157084,521.8459146,586.0213695,644.7464702,767.7629625,939.0791674,985.2051735,1150.863014,992.2421329,1093.07252,979.5996169,947.9750138,1018.91589,939.9970109,,,
British Virgin Islands,VGB,"Current health expenditure per capita, PPP (current international $)",SH.XPD.CHEX.PP.CD,,,,,,,,,,,,,,,,,,,,,,,,,,,,,,,,,,,,,,,,,,,,,,,,,,,,,,,,,,,
Virgin Islands (U.S.),VIR,"Current health expenditure per capita, PPP (current international $)",SH.XPD.CHEX.PP.CD,,,,,,,,,,,,,,,,,,,,,,,,,,,,,,,,,,,,,,,,,,,,,,,,,,,,,,,,,,,
Vietnam,VNM,"Current health expenditure per capita, PPP (current international $)",SH.XPD.CHEX.PP.CD,,,,,,,,,,,,,,,,,,,,,,,,,,,,,,,,,,,,,,,,,98.47883457,125.0149829,106.612661,117.2566192,144.9136051,154.5459529,178.6248174,197.1901914,198.3019268,214.435768,257.7047905,272.1275656,308.2665094,329.3969174,320.7456283,334.3622215,356.2796547,,
Vanuatu,VUT,"Current health expenditure per capita, PPP (current international $)",SH.XPD.CHEX.PP.CD,,,,,,,,,,,,,,,,,,,,,,,,,,,,,,,,,,,,,,,,,73.93433528,72.55075664,81.85578232,73.8376836,77.61116088,76.79880648,84.17075234,81.39116104,86.24596171,90.81602806,97.48742134,101.9853291,111.1682585,124.2487579,105.2979485,127.7964557,116.0924795,,
World,WLD,"Current health expenditure per capita, PPP (current international $)",SH.XPD.CHEX.PP.CD,,,,,,,,,,,,,,,,,,,,,,,,,,,,,,,,,,,,,,,,,587.5281176,628.8759126,668.7951419,708.6694483,749.7385522,795.7653465,851.1478412,900.8827822,950.306334,1009.994988,1040.921381,1088.046627,1133.719915,1194.165355,1246.681446,1302.503808,1355.604848,,
Samoa,WSM,"Current health expenditure per capita, PPP (current international $)",SH.XPD.CHEX.PP.CD,,,,,,,,,,,,,,,,,,,,,,,,,,,,,,,,,,,,,,,,,145.0321263,143.1274598,178.2574171,175.6102459,200.509477,231.647487,245.9564466,263.520237,265.4481259,296.4442144,288.7481723,307.2544729,277.2774064,350.6179544,361.4852659,335.9164759,352.799723,,
Kosovo,XKX,"Current health expenditure per capita, PPP (current international $)",SH.XPD.CHEX.PP.CD,,,,,,,,,,,,,,,,,,,,,,,,,,,,,,,,,,,,,,,,,,,,,,,,,,,,,,,,,,,
"Yemen, Rep.",YEM,"Current health expenditure per capita, PPP (current international $)",SH.XPD.CHEX.PP.CD,,,,,,,,,,,,,,,,,,,,,,,,,,,,,,,,,,,,,,,,,144.0113396,157.4991708,157.8780504,193.4932748,192.4922119,192.6121303,211.611619,229.9080898,234.0053266,247.5811547,226.3988163,181.4920507,200.7340634,198.8215442,192.1279601,144.5182536,,,
South Africa,ZAF,"Current health expenditure per capita, PPP (current international $)",SH.XPD.CHEX.PP.CD,,,,,,,,,,,,,,,,,,,,,,,,,,,,,,,,,,,,,,,,,562.3325879,583.5858137,559.6968611,582.64041,608.985766,643.8379899,680.8146565,711.4559856,753.947304,804.077592,863.6908877,908.5802249,964.4370951,986.0570091,1032.940219,1079.639021,1071.347104,,
Zambia,ZMB,"Current health expenditure per capita, PPP (current international $)",SH.XPD.CHEX.PP.CD,,,,,,,,,,,,,,,,,,,,,,,,,,,,,,,,,,,,,,,,,119.2217035,114.4691338,122.5833935,137.7686202,144.637736,151.7105901,140.5380666,112.7292062,111.0717238,131.1209414,119.498941,116.3098194,140.4778059,173.6295761,146.5313382,171.3047771,175.1783521,,
Zimbabwe,ZWE,"Current health expenditure per capita, PPP (current international $)",SH.XPD.CHEX.PP.CD,,,,,,,,,,,,,,,,,,,,,,,,,,,,,,,,,,,,,,,,,,,,,,,,,,,169.6584093,133.1815127,129.2091089,129.7157456,175.2059224,185.7960257,185.0482819,,
